,trial_label,trial_path,sec,weight,saveFolder,simLabel,epsp,loc
0,grid_search_00000,/Users/romanbaravalle/Documents/2026/M1-M1_vip...,apic_0,0.0001,./grid_batch,grid_search_00000,0.04982,0.5
1,grid_search_00001,/Users/romanbaravalle/Documents/2026/M1-M1_vip...,apic_1,0.0001,./grid_batch,grid_search_00001,0.047778,0.5
2,grid_search_00002,/Users/romanbaravalle/Documents/2026/M1-M1_vip...,apic_10,0.0001,./grid_batch,grid_search_00002,0.040714,0.5
3,grid_search_00003,/Users/romanbaravalle/Documents/2026/M1-M1_vip...,apic_100,0.0001,./grid_batch,grid_search_00003,0.007792,0.5
4,grid_search_00004,/Users/romanbaravalle/Documents/2026/M1-M1_vip...,apic_101,0.0001,./grid_batch,grid_search_00004,0.007501,0.5
5,grid_search_00005,/Users/romanbaravalle/Documents/2026/M1-M1_vip...,apic_102,0.0001,./grid_batch,grid_search_00005,0.007501,0.5
6,grid_search_00006,/Users/romanbaravalle/Documents/2026/M1-M1_vip...,apic_103,0.0001,./grid_batch,grid_search_00006,0.00923,0.5
7,grid_search_00007,/Users/romanbaravalle/Documents/2026/M1-M1_vip...,apic_104,0.0001,./grid_batch,grid_search_00007,0.009464,0.5
8,grid_search_00008,/Users/romanbaravalle/Documents/2026/M1-M1_vip...,apic_105,0.0001,./grid_batch,grid_search_00008,0.009328,0.5
9,grid_search_00009,/Users/romanbaravalle/Documents/2026/M1-M1_vip...,apic_106,0.0001,./grid_batch,grid_search_00009,0.009084,0.5
10,grid_search_00010,/Users/romanbaravalle/Documents/2026/M1-M1_vip...,apic_107,0.0001,./grid_batch,grid_search_00010,0.007182,0.5
11,grid_search_00011,/Users/romanbaravalle/Documents/2026/M1-M1_vip...,apic_108,0.0001,./grid_batch,grid_search_00011,0.005353,0.5
12,grid_search_00012,/Users/romanbaravalle/Documents/2026/M1-M1_vip...,apic_109,0.0001,./grid_batch,grid_search_00012,0.005258,0.5
13,grid_search_00013,/Users/romanbaravalle/Documents/2026/M1-M1_vip...,apic_11,0.0001,./grid_batch,grid_search_00013,0.040726,0.5
14,grid_search_00014,/Users/romanbaravalle/Documents/2026/M1-M1_vip...,apic_110,0.0001,./grid_batch,grid_search_00014,0.005258,0.5
15,grid_search_00015,/Users/romanbaravalle/Documents/2026/M1-M1_vip...,apic_111,0.0001,./grid_batch,grid_search_00015,0.005406,0.5
16,grid_search_00016,/Users/romanbaravalle/Documents/2026/M1-M1_vip...,apic_112,0.0001,./grid_batch,grid_search_00016,0.009353,0.5
17,grid_search_00017,/Users/romanbaravalle/Documents/2026/M1-M1_vip...,apic_113,0.0001,./grid_batch,grid_search_00017,0.040587,0.5
18,grid_search_00018,/Users/romanbaravalle/Documents/2026/M1-M1_vip...,apic_114,0.0001,./grid_batch,grid_search_00018,0.047945,0.5
19,grid_search_00019,/Users/romanbaravalle/Documents/2026/M1-M1_vip...,apic_115,0.0001,./grid_batch,grid_search_00019,0.047131,0.5
20,grid_search_00020,/Users/romanbaravalle/Documents/2026/M1-M1_vip...,apic_116,0.0001,./grid_batch,grid_search_00020,0.04699,0.5
21,grid_search_00021,/Users/romanbaravalle/Documents/2026/M1-M1_vip...,apic_117,0.0001,./grid_batch,grid_search_00021,0.046723,0.5
22,grid_search_00022,/Users/romanbaravalle/Documents/2026/M1-M1_vip...,apic_118,0.0001,./grid_batch,grid_search_00022,0.045441,0.5
23,grid_search_00023,/Users/romanbaravalle/Documents/2026/M1-M1_vip...,apic_119,0.0001,./grid_batch,grid_search_00023,0.045144,0.5
24,grid_search_00024,/Users/romanbaravalle/Documents/2026/M1-M1_vip...,apic_12,0.0001,./grid_batch,grid_search_00024,0.041794,0.5
25,grid_search_00025,/Users/romanbaravalle/Documents/2026/M1-M1_vip...,apic_120,0.0001,./grid_batch,grid_search_00025,0.045718,0.5
26,grid_search_00026,/Users/romanbaravalle/Documents/2026/M1-M1_vip...,apic_121,0.0001,./grid_batch,grid_search_00026,0.046071,0.5
27,grid_search_00027,/Users/romanbaravalle/Documents/2026/M1-M1_vip...,apic_122,0.0001,./grid_batch,grid_search_00027,0.0469,0.5
28,grid_search_00028,/Users/romanbaravalle/Documents/2026/M1-M1_vip...,apic_13,0.0001,./grid_batch,grid_search_00028,0.041014,0.5
29,grid_search_00029,/Users/romanbaravalle/Documents/2026/M1-M1_vip...,apic_14,0.0001,./grid_batch,grid_search_00029,0.041147,0.5
30,grid_search_00030,/Users/romanbaravalle/Documents/2026/M1-M1_vip...,apic_15,0.0001,./grid_batch,grid_search_00030,0.040495,0.5
31,grid_search_00031,/Users/romanbaravalle/Documents/2026/M1-M1_vip...,apic_16,0.0001,./grid_batch,grid_search_00031,0.040961,0.5
32,grid_search_00032,/Users/romanbaravalle/Documents/2026/M1-M1_vip...,apic_17,0.0001,./grid_batch,grid_search_00032,0.042154,0.5
33,grid_search_00033,/Users/romanbaravalle/Documents/2026/M1-M1_vip...,apic_18,0.0001,./grid_batch,grid_search_00033,0.03893,0.5
34,grid_search_00034,/Users/romanbaravalle/Documents/2026/M1-M1_vip...,apic_19,0.0001,./grid_batch,grid_search_00034,0.036825,0.5
35,grid_search_00035,/Users/romanbaravalle/Documents/2026/M1-M1_vip...,apic_2,0.0001,./grid_batch,grid_search_00035,0.044906,0.5
36,grid_search_00036,/Users/romanbaravalle/Documents/2026/M1-M1_vip...,apic_20,0.0001,./grid_batch,grid_search_00036,0.036581,0.5
37,grid_search_00037,/Users/romanbaravalle/Documents/2026/M1-M1_vip...,apic_21,0.0001,./grid_batch,grid_search_00037,0.036111,0.5
38,grid_search_00038,/Users/romanbaravalle/Documents/2026/M1-M1_vip...,apic_22,0.0001,./grid_batch,grid_search_00038,0.034381,0.5
39,grid_search_00039,/Users/romanbaravalle/Documents/2026/M1-M1_vip...,apic_23,0.0001,./grid_batch,grid_search_00039,0.035002,0.5
40,grid_search_00040,/Users/romanbaravalle/Documents/2026/M1-M1_vip...,apic_24,0.0001,./grid_batch,grid_search_00040,0.036378,0.5
41,grid_search_00041,/Users/romanbaravalle/Documents/2026/M1-M1_vip...,apic_25,0.0001,./grid_batch,grid_search_00041,0.035566,0.5
42,grid_search_00042,/Users/romanbaravalle/Documents/2026/M1-M1_vip...,apic_26,0.0001,./grid_batch,grid_search_00042,0.035315,0.5
43,grid_search_00043,/Users/romanbaravalle/Documents/2026/M1-M1_vip...,apic_27,0.0001,./grid_batch,grid_search_00043,0.036386,0.5
44,grid_search_00044,/Users/romanbaravalle/Documents/2026/M1-M1_vip...,apic_28,0.0001,./grid_batch,grid_search_00044,0.035595,0.5
45,grid_search_00045,/Users/romanbaravalle/Documents/2026/M1-M1_vip...,apic_29,0.0001,./grid_batch,grid_search_00045,0.035612,0.5
46,grid_search_00046,/Users/romanbaravalle/Documents/2026/M1-M1_vip...,apic_3,0.0001,./grid_batch,grid_search_00046,0.045777,0.5
47,grid_search_00047,/Users/romanbaravalle/Documents/2026/M1-M1_vip...,apic_30,0.0001,./grid_batch,grid_search_00047,0.035936,0.5
48,grid_search_00048,/Users/romanbaravalle/Documents/2026/M1-M1_vip...,apic_31,0.0001,./grid_batch,grid_search_00048,0.034562,0.5
49,grid_search_00049,/Users/romanbaravalle/Documents/2026/M1-M1_vip...,apic_32,0.0001,./grid_batch,grid_search_00049,0.033944,0.5
50,grid_search_00050,/Users/romanbaravalle/Documents/2026/M1-M1_vip...,apic_33,0.0001,./grid_batch,grid_search_00050,0.033659,0.5
51,grid_search_00051,/Users/romanbaravalle/Documents/2026/M1-M1_vip...,apic_34,0.0001,./grid_batch,grid_search_00051,0.033537,0.5
52,grid_search_00052,/Users/romanbaravalle/Documents/2026/M1-M1_vip...,apic_35,0.0001,./grid_batch,grid_search_00052,0.031523,0.5
53,grid_search_00053,/Users/romanbaravalle/Documents/2026/M1-M1_vip...,apic_36,0.0001,./grid_batch,grid_search_00053,0.031457,0.5
54,grid_search_00054,/Users/romanbaravalle/Documents/2026/M1-M1_vip...,apic_37,0.0001,./grid_batch,grid_search_00054,0.029423,0.5
55,grid_search_00055,/Users/romanbaravalle/Documents/2026/M1-M1_vip...,apic_38,0.0001,./grid_batch,grid_search_00055,0.030143,0.5
56,grid_search_00056,/Users/romanbaravalle/Documents/2026/M1-M1_vip...,apic_39,0.0001,./grid_batch,grid_search_00056,0.029169,0.5
57,grid_search_00057,/Users/romanbaravalle/Documents/2026/M1-M1_vip...,apic_4,0.0001,./grid_batch,grid_search_00057,0.042841,0.5
58,grid_search_00058,/Users/romanbaravalle/Documents/2026/M1-M1_vip...,apic_40,0.0001,./grid_batch,grid_search_00058,0.02966,0.5
59,grid_search_00059,/Users/romanbaravalle/Documents/2026/M1-M1_vip...,apic_41,0.0001,./grid_batch,grid_search_00059,0.029225,0.5
60,grid_search_00060,/Users/romanbaravalle/Documents/2026/M1-M1_vip...,apic_42,0.0001,./grid_batch,grid_search_00060,0.028944,0.5
61,grid_search_00061,/Users/romanbaravalle/Documents/2026/M1-M1_vip...,apic_43,0.0001,./grid_batch,grid_search_00061,0.027635,0.5
62,grid_search_00062,/Users/romanbaravalle/Documents/2026/M1-M1_vip...,apic_44,0.0001,./grid_batch,grid_search_00062,0.026773,0.5
63,grid_search_00063,/Users/romanbaravalle/Documents/2026/M1-M1_vip...,apic_45,0.0001,./grid_batch,grid_search_00063,0.026773,0.5
64,grid_search_00064,/Users/romanbaravalle/Documents/2026/M1-M1_vip...,apic_46,0.0001,./grid_batch,grid_search_00064,0.027227,0.5
65,grid_search_00065,/Users/romanbaravalle/Documents/2026/M1-M1_vip...,apic_47,0.0001,./grid_batch,grid_search_00065,0.028214,0.5
66,grid_search_00066,/Users/romanbaravalle/Documents/2026/M1-M1_vip...,apic_48,0.0001,./grid_batch,grid_search_00066,0.025734,0.5
67,grid_search_00067,/Users/romanbaravalle/Documents/2026/M1-M1_vip...,apic_49,0.0001,./grid_batch,grid_search_00067,0.023759,0.5
68,grid_search_00068,/Users/romanbaravalle/Documents/2026/M1-M1_vip...,apic_5,0.0001,./grid_batch,grid_search_00068,0.044098,0.5
69,grid_search_00069,/Users/romanbaravalle/Documents/2026/M1-M1_vip...,apic_50,0.0001,./grid_batch,grid_search_00069,0.023759,0.5
70,grid_search_00070,/Users/romanbaravalle/Documents/2026/M1-M1_vip...,apic_51,0.0001,./grid_batch,grid_search_00070,0.02525,0.5
71,grid_search_00071,/Users/romanbaravalle/Documents/2026/M1-M1_vip...,apic_52,0.0001,./grid_batch,grid_search_00071,0.028955,0.5
72,grid_search_00072,/Users/romanbaravalle/Documents/2026/M1-M1_vip...,apic_53,0.0001,./grid_batch,grid_search_00072,0.028158,0.5
73,grid_search_00073,/Users/romanbaravalle/Documents/2026/M1-M1_vip...,apic_54,0.0001,./grid_batch,grid_search_00073,0.027621,0.5
74,grid_search_00074,/Users/romanbaravalle/Documents/2026/M1-M1_vip...,apic_55,0.0001,./grid_batch,grid_search_00074,0.026316,0.5
75,grid_search_00075,/Users/romanbaravalle/Documents/2026/M1-M1_vip...,apic_56,0.0001,./grid_batch,grid_search_00075,0.025808,0.5
76,grid_search_00076,/Users/romanbaravalle/Documents/2026/M1-M1_vip...,apic_57,0.0001,./grid_batch,grid_search_00076,0.025004,0.5
77,grid_search_00077,/Users/romanbaravalle/Documents/2026/M1-M1_vip...,apic_58,0.0001,./grid_batch,grid_search_00077,0.0251,0.5
78,grid_search_00078,/Users/romanbaravalle/Documents/2026/M1-M1_vip...,apic_59,0.0001,./grid_batch,grid_search_00078,0.025658,0.5
79,grid_search_00079,/Users/romanbaravalle/Documents/2026/M1-M1_vip...,apic_6,0.0001,./grid_batch,grid_search_00079,0.042969,0.5
80,grid_search_00080,/Users/romanbaravalle/Documents/2026/M1-M1_vip...,apic_60,0.0001,./grid_batch,grid_search_00080,0.024955,0.5
81,grid_search_00081,/Users/romanbaravalle/Documents/2026/M1-M1_vip...,apic_61,0.0001,./grid_batch,grid_search_00081,0.02513,0.5
82,grid_search_00082,/Users/romanbaravalle/Documents/2026/M1-M1_vip...,apic_62,0.0001,./grid_batch,grid_search_00082,0.024851,0.5
83,grid_search_00083,/Users/romanbaravalle/Documents/2026/M1-M1_vip...,apic_63,0.0001,./grid_batch,grid_search_00083,0.024851,0.5
84,grid_search_00084,/Users/romanbaravalle/Documents/2026/M1-M1_vip...,apic_64,0.0001,./grid_batch,grid_search_00084,0.026034,0.5
85,grid_search_00085,/Users/romanbaravalle/Documents/2026/M1-M1_vip...,apic_65,0.0001,./grid_batch,grid_search_00085,0.024907,0.5
86,grid_search_00086,/Users/romanbaravalle/Documents/2026/M1-M1_vip...,apic_66,0.0001,./grid_batch,grid_search_00086,0.018575,0.5
87,grid_search_00087,/Users/romanbaravalle/Documents/2026/M1-M1_vip...,apic_67,0.0001,./grid_batch,grid_search_00087,0.012589,0.5
88,grid_search_00088,/Users/romanbaravalle/Documents/2026/M1-M1_vip...,apic_68,0.0001,./grid_batch,grid_search_00088,0.00972,0.5
89,grid_search_00089,/Users/romanbaravalle/Documents/2026/M1-M1_vip...,apic_69,0.0001,./grid_batch,grid_search_00089,0.011951,0.5
90,grid_search_00090,/Users/romanbaravalle/Documents/2026/M1-M1_vip...,apic_7,0.0001,./grid_batch,grid_search_00090,0.042126,0.5
91,grid_search_00091,/Users/romanbaravalle/Documents/2026/M1-M1_vip...,apic_70,0.0001,./grid_batch,grid_search_00091,0.011248,0.5
92,grid_search_00092,/Users/romanbaravalle/Documents/2026/M1-M1_vip...,apic_71,0.0001,./grid_batch,grid_search_00092,0.00969,0.5
93,grid_search_00093,/Users/romanbaravalle/Documents/2026/M1-M1_vip...,apic_72,0.0001,./grid_batch,grid_search_00093,0.008816,0.5
94,grid_search_00094,/Users/romanbaravalle/Documents/2026/M1-M1_vip...,apic_73,0.0001,./grid_batch,grid_search_00094,0.007921,0.5
95,grid_search_00095,/Users/romanbaravalle/Documents/2026/M1-M1_vip...,apic_74,0.0001,./grid_batch,grid_search_00095,0.008322,0.5
96,grid_search_00096,/Users/romanbaravalle/Documents/2026/M1-M1_vip...,apic_75,0.0001,./grid_batch,grid_search_00096,0.008668,0.5
97,grid_search_00097,/Users/romanbaravalle/Documents/2026/M1-M1_vip...,apic_76,0.0001,./grid_batch,grid_search_00097,0.008554,0.5
98,grid_search_00098,/Users/romanbaravalle/Documents/2026/M1-M1_vip...,apic_77,0.0001,./grid_batch,grid_search_00098,0.011369,0.5
99,grid_search_00099,/Users/romanbaravalle/Documents/2026/M1-M1_vip...,apic_78,0.0001,./grid_batch,grid_search_00099,0.009188,0.5
100,grid_search_00100,/Users/romanbaravalle/Documents/2026/M1-M1_vip...,apic_79,0.0001,./grid_batch,grid_search_00100,0.005941,0.5
101,grid_search_00101,/Users/romanbaravalle/Documents/2026/M1-M1_vip...,apic_8,0.0001,./grid_batch,grid_search_00101,0.041441,0.5
102,grid_search_00102,/Users/romanbaravalle/Documents/2026/M1-M1_vip...,apic_80,0.0001,./grid_batch,grid_search_00102,0.007171,0.5
103,grid_search_00103,/Users/romanbaravalle/Documents/2026/M1-M1_vip...,apic_81,0.0001,./grid_batch,grid_search_00103,0.006346,0.5
104,grid_search_00104,/Users/romanbaravalle/Documents/2026/M1-M1_vip...,apic_82,0.0001,./grid_batch,grid_search_00104,0.005673,0.5
105,grid_search_00105,/Users/romanbaravalle/Documents/2026/M1-M1_vip...,apic_83,0.0001,./grid_batch,grid_search_00105,0.00971,0.5
106,grid_search_00106,/Users/romanbaravalle/Documents/2026/M1-M1_vip...,apic_84,0.0001,./grid_batch,grid_search_00106,0.007711,0.5
107,grid_search_00107,/Users/romanbaravalle/Documents/2026/M1-M1_vip...,apic_85,0.0001,./grid_batch,grid_search_00107,0.007147,0.5
108,grid_search_00108,/Users/romanbaravalle/Documents/2026/M1-M1_vip...,apic_86,0.0001,./grid_batch,grid_search_00108,0.00597,0.5
109,grid_search_00109,/Users/romanbaravalle/Documents/2026/M1-M1_vip...,apic_87,0.0001,./grid_batch,grid_search_00109,0.005318,0.5
110,grid_search_00110,/Users/romanbaravalle/Documents/2026/M1-M1_vip...,apic_88,0.0001,./grid_batch,grid_search_00110,0.004893,0.5
111,grid_search_00111,/Users/romanbaravalle/Documents/2026/M1-M1_vip...,apic_89,0.0001,./grid_batch,grid_search_00111,0.004877,0.5
112,grid_search_00112,/Users/romanbaravalle/Documents/2026/M1-M1_vip...,apic_9,0.0001,./grid_batch,grid_search_00112,0.04026,0.5
113,grid_search_00113,/Users/romanbaravalle/Documents/2026/M1-M1_vip...,apic_90,0.0001,./grid_batch,grid_search_00113,0.004881,0.5
114,grid_search_00114,/Users/romanbaravalle/Documents/2026/M1-M1_vip...,apic_91,0.0001,./grid_batch,grid_search_00114,0.004858,0.5
115,grid_search_00115,/Users/romanbaravalle/Documents/2026/M1-M1_vip...,apic_92,0.0001,./grid_batch,grid_search_00115,0.00572,0.5
116,grid_search_00116,/Users/romanbaravalle/Documents/2026/M1-M1_vip...,apic_93,0.0001,./grid_batch,grid_search_00116,0.004768,0.5
117,grid_search_00117,/Users/romanbaravalle/Documents/2026/M1-M1_vip...,apic_94,0.0001,./grid_batch,grid_search_00117,0.004699,0.5
118,grid_search_00118,/Users/romanbaravalle/Documents/2026/M1-M1_vip...,apic_95,0.0001,./grid_batch,grid_search_00118,0.006475,0.5
119,grid_search_00119,/Users/romanbaravalle/Documents/2026/M1-M1_vip...,apic_96,0.0001,./grid_batch,grid_search_00119,0.006189,0.5
120,grid_search_00120,/Users/romanbaravalle/Documents/2026/M1-M1_vip...,apic_97,0.0001,./grid_batch,grid_search_00120,0.006205,0.5
121,grid_search_00121,/Users/romanbaravalle/Documents/2026/M1-M1_vip...,apic_98,0.0001,./grid_batch,grid_search_00121,0.010952,0.5
122,grid_search_00122,/Users/romanbaravalle/Documents/2026/M1-M1_vip...,apic_99,0.0001,./grid_batch,grid_search_00122,0.009357,0.5
123,grid_search_00123,/Users/romanbaravalle/Documents/2026/M1-M1_vip...,dend_0,0.0001,./grid_batch,grid_search_00123,0.050132,0.5
124,grid_search_00124,/Users/romanbaravalle/Documents/2026/M1-M1_vip...,dend_1,0.0001,./grid_batch,grid_search_00124,0.049755,0.5
125,grid_search_00125,/Users/romanbaravalle/Documents/2026/M1-M1_vip...,dend_10,0.0001,./grid_batch,grid_search_00125,0.050333,0.5
126,grid_search_00126,/Users/romanbaravalle/Documents/2026/M1-M1_vip...,dend_100,0.0001,./grid_batch,grid_search_00126,0.049197,0.5
127,grid_search_00127,/Users/romanbaravalle/Documents/2026/M1-M1_vip...,dend_101,0.0001,./grid_batch,grid_search_00127,0.048626,0.5
128,grid_search_00128,/Users/romanbaravalle/Documents/2026/M1-M1_vip...,dend_102,0.0001,./grid_batch,grid_search_00128,0.047974,0.5
129,grid_search_00129,/Users/romanbaravalle/Documents/2026/M1-M1_vip...,dend_103,0.0001,./grid_batch,grid_search_00129,0.048427,0.5
130,grid_search_00130,/Users/romanbaravalle/Documents/2026/M1-M1_vip...,dend_104,0.0001,./grid_batch,grid_search_00130,0.048933,0.5
131,grid_search_00131,/Users/romanbaravalle/Documents/2026/M1-M1_vip...,dend_105,0.0001,./grid_batch,grid_search_00131,0.046833,0.5
132,grid_search_00132,/Users/romanbaravalle/Documents/2026/M1-M1_vip...,dend_106,0.0001,./grid_batch,grid_search_00132,0.046725,0.5
133,grid_search_00133,/Users/romanbaravalle/Documents/2026/M1-M1_vip...,dend_107,0.0001,./grid_batch,grid_search_00133,0.04637,0.5
134,grid_search_00134,/Users/romanbaravalle/Documents/2026/M1-M1_vip...,dend_108,0.0001,./grid_batch,grid_search_00134,0.048873,0.5
135,grid_search_00135,/Users/romanbaravalle/Documents/2026/M1-M1_vip...,dend_109,0.0001,./grid_batch,grid_search_00135,0.047605,0.5
136,grid_search_00136,/Users/romanbaravalle/Documents/2026/M1-M1_vip...,dend_11,0.0001,./grid_batch,grid_search_00136,0.049606,0.5
137,grid_search_00137,/Users/romanbaravalle/Documents/2026/M1-M1_vip...,dend_110,0.0001,./grid_batch,grid_search_00137,0.048606,0.5
138,grid_search_00138,/Users/romanbaravalle/Documents/2026/M1-M1_vip...,dend_111,0.0001,./grid_batch,grid_search_00138,0.045572,0.5
139,grid_search_00139,/Users/romanbaravalle/Documents/2026/M1-M1_vip...,dend_112,0.0001,./grid_batch,grid_search_00139,0.045595,0.5
140,grid_search_00140,/Users/romanbaravalle/Documents/2026/M1-M1_vip...,dend_12,0.0001,./grid_batch,grid_search_00140,0.050083,0.5
141,grid_search_00141,/Users/romanbaravalle/Documents/2026/M1-M1_vip...,dend_13,0.0001,./grid_batch,grid_search_00141,0.049904,0.5
142,grid_search_00142,/Users/romanbaravalle/Documents/2026/M1-M1_vip...,dend_14,0.0001,./grid_batch,grid_search_00142,0.048676,0.5
143,grid_search_00143,/Users/romanbaravalle/Documents/2026/M1-M1_vip...,dend_15,0.0001,./grid_batch,grid_search_00143,0.049583,0.5
144,grid_search_00144,/Users/romanbaravalle/Documents/2026/M1-M1_vip...,dend_16,0.0001,./grid_batch,grid_search_00144,0.049255,0.5
145,grid_search_00145,/Users/romanbaravalle/Documents/2026/M1-M1_vip...,dend_17,0.0001,./grid_batch,grid_search_00145,0.050295,0.5
146,grid_search_00146,/Users/romanbaravalle/Documents/2026/M1-M1_vip...,dend_18,0.0001,./grid_batch,grid_search_00146,0.049219,0.5
147,grid_search_00147,/Users/romanbaravalle/Documents/2026/M1-M1_vip...,dend_19,0.0001,./grid_batch,grid_search_00147,0.048433,0.5
148,grid_search_00148,/Users/romanbaravalle/Documents/2026/M1-M1_vip...,dend_2,0.0001,./grid_batch,grid_search_00148,0.04969,0.5
149,grid_search_00149,/Users/romanbaravalle/Documents/2026/M1-M1_vip...,dend_20,0.0001,./grid_batch,grid_search_00149,0.048045,0.5
150,grid_search_00150,/Users/romanbaravalle/Documents/2026/M1-M1_vip...,dend_21,0.0001,./grid_batch,grid_search_00150,0.047579,0.5
151,grid_search_00151,/Users/romanbaravalle/Documents/2026/M1-M1_vip...,dend_22,0.0001,./grid_batch,grid_search_00151,0.047605,0.5
152,grid_search_00152,/Users/romanbaravalle/Documents/2026/M1-M1_vip...,dend_23,0.0001,./grid_batch,grid_search_00152,0.048117,0.5
153,grid_search_00153,/Users/romanbaravalle/Documents/2026/M1-M1_vip...,dend_24,0.0001,./grid_batch,grid_search_00153,0.047854,0.5
154,grid_search_00154,/Users/romanbaravalle/Documents/2026/M1-M1_vip...,dend_25,0.0001,./grid_batch,grid_search_00154,0.047641,0.5
155,grid_search_00155,/Users/romanbaravalle/Documents/2026/M1-M1_vip...,dend_26,0.0001,./grid_batch,grid_search_00155,0.048547,0.5
156,grid_search_00156,/Users/romanbaravalle/Documents/2026/M1-M1_vip...,dend_27,0.0001,./grid_batch,grid_search_00156,0.048021,0.5
157,grid_search_00157,/Users/romanbaravalle/Documents/2026/M1-M1_vip...,dend_28,0.0001,./grid_batch,grid_search_00157,0.048323,0.5
158,grid_search_00158,/Users/romanbaravalle/Documents/2026/M1-M1_vip...,dend_29,0.0001,./grid_batch,grid_search_00158,0.049834,0.5
159,grid_search_00159,/Users/romanbaravalle/Documents/2026/M1-M1_vip...,dend_3,0.0001,./grid_batch,grid_search_00159,0.050493,0.5
160,grid_search_00160,/Users/romanbaravalle/Documents/2026/M1-M1_vip...,dend_30,0.0001,./grid_batch,grid_search_00160,0.049457,0.5
161,grid_search_00161,/Users/romanbaravalle/Documents/2026/M1-M1_vip...,dend_31,0.0001,./grid_batch,grid_search_00161,0.048691,0.5
162,grid_search_00162,/Users/romanbaravalle/Documents/2026/M1-M1_vip...,dend_32,0.0001,./grid_batch,grid_search_00162,0.048633,0.5
163,grid_search_00163,/Users/romanbaravalle/Documents/2026/M1-M1_vip...,dend_33,0.0001,./grid_batch,grid_search_00163,0.046618,0.5
164,grid_search_00164,/Users/romanbaravalle/Documents/2026/M1-M1_vip...,dend_34,0.0001,./grid_batch,grid_search_00164,0.045907,0.5
165,grid_search_00165,/Users/romanbaravalle/Documents/2026/M1-M1_vip...,dend_35,0.0001,./grid_batch,grid_search_00165,0.045728,0.5
166,grid_search_00166,/Users/romanbaravalle/Documents/2026/M1-M1_vip...,dend_36,0.0001,./grid_batch,grid_search_00166,0.045282,0.5
167,grid_search_00167,/Users/romanbaravalle/Documents/2026/M1-M1_vip...,dend_37,0.0001,./grid_batch,grid_search_00167,0.045054,0.5
168,grid_search_00168,/Users/romanbaravalle/Documents/2026/M1-M1_vip...,dend_38,0.0001,./grid_batch,grid_search_00168,0.045684,0.5
169,grid_search_00169,/Users/romanbaravalle/Documents/2026/M1-M1_vip...,dend_39,0.0001,./grid_batch,grid_search_00169,0.045157,0.5
170,grid_search_00170,/Users/romanbaravalle/Documents/2026/M1-M1_vip...,dend_4,0.0001,./grid_batch,grid_search_00170,0.050369,0.5
171,grid_search_00171,/Users/romanbaravalle/Documents/2026/M1-M1_vip...,dend_40,0.0001,./grid_batch,grid_search_00171,0.044806,0.5
172,grid_search_00172,/Users/romanbaravalle/Documents/2026/M1-M1_vip...,dend_41,0.0001,./grid_batch,grid_search_00172,0.043987,0.5
173,grid_search_00173,/Users/romanbaravalle/Documents/2026/M1-M1_vip...,dend_42,0.0001,./grid_batch,grid_search_00173,0.044689,0.5
174,grid_search_00174,/Users/romanbaravalle/Documents/2026/M1-M1_vip...,dend_43,0.0001,./grid_batch,grid_search_00174,0.044212,0.5
175,grid_search_00175,/Users/romanbaravalle/Documents/2026/M1-M1_vip...,dend_44,0.0001,./grid_batch,grid_search_00175,0.044416,0.5
176,grid_search_00176,/Users/romanbaravalle/Documents/2026/M1-M1_vip...,dend_45,0.0001,./grid_batch,grid_search_00176,0.044503,0.5
177,grid_search_00177,/Users/romanbaravalle/Documents/2026/M1-M1_vip...,dend_46,0.0001,./grid_batch,grid_search_00177,0.045298,0.5
178,grid_search_00178,/Users/romanbaravalle/Documents/2026/M1-M1_vip...,dend_47,0.0001,./grid_batch,grid_search_00178,0.044553,0.5
179,grid_search_00179,/Users/romanbaravalle/Documents/2026/M1-M1_vip...,dend_48,0.0001,./grid_batch,grid_search_00179,0.044922,0.5
180,grid_search_00180,/Users/romanbaravalle/Documents/2026/M1-M1_vip...,dend_49,0.0001,./grid_batch,grid_search_00180,0.044262,0.5
181,grid_search_00181,/Users/romanbaravalle/Documents/2026/M1-M1_vip...,dend_5,0.0001,./grid_batch,grid_search_00181,0.043917,0.5
182,grid_search_00182,/Users/romanbaravalle/Documents/2026/M1-M1_vip...,dend_50,0.0001,./grid_batch,grid_search_00182,0.044311,0.5
183,grid_search_00183,/Users/romanbaravalle/Documents/2026/M1-M1_vip...,dend_51,0.0001,./grid_batch,grid_search_00183,0.045937,0.5
184,grid_search_00184,/Users/romanbaravalle/Documents/2026/M1-M1_vip...,dend_52,0.0001,./grid_batch,grid_search_00184,0.045722,0.5
185,grid_search_00185,/Users/romanbaravalle/Documents/2026/M1-M1_vip...,dend_53,0.0001,./grid_batch,grid_search_00185,0.044807,0.5
186,grid_search_00186,/Users/romanbaravalle/Documents/2026/M1-M1_vip...,dend_54,0.0001,./grid_batch,grid_search_00186,0.045224,0.5
187,grid_search_00187,/Users/romanbaravalle/Documents/2026/M1-M1_vip...,dend_55,0.0001,./grid_batch,grid_search_00187,0.044979,0.5
188,grid_search_00188,/Users/romanbaravalle/Documents/2026/M1-M1_vip...,dend_56,0.0001,./grid_batch,grid_search_00188,0.046612,0.5
189,grid_search_00189,/Users/romanbaravalle/Documents/2026/M1-M1_vip...,dend_57,0.0001,./grid_batch,grid_search_00189,0.050529,0.5
190,grid_search_00190,/Users/romanbaravalle/Documents/2026/M1-M1_vip...,dend_58,0.0001,./grid_batch,grid_search_00190,0.050251,0.5
191,grid_search_00191,/Users/romanbaravalle/Documents/2026/M1-M1_vip...,dend_59,0.0001,./grid_batch,grid_search_00191,0.050071,0.5
192,grid_search_00192,/Users/romanbaravalle/Documents/2026/M1-M1_vip...,dend_6,0.0001,./grid_batch,grid_search_00192,0.039975,0.5
193,grid_search_00193,/Users/romanbaravalle/Documents/2026/M1-M1_vip...,dend_60,0.0001,./grid_batch,grid_search_00193,0.050417,0.5
194,grid_search_00194,/Users/romanbaravalle/Documents/2026/M1-M1_vip...,dend_61,0.0001,./grid_batch,grid_search_00194,0.050139,0.5
195,grid_search_00195,/Users/romanbaravalle/Documents/2026/M1-M1_vip...,dend_62,0.0001,./grid_batch,grid_search_00195,0.05014,0.5
196,grid_search_00196,/Users/romanbaravalle/Documents/2026/M1-M1_vip...,dend_63,0.0001,./grid_batch,grid_search_00196,0.050391,0.5
197,grid_search_00197,/Users/romanbaravalle/Documents/2026/M1-M1_vip...,dend_64,0.0001,./grid_batch,grid_search_00197,0.050203,0.5
198,grid_search_00198,/Users/romanbaravalle/Documents/2026/M1-M1_vip...,dend_65,0.0001,./grid_batch,grid_search_00198,0.04997,0.5
199,grid_search_00199,/Users/romanbaravalle/Documents/2026/M1-M1_vip...,dend_66,0.0001,./grid_batch,grid_search_00199,0.050029,0.5
200,grid_search_00200,/Users/romanbaravalle/Documents/2026/M1-M1_vip...,dend_67,0.0001,./grid_batch,grid_search_00200,0.049855,0.5
201,grid_search_00201,/Users/romanbaravalle/Documents/2026/M1-M1_vip...,dend_68,0.0001,./grid_batch,grid_search_00201,0.050166,0.5
202,grid_search_00202,/Users/romanbaravalle/Documents/2026/M1-M1_vip...,dend_69,0.0001,./grid_batch,grid_search_00202,0.049532,0.5
203,grid_search_00203,/Users/romanbaravalle/Documents/2026/M1-M1_vip...,dend_7,0.0001,./grid_batch,grid_search_00203,0.050332,0.5
204,grid_search_00204,/Users/romanbaravalle/Documents/2026/M1-M1_vip...,dend_70,0.0001,./grid_batch,grid_search_00204,0.049057,0.5
205,grid_search_00205,/Users/romanbaravalle/Documents/2026/M1-M1_vip...,dend_71,0.0001,./grid_batch,grid_search_00205,0.042947,0.5
206,grid_search_00206,/Users/romanbaravalle/Documents/2026/M1-M1_vip...,dend_72,0.0001,./grid_batch,grid_search_00206,0.047939,0.5
207,grid_search_00207,/Users/romanbaravalle/Documents/2026/M1-M1_vip...,dend_73,0.0001,./grid_batch,grid_search_00207,0.050245,0.5
208,grid_search_00208,/Users/romanbaravalle/Documents/2026/M1-M1_vip...,dend_74,0.0001,./grid_batch,grid_search_00208,0.049507,0.5
209,grid_search_00209,/Users/romanbaravalle/Documents/2026/M1-M1_vip...,dend_75,0.0001,./grid_batch,grid_search_00209,0.04899,0.5
210,grid_search_00210,/Users/romanbaravalle/Documents/2026/M1-M1_vip...,dend_76,0.0001,./grid_batch,grid_search_00210,0.048401,0.5
211,grid_search_00211,/Users/romanbaravalle/Documents/2026/M1-M1_vip...,dend_77,0.0001,./grid_batch,grid_search_00211,0.048794,0.5
212,grid_search_00212,/Users/romanbaravalle/Documents/2026/M1-M1_vip...,dend_78,0.0001,./grid_batch,grid_search_00212,0.048419,0.5
213,grid_search_00213,/Users/romanbaravalle/Documents/2026/M1-M1_vip...,dend_79,0.0001,./grid_batch,grid_search_00213,0.048747,0.5
214,grid_search_00214,/Users/romanbaravalle/Documents/2026/M1-M1_vip...,dend_8,0.0001,./grid_batch,grid_search_00214,0.049888,0.5
215,grid_search_00215,/Users/romanbaravalle/Documents/2026/M1-M1_vip...,dend_80,0.0001,./grid_batch,grid_search_00215,0.049088,0.5
216,grid_search_00216,/Users/romanbaravalle/Documents/2026/M1-M1_vip...,dend_81,0.0001,./grid_batch,grid_search_00216,0.048182,0.5
217,grid_search_00217,/Users/romanbaravalle/Documents/2026/M1-M1_vip...,dend_82,0.0001,./grid_batch,grid_search_00217,0.048515,0.5
218,grid_search_00218,/Users/romanbaravalle/Documents/2026/M1-M1_vip...,dend_83,0.0001,./grid_batch,grid_search_00218,0.048217,0.5
219,grid_search_00219,/Users/romanbaravalle/Documents/2026/M1-M1_vip...,dend_84,0.0001,./grid_batch,grid_search_00219,0.048067,0.5
220,grid_search_00220,/Users/romanbaravalle/Documents/2026/M1-M1_vip...,dend_85,0.0001,./grid_batch,grid_search_00220,0.047819,0.5
221,grid_search_00221,/Users/romanbaravalle/Documents/2026/M1-M1_vip...,dend_86,0.0001,./grid_batch,grid_search_00221,0.047265,0.5
222,grid_search_00222,/Users/romanbaravalle/Documents/2026/M1-M1_vip...,dend_87,0.0001,./grid_batch,grid_search_00222,0.049905,0.5
223,grid_search_00223,/Users/romanbaravalle/Documents/2026/M1-M1_vip...,dend_88,0.0001,./grid_batch,grid_search_00223,0.049567,0.5
224,grid_search_00224,/Users/romanbaravalle/Documents/2026/M1-M1_vip...,dend_89,0.0001,./grid_batch,grid_search_00224,0.048849,0.5
225,grid_search_00225,/Users/romanbaravalle/Documents/2026/M1-M1_vip...,dend_9,0.0001,./grid_batch,grid_search_00225,0.049353,0.5
226,grid_search_00226,/Users/romanbaravalle/Documents/2026/M1-M1_vip...,dend_90,0.0001,./grid_batch,grid_search_00226,0.049255,0.5
227,grid_search_00227,/Users/romanbaravalle/Documents/2026/M1-M1_vip...,dend_91,0.0001,./grid_batch,grid_search_00227,0.048112,0.5
228,grid_search_00228,/Users/romanbaravalle/Documents/2026/M1-M1_vip...,dend_92,0.0001,./grid_batch,grid_search_00228,0.04803,0.5
229,grid_search_00229,/Users/romanbaravalle/Documents/2026/M1-M1_vip...,dend_93,0.0001,./grid_batch,grid_search_00229,0.049702,0.5
230,grid_search_00230,/Users/romanbaravalle/Documents/2026/M1-M1_vip...,dend_94,0.0001,./grid_batch,grid_search_00230,0.049428,0.5
231,grid_search_00231,/Users/romanbaravalle/Documents/2026/M1-M1_vip...,dend_95,0.0001,./grid_batch,grid_search_00231,0.037476,0.5
232,grid_search_00232,/Users/romanbaravalle/Documents/2026/M1-M1_vip...,dend_96,0.0001,./grid_batch,grid_search_00232,0.031023,0.5
233,grid_search_00233,/Users/romanbaravalle/Documents/2026/M1-M1_vip...,dend_97,0.0001,./grid_batch,grid_search_00233,0.029096,0.5
234,grid_search_00234,/Users/romanbaravalle/Documents/2026/M1-M1_vip...,dend_98,0.0001,./grid_batch,grid_search_00234,0.04917,0.5
235,grid_search_00235,/Users/romanbaravalle/Documents/2026/M1-M1_vip...,dend_99,0.0001,./grid_batch,grid_search_00235,0.049015,0.5
236,grid_search_00236,/Users/romanbaravalle/Documents/2026/M1-M1_vip...,soma,0.0001,./grid_batch,grid_search_00236,0.050545,0.5
237,grid_search_00237,/Users/romanbaravalle/Documents/2026/M1-M1_vip...,apic_0,0.0002,./grid_batch,grid_search_00237,0.09959,0.5
238,grid_search_00238,/Users/romanbaravalle/Documents/2026/M1-M1_vip...,apic_1,0.0002,./grid_batch,grid_search_00238,0.095505,0.5
239,grid_search_00239,/Users/romanbaravalle/Documents/2026/M1-M1_vip...,apic_10,0.0002,./grid_batch,grid_search_00239,0.080868,0.5
240,grid_search_00240,/Users/romanbaravalle/Documents/2026/M1-M1_vip...,apic_100,0.0002,./grid_batch,grid_search_00240,0.015607,0.5
241,grid_search_00241,/Users/romanbaravalle/Documents/2026/M1-M1_vip...,apic_101,0.0002,./grid_batch,grid_search_00241,0.014911,0.5
242,grid_search_00242,/Users/romanbaravalle/Documents/2026/M1-M1_vip...,apic_102,0.0002,./grid_batch,grid_search_00242,0.014911,0.5
243,grid_search_00243,/Users/romanbaravalle/Documents/2026/M1-M1_vip...,apic_103,0.0002,./grid_batch,grid_search_00243,0.018452,0.5
244,grid_search_00244,/Users/romanbaravalle/Documents/2026/M1-M1_vip...,apic_104,0.0002,./grid_batch,grid_search_00244,0.018939,0.5
245,grid_search_00245,/Users/romanbaravalle/Documents/2026/M1-M1_vip...,apic_105,0.0002,./grid_batch,grid_search_00245,0.018664,0.5
246,grid_search_00246,/Users/romanbaravalle/Documents/2026/M1-M1_vip...,apic_106,0.0002,./grid_batch,grid_search_00246,0.018126,0.5
247,grid_search_00247,/Users/romanbaravalle/Documents/2026/M1-M1_vip...,apic_107,0.0002,./grid_batch,grid_search_00247,0.014392,0.5
248,grid_search_00248,/Users/romanbaravalle/Documents/2026/M1-M1_vip...,apic_108,0.0002,./grid_batch,grid_search_00248,0.010821,0.5
249,grid_search_00249,/Users/romanbaravalle/Documents/2026/M1-M1_vip...,apic_109,0.0002,./grid_batch,grid_search_00249,0.010581,0.5
250,grid_search_00250,/Users/romanbaravalle/Documents/2026/M1-M1_vip...,apic_11,0.0002,./grid_batch,grid_search_00250,0.080894,0.5
251,grid_search_00251,/Users/romanbaravalle/Documents/2026/M1-M1_vip...,apic_110,0.0002,./grid_batch,grid_search_00251,0.010581,0.5
252,grid_search_00252,/Users/romanbaravalle/Documents/2026/M1-M1_vip...,apic_111,0.0002,./grid_batch,grid_search_00252,0.01092,0.5
253,grid_search_00253,/Users/romanbaravalle/Documents/2026/M1-M1_vip...,apic_112,0.0002,./grid_batch,grid_search_00253,0.018685,0.5
254,grid_search_00254,/Users/romanbaravalle/Documents/2026/M1-M1_vip...,apic_113,0.0002,./grid_batch,grid_search_00254,0.080922,0.5
255,grid_search_00255,/Users/romanbaravalle/Documents/2026/M1-M1_vip...,apic_114,0.0002,./grid_batch,grid_search_00255,0.095798,0.5
256,grid_search_00256,/Users/romanbaravalle/Documents/2026/M1-M1_vip...,apic_115,0.0002,./grid_batch,grid_search_00256,0.094123,0.5
257,grid_search_00257,/Users/romanbaravalle/Documents/2026/M1-M1_vip...,apic_116,0.0002,./grid_batch,grid_search_00257,0.093832,0.5
258,grid_search_00258,/Users/romanbaravalle/Documents/2026/M1-M1_vip...,apic_117,0.0002,./grid_batch,grid_search_00258,0.093255,0.5
259,grid_search_00259,/Users/romanbaravalle/Documents/2026/M1-M1_vip...,apic_118,0.0002,./grid_batch,grid_search_00259,0.090239,0.5
260,grid_search_00260,/Users/romanbaravalle/Documents/2026/M1-M1_vip...,apic_119,0.0002,./grid_batch,grid_search_00260,0.089624,0.5
261,grid_search_00261,/Users/romanbaravalle/Documents/2026/M1-M1_vip...,apic_12,0.0002,./grid_batch,grid_search_00261,0.083366,0.5
262,grid_search_00262,/Users/romanbaravalle/Documents/2026/M1-M1_vip...,apic_120,0.0002,./grid_batch,grid_search_00262,0.090983,0.5
263,grid_search_00263,/Users/romanbaravalle/Documents/2026/M1-M1_vip...,apic_121,0.0002,./grid_batch,grid_search_00263,0.091718,0.5
264,grid_search_00264,/Users/romanbaravalle/Documents/2026/M1-M1_vip...,apic_122,0.0002,./grid_batch,grid_search_00264,0.093478,0.5
265,grid_search_00265,/Users/romanbaravalle/Documents/2026/M1-M1_vip...,apic_13,0.0002,./grid_batch,grid_search_00265,0.081537,0.5
266,grid_search_00266,/Users/romanbaravalle/Documents/2026/M1-M1_vip...,apic_14,0.0002,./grid_batch,grid_search_00266,0.081942,0.5
267,grid_search_00267,/Users/romanbaravalle/Documents/2026/M1-M1_vip...,apic_15,0.0002,./grid_batch,grid_search_00267,0.080411,0.5
268,grid_search_00268,/Users/romanbaravalle/Documents/2026/M1-M1_vip...,apic_16,0.0002,./grid_batch,grid_search_00268,0.081447,0.5
269,grid_search_00269,/Users/romanbaravalle/Documents/2026/M1-M1_vip...,apic_17,0.0002,./grid_batch,grid_search_00269,0.084259,0.5
270,grid_search_00270,/Users/romanbaravalle/Documents/2026/M1-M1_vip...,apic_18,0.0002,./grid_batch,grid_search_00270,0.077812,0.5
271,grid_search_00271,/Users/romanbaravalle/Documents/2026/M1-M1_vip...,apic_19,0.0002,./grid_batch,grid_search_00271,0.073601,0.5
272,grid_search_00272,/Users/romanbaravalle/Documents/2026/M1-M1_vip...,apic_2,0.0002,./grid_batch,grid_search_00272,0.089387,0.5
273,grid_search_00273,/Users/romanbaravalle/Documents/2026/M1-M1_vip...,apic_20,0.0002,./grid_batch,grid_search_00273,0.073104,0.5
274,grid_search_00274,/Users/romanbaravalle/Documents/2026/M1-M1_vip...,apic_21,0.0002,./grid_batch,grid_search_00274,0.072108,0.5
275,grid_search_00275,/Users/romanbaravalle/Documents/2026/M1-M1_vip...,apic_22,0.0002,./grid_batch,grid_search_00275,0.068386,0.5
276,grid_search_00276,/Users/romanbaravalle/Documents/2026/M1-M1_vip...,apic_23,0.0002,./grid_batch,grid_search_00276,0.069577,0.5
277,grid_search_00277,/Users/romanbaravalle/Documents/2026/M1-M1_vip...,apic_24,0.0002,./grid_batch,grid_search_00277,0.072677,0.5
278,grid_search_00278,/Users/romanbaravalle/Documents/2026/M1-M1_vip...,apic_25,0.0002,./grid_batch,grid_search_00278,0.070849,0.5
279,grid_search_00279,/Users/romanbaravalle/Documents/2026/M1-M1_vip...,apic_26,0.0002,./grid_batch,grid_search_00279,0.07033,0.5
280,grid_search_00280,/Users/romanbaravalle/Documents/2026/M1-M1_vip...,apic_27,0.0002,./grid_batch,grid_search_00280,0.072683,0.5
281,grid_search_00281,/Users/romanbaravalle/Documents/2026/M1-M1_vip...,apic_28,0.0002,./grid_batch,grid_search_00281,0.070896,0.5
282,grid_search_00282,/Users/romanbaravalle/Documents/2026/M1-M1_vip...,apic_29,0.0002,./grid_batch,grid_search_00282,0.07093,0.5
283,grid_search_00283,/Users/romanbaravalle/Documents/2026/M1-M1_vip...,apic_3,0.0002,./grid_batch,grid_search_00283,0.091504,0.5
284,grid_search_00284,/Users/romanbaravalle/Documents/2026/M1-M1_vip...,apic_30,0.0002,./grid_batch,grid_search_00284,0.071828,0.5
285,grid_search_00285,/Users/romanbaravalle/Documents/2026/M1-M1_vip...,apic_31,0.0002,./grid_batch,grid_search_00285,0.069037,0.5
286,grid_search_00286,/Users/romanbaravalle/Documents/2026/M1-M1_vip...,apic_32,0.0002,./grid_batch,grid_search_00286,0.0676,0.5
287,grid_search_00287,/Users/romanbaravalle/Documents/2026/M1-M1_vip...,apic_33,0.0002,./grid_batch,grid_search_00287,0.066989,0.5
288,grid_search_00288,/Users/romanbaravalle/Documents/2026/M1-M1_vip...,apic_34,0.0002,./grid_batch,grid_search_00288,0.067032,0.5
289,grid_search_00289,/Users/romanbaravalle/Documents/2026/M1-M1_vip...,apic_35,0.0002,./grid_batch,grid_search_00289,0.062837,0.5
290,grid_search_00290,/Users/romanbaravalle/Documents/2026/M1-M1_vip...,apic_36,0.0002,./grid_batch,grid_search_00290,0.062875,0.5
291,grid_search_00291,/Users/romanbaravalle/Documents/2026/M1-M1_vip...,apic_37,0.0002,./grid_batch,grid_search_00291,0.058602,0.5
292,grid_search_00292,/Users/romanbaravalle/Documents/2026/M1-M1_vip...,apic_38,0.0002,./grid_batch,grid_search_00292,0.06025,0.5
293,grid_search_00293,/Users/romanbaravalle/Documents/2026/M1-M1_vip...,apic_39,0.0002,./grid_batch,grid_search_00293,0.058047,0.5
294,grid_search_00294,/Users/romanbaravalle/Documents/2026/M1-M1_vip...,apic_4,0.0002,./grid_batch,grid_search_00294,0.08517,0.5
295,grid_search_00295,/Users/romanbaravalle/Documents/2026/M1-M1_vip...,apic_40,0.0002,./grid_batch,grid_search_00295,0.059283,0.5
296,grid_search_00296,/Users/romanbaravalle/Documents/2026/M1-M1_vip...,apic_41,0.0002,./grid_batch,grid_search_00296,0.058404,0.5
297,grid_search_00297,/Users/romanbaravalle/Documents/2026/M1-M1_vip...,apic_42,0.0002,./grid_batch,grid_search_00297,0.057798,0.5
298,grid_search_00298,/Users/romanbaravalle/Documents/2026/M1-M1_vip...,apic_43,0.0002,./grid_batch,grid_search_00298,0.054858,0.5
299,grid_search_00299,/Users/romanbaravalle/Documents/2026/M1-M1_vip...,apic_44,0.0002,./grid_batch,grid_search_00299,0.052773,0.5
300,grid_search_00300,/Users/romanbaravalle/Documents/2026/M1-M1_vip...,apic_45,0.0002,./grid_batch,grid_search_00300,0.052773,0.5
301,grid_search_00301,/Users/romanbaravalle/Documents/2026/M1-M1_vip...,apic_46,0.0002,./grid_batch,grid_search_00301,0.053888,0.5
302,grid_search_00302,/Users/romanbaravalle/Documents/2026/M1-M1_vip...,apic_47,0.0002,./grid_batch,grid_search_00302,0.05609,0.5
303,grid_search_00303,/Users/romanbaravalle/Documents/2026/M1-M1_vip...,apic_48,0.0002,./grid_batch,grid_search_00303,0.050538,0.5
304,grid_search_00304,/Users/romanbaravalle/Documents/2026/M1-M1_vip...,apic_49,0.0002,./grid_batch,grid_search_00304,0.046039,0.5
305,grid_search_00305,/Users/romanbaravalle/Documents/2026/M1-M1_vip...,apic_5,0.0002,./grid_batch,grid_search_00305,0.088146,0.5
306,grid_search_00306,/Users/romanbaravalle/Documents/2026/M1-M1_vip...,apic_50,0.0002,./grid_batch,grid_search_00306,0.046039,0.5
307,grid_search_00307,/Users/romanbaravalle/Documents/2026/M1-M1_vip...,apic_51,0.0002,./grid_batch,grid_search_00307,0.049043,0.5
308,grid_search_00308,/Users/romanbaravalle/Documents/2026/M1-M1_vip...,apic_52,0.0002,./grid_batch,grid_search_00308,0.057874,0.5
309,grid_search_00309,/Users/romanbaravalle/Documents/2026/M1-M1_vip...,apic_53,0.0002,./grid_batch,grid_search_00309,0.056145,0.5
310,grid_search_00310,/Users/romanbaravalle/Documents/2026/M1-M1_vip...,apic_54,0.0002,./grid_batch,grid_search_00310,0.055207,0.5
311,grid_search_00311,/Users/romanbaravalle/Documents/2026/M1-M1_vip...,apic_55,0.0002,./grid_batch,grid_search_00311,0.052569,0.5
312,grid_search_00312,/Users/romanbaravalle/Documents/2026/M1-M1_vip...,apic_56,0.0002,./grid_batch,grid_search_00312,0.051482,0.5
313,grid_search_00313,/Users/romanbaravalle/Documents/2026/M1-M1_vip...,apic_57,0.0002,./grid_batch,grid_search_00313,0.049561,0.5
314,grid_search_00314,/Users/romanbaravalle/Documents/2026/M1-M1_vip...,apic_58,0.0002,./grid_batch,grid_search_00314,0.049766,0.5
315,grid_search_00315,/Users/romanbaravalle/Documents/2026/M1-M1_vip...,apic_59,0.0002,./grid_batch,grid_search_00315,0.051188,0.5
316,grid_search_00316,/Users/romanbaravalle/Documents/2026/M1-M1_vip...,apic_6,0.0002,./grid_batch,grid_search_00316,0.085872,0.5
317,grid_search_00317,/Users/romanbaravalle/Documents/2026/M1-M1_vip...,apic_60,0.0002,./grid_batch,grid_search_00317,0.049612,0.5
318,grid_search_00318,/Users/romanbaravalle/Documents/2026/M1-M1_vip...,apic_61,0.0002,./grid_batch,grid_search_00318,0.050039,0.5
319,grid_search_00319,/Users/romanbaravalle/Documents/2026/M1-M1_vip...,apic_62,0.0002,./grid_batch,grid_search_00319,0.049353,0.5
320,grid_search_00320,/Users/romanbaravalle/Documents/2026/M1-M1_vip...,apic_63,0.0002,./grid_batch,grid_search_00320,0.049353,0.5
321,grid_search_00321,/Users/romanbaravalle/Documents/2026/M1-M1_vip...,apic_64,0.0002,./grid_batch,grid_search_00321,0.052034,0.5
322,grid_search_00322,/Users/romanbaravalle/Documents/2026/M1-M1_vip...,apic_65,0.0002,./grid_batch,grid_search_00322,0.049566,0.5
323,grid_search_00323,/Users/romanbaravalle/Documents/2026/M1-M1_vip...,apic_66,0.0002,./grid_batch,grid_search_00323,0.037141,0.5
324,grid_search_00324,/Users/romanbaravalle/Documents/2026/M1-M1_vip...,apic_67,0.0002,./grid_batch,grid_search_00324,0.025193,0.5
325,grid_search_00325,/Users/romanbaravalle/Documents/2026/M1-M1_vip...,apic_68,0.0002,./grid_batch,grid_search_00325,0.019472,0.5
326,grid_search_00326,/Users/romanbaravalle/Documents/2026/M1-M1_vip...,apic_69,0.0002,./grid_batch,grid_search_00326,0.023918,0.5
327,grid_search_00327,/Users/romanbaravalle/Documents/2026/M1-M1_vip...,apic_7,0.0002,./grid_batch,grid_search_00327,0.084094,0.5
328,grid_search_00328,/Users/romanbaravalle/Documents/2026/M1-M1_vip...,apic_70,0.0002,./grid_batch,grid_search_00328,0.022511,0.5
329,grid_search_00329,/Users/romanbaravalle/Documents/2026/M1-M1_vip...,apic_71,0.0002,./grid_batch,grid_search_00329,0.019392,0.5
330,grid_search_00330,/Users/romanbaravalle/Documents/2026/M1-M1_vip...,apic_72,0.0002,./grid_batch,grid_search_00330,0.017653,0.5
331,grid_search_00331,/Users/romanbaravalle/Documents/2026/M1-M1_vip...,apic_73,0.0002,./grid_batch,grid_search_00331,0.015872,0.5
332,grid_search_00332,/Users/romanbaravalle/Documents/2026/M1-M1_vip...,apic_74,0.0002,./grid_batch,grid_search_00332,0.016654,0.5
333,grid_search_00333,/Users/romanbaravalle/Documents/2026/M1-M1_vip...,apic_75,0.0002,./grid_batch,grid_search_00333,0.017333,0.5
334,grid_search_00334,/Users/romanbaravalle/Documents/2026/M1-M1_vip...,apic_76,0.0002,./grid_batch,grid_search_00334,0.017151,0.5
335,grid_search_00335,/Users/romanbaravalle/Documents/2026/M1-M1_vip...,apic_77,0.0002,./grid_batch,grid_search_00335,0.022757,0.5
336,grid_search_00336,/Users/romanbaravalle/Documents/2026/M1-M1_vip...,apic_78,0.0002,./grid_batch,grid_search_00336,0.018389,0.5
337,grid_search_00337,/Users/romanbaravalle/Documents/2026/M1-M1_vip...,apic_79,0.0002,./grid_batch,grid_search_00337,0.011964,0.5
338,grid_search_00338,/Users/romanbaravalle/Documents/2026/M1-M1_vip...,apic_8,0.0002,./grid_batch,grid_search_00338,0.082626,0.5
339,grid_search_00339,/Users/romanbaravalle/Documents/2026/M1-M1_vip...,apic_80,0.0002,./grid_batch,grid_search_00339,0.01438,0.5
340,grid_search_00340,/Users/romanbaravalle/Documents/2026/M1-M1_vip...,apic_81,0.0002,./grid_batch,grid_search_00340,0.012736,0.5
341,grid_search_00341,/Users/romanbaravalle/Documents/2026/M1-M1_vip...,apic_82,0.0002,./grid_batch,grid_search_00341,0.011421,0.5
342,grid_search_00342,/Users/romanbaravalle/Documents/2026/M1-M1_vip...,apic_83,0.0002,./grid_batch,grid_search_00342,0.019436,0.5
343,grid_search_00343,/Users/romanbaravalle/Documents/2026/M1-M1_vip...,apic_84,0.0002,./grid_batch,grid_search_00343,0.015451,0.5
344,grid_search_00344,/Users/romanbaravalle/Documents/2026/M1-M1_vip...,apic_85,0.0002,./grid_batch,grid_search_00344,0.014324,0.5
345,grid_search_00345,/Users/romanbaravalle/Documents/2026/M1-M1_vip...,apic_86,0.0002,./grid_batch,grid_search_00345,0.01198,0.5
346,grid_search_00346,/Users/romanbaravalle/Documents/2026/M1-M1_vip...,apic_87,0.0002,./grid_batch,grid_search_00346,0.010699,0.5
347,grid_search_00347,/Users/romanbaravalle/Documents/2026/M1-M1_vip...,apic_88,0.0002,./grid_batch,grid_search_00347,0.009838,0.5
348,grid_search_00348,/Users/romanbaravalle/Documents/2026/M1-M1_vip...,apic_89,0.0002,./grid_batch,grid_search_00348,0.0098,0.5
349,grid_search_00349,/Users/romanbaravalle/Documents/2026/M1-M1_vip...,apic_9,0.0002,./grid_batch,grid_search_00349,0.0799,0.5
350,grid_search_00350,/Users/romanbaravalle/Documents/2026/M1-M1_vip...,apic_90,0.0002,./grid_batch,grid_search_00350,0.00981,0.5
351,grid_search_00351,/Users/romanbaravalle/Documents/2026/M1-M1_vip...,apic_91,0.0002,./grid_batch,grid_search_00351,0.009767,0.5
352,grid_search_00352,/Users/romanbaravalle/Documents/2026/M1-M1_vip...,apic_92,0.0002,./grid_batch,grid_search_00352,0.011493,0.5
353,grid_search_00353,/Users/romanbaravalle/Documents/2026/M1-M1_vip...,apic_93,0.0002,./grid_batch,grid_search_00353,0.009601,0.5
354,grid_search_00354,/Users/romanbaravalle/Documents/2026/M1-M1_vip...,apic_94,0.0002,./grid_batch,grid_search_00354,0.009466,0.5
355,grid_search_00355,/Users/romanbaravalle/Documents/2026/M1-M1_vip...,apic_95,0.0002,./grid_batch,grid_search_00355,0.012999,0.5
356,grid_search_00356,/Users/romanbaravalle/Documents/2026/M1-M1_vip...,apic_96,0.0002,./grid_batch,grid_search_00356,0.01239,0.5
357,grid_search_00357,/Users/romanbaravalle/Documents/2026/M1-M1_vip...,apic_97,0.0002,./grid_batch,grid_search_00357,0.012422,0.5
358,grid_search_00358,/Users/romanbaravalle/Documents/2026/M1-M1_vip...,apic_98,0.0002,./grid_batch,grid_search_00358,0.021919,0.5
359,grid_search_00359,/Users/romanbaravalle/Documents/2026/M1-M1_vip...,apic_99,0.0002,./grid_batch,grid_search_00359,0.018722,0.5
360,grid_search_00360,/Users/romanbaravalle/Documents/2026/M1-M1_vip...,dend_0,0.0002,./grid_batch,grid_search_00360,0.100011,0.5
361,grid_search_00361,/Users/romanbaravalle/Documents/2026/M1-M1_vip...,dend_1,0.0002,./grid_batch,grid_search_00361,0.098921,0.5
362,grid_search_00362,/Users/romanbaravalle/Documents/2026/M1-M1_vip...,dend_10,0.0002,./grid_batch,grid_search_00362,0.100589,0.5
363,grid_search_00363,/Users/romanbaravalle/Documents/2026/M1-M1_vip...,dend_100,0.0002,./grid_batch,grid_search_00363,0.098251,0.5
364,grid_search_00364,/Users/romanbaravalle/Documents/2026/M1-M1_vip...,dend_101,0.0002,./grid_batch,grid_search_00364,0.096896,0.5
365,grid_search_00365,/Users/romanbaravalle/Documents/2026/M1-M1_vip...,dend_102,0.0002,./grid_batch,grid_search_00365,0.095184,0.5
366,grid_search_00366,/Users/romanbaravalle/Documents/2026/M1-M1_vip...,dend_103,0.0002,./grid_batch,grid_search_00366,0.096369,0.5
367,grid_search_00367,/Users/romanbaravalle/Documents/2026/M1-M1_vip...,dend_104,0.0002,./grid_batch,grid_search_00367,0.097684,0.5
368,grid_search_00368,/Users/romanbaravalle/Documents/2026/M1-M1_vip...,dend_105,0.0002,./grid_batch,grid_search_00368,0.092597,0.5
369,grid_search_00369,/Users/romanbaravalle/Documents/2026/M1-M1_vip...,dend_106,0.0002,./grid_batch,grid_search_00369,0.092285,0.5
370,grid_search_00370,/Users/romanbaravalle/Documents/2026/M1-M1_vip...,dend_107,0.0002,./grid_batch,grid_search_00370,0.091296,0.5
371,grid_search_00371,/Users/romanbaravalle/Documents/2026/M1-M1_vip...,dend_108,0.0002,./grid_batch,grid_search_00371,0.097535,0.5
372,grid_search_00372,/Users/romanbaravalle/Documents/2026/M1-M1_vip...,dend_109,0.0002,./grid_batch,grid_search_00372,0.093604,0.5
373,grid_search_00373,/Users/romanbaravalle/Documents/2026/M1-M1_vip...,dend_11,0.0002,./grid_batch,grid_search_00373,0.098705,0.5
374,grid_search_00374,/Users/romanbaravalle/Documents/2026/M1-M1_vip...,dend_110,0.0002,./grid_batch,grid_search_00374,0.096811,0.5
375,grid_search_00375,/Users/romanbaravalle/Documents/2026/M1-M1_vip...,dend_111,0.0002,./grid_batch,grid_search_00375,0.087411,0.5
376,grid_search_00376,/Users/romanbaravalle/Documents/2026/M1-M1_vip...,dend_112,0.0002,./grid_batch,grid_search_00376,0.087465,0.5
377,grid_search_00377,/Users/romanbaravalle/Documents/2026/M1-M1_vip...,dend_12,0.0002,./grid_batch,grid_search_00377,0.100053,0.5
378,grid_search_00378,/Users/romanbaravalle/Documents/2026/M1-M1_vip...,dend_13,0.0002,./grid_batch,grid_search_00378,0.09965,0.5
379,grid_search_00379,/Users/romanbaravalle/Documents/2026/M1-M1_vip...,dend_14,0.0002,./grid_batch,grid_search_00379,0.096618,0.5
380,grid_search_00380,/Users/romanbaravalle/Documents/2026/M1-M1_vip...,dend_15,0.0002,./grid_batch,grid_search_00380,0.098716,0.5
381,grid_search_00381,/Users/romanbaravalle/Documents/2026/M1-M1_vip...,dend_16,0.0002,./grid_batch,grid_search_00381,0.098007,0.5
382,grid_search_00382,/Users/romanbaravalle/Documents/2026/M1-M1_vip...,dend_17,0.0002,./grid_batch,grid_search_00382,0.100528,0.5
383,grid_search_00383,/Users/romanbaravalle/Documents/2026/M1-M1_vip...,dend_18,0.0002,./grid_batch,grid_search_00383,0.0983,0.5
384,grid_search_00384,/Users/romanbaravalle/Documents/2026/M1-M1_vip...,dend_19,0.0002,./grid_batch,grid_search_00384,0.096648,0.5
385,grid_search_00385,/Users/romanbaravalle/Documents/2026/M1-M1_vip...,dend_2,0.0002,./grid_batch,grid_search_00385,0.098737,0.5
386,grid_search_00386,/Users/romanbaravalle/Documents/2026/M1-M1_vip...,dend_20,0.0002,./grid_batch,grid_search_00386,0.095783,0.5
387,grid_search_00387,/Users/romanbaravalle/Documents/2026/M1-M1_vip...,dend_21,0.0002,./grid_batch,grid_search_00387,0.094576,0.5
388,grid_search_00388,/Users/romanbaravalle/Documents/2026/M1-M1_vip...,dend_22,0.0002,./grid_batch,grid_search_00388,0.094636,0.5
389,grid_search_00389,/Users/romanbaravalle/Documents/2026/M1-M1_vip...,dend_23,0.0002,./grid_batch,grid_search_00389,0.095908,0.5
390,grid_search_00390,/Users/romanbaravalle/Documents/2026/M1-M1_vip...,dend_24,0.0002,./grid_batch,grid_search_00390,0.095086,0.5
391,grid_search_00391,/Users/romanbaravalle/Documents/2026/M1-M1_vip...,dend_25,0.0002,./grid_batch,grid_search_00391,0.094518,0.5
392,grid_search_00392,/Users/romanbaravalle/Documents/2026/M1-M1_vip...,dend_26,0.0002,./grid_batch,grid_search_00392,0.096843,0.5
393,grid_search_00393,/Users/romanbaravalle/Documents/2026/M1-M1_vip...,dend_27,0.0002,./grid_batch,grid_search_00393,0.095343,0.5
394,grid_search_00394,/Users/romanbaravalle/Documents/2026/M1-M1_vip...,dend_28,0.0002,./grid_batch,grid_search_00394,0.096132,0.5
395,grid_search_00395,/Users/romanbaravalle/Documents/2026/M1-M1_vip...,dend_29,0.0002,./grid_batch,grid_search_00395,0.099529,0.5
396,grid_search_00396,/Users/romanbaravalle/Documents/2026/M1-M1_vip...,dend_3,0.0002,./grid_batch,grid_search_00396,0.10092,0.5
397,grid_search_00397,/Users/romanbaravalle/Documents/2026/M1-M1_vip...,dend_30,0.0002,./grid_batch,grid_search_00397,0.098413,0.5
398,grid_search_00398,/Users/romanbaravalle/Documents/2026/M1-M1_vip...,dend_31,0.0002,./grid_batch,grid_search_00398,0.096656,0.5
399,grid_search_00399,/Users/romanbaravalle/Documents/2026/M1-M1_vip...,dend_32,0.0002,./grid_batch,grid_search_00399,0.097193,0.5
400,grid_search_00400,/Users/romanbaravalle/Documents/2026/M1-M1_vip...,dend_33,0.0002,./grid_batch,grid_search_00400,0.093141,0.5
401,grid_search_00401,/Users/romanbaravalle/Documents/2026/M1-M1_vip...,dend_34,0.0002,./grid_batch,grid_search_00401,0.091707,0.5
402,grid_search_00402,/Users/romanbaravalle/Documents/2026/M1-M1_vip...,dend_35,0.0002,./grid_batch,grid_search_00402,0.091334,0.5
403,grid_search_00403,/Users/romanbaravalle/Documents/2026/M1-M1_vip...,dend_36,0.0002,./grid_batch,grid_search_00403,0.09003,0.5
404,grid_search_00404,/Users/romanbaravalle/Documents/2026/M1-M1_vip...,dend_37,0.0002,./grid_batch,grid_search_00404,0.089505,0.5
405,grid_search_00405,/Users/romanbaravalle/Documents/2026/M1-M1_vip...,dend_38,0.0002,./grid_batch,grid_search_00405,0.091253,0.5
406,grid_search_00406,/Users/romanbaravalle/Documents/2026/M1-M1_vip...,dend_39,0.0002,./grid_batch,grid_search_00406,0.090121,0.5
407,grid_search_00407,/Users/romanbaravalle/Documents/2026/M1-M1_vip...,dend_4,0.0002,./grid_batch,grid_search_00407,0.100582,0.5
408,grid_search_00408,/Users/romanbaravalle/Documents/2026/M1-M1_vip...,dend_40,0.0002,./grid_batch,grid_search_00408,0.089352,0.5
409,grid_search_00409,/Users/romanbaravalle/Documents/2026/M1-M1_vip...,dend_41,0.0002,./grid_batch,grid_search_00409,0.087294,0.5
410,grid_search_00410,/Users/romanbaravalle/Documents/2026/M1-M1_vip...,dend_42,0.0002,./grid_batch,grid_search_00410,0.089056,0.5
411,grid_search_00411,/Users/romanbaravalle/Documents/2026/M1-M1_vip...,dend_43,0.0002,./grid_batch,grid_search_00411,0.087716,0.5
412,grid_search_00412,/Users/romanbaravalle/Documents/2026/M1-M1_vip...,dend_44,0.0002,./grid_batch,grid_search_00412,0.088227,0.5
413,grid_search_00413,/Users/romanbaravalle/Documents/2026/M1-M1_vip...,dend_45,0.0002,./grid_batch,grid_search_00413,0.088426,0.5
414,grid_search_00414,/Users/romanbaravalle/Documents/2026/M1-M1_vip...,dend_46,0.0002,./grid_batch,grid_search_00414,0.090434,0.5
415,grid_search_00415,/Users/romanbaravalle/Documents/2026/M1-M1_vip...,dend_47,0.0002,./grid_batch,grid_search_00415,0.088637,0.5
416,grid_search_00416,/Users/romanbaravalle/Documents/2026/M1-M1_vip...,dend_48,0.0002,./grid_batch,grid_search_00416,0.08961,0.5
417,grid_search_00417,/Users/romanbaravalle/Documents/2026/M1-M1_vip...,dend_49,0.0002,./grid_batch,grid_search_00417,0.087911,0.5
418,grid_search_00418,/Users/romanbaravalle/Documents/2026/M1-M1_vip...,dend_5,0.0002,./grid_batch,grid_search_00418,0.079843,0.5
419,grid_search_00419,/Users/romanbaravalle/Documents/2026/M1-M1_vip...,dend_50,0.0002,./grid_batch,grid_search_00419,0.088071,0.5
420,grid_search_00420,/Users/romanbaravalle/Documents/2026/M1-M1_vip...,dend_51,0.0002,./grid_batch,grid_search_00420,0.091754,0.5
421,grid_search_00421,/Users/romanbaravalle/Documents/2026/M1-M1_vip...,dend_52,0.0002,./grid_batch,grid_search_00421,0.091284,0.5
422,grid_search_00422,/Users/romanbaravalle/Documents/2026/M1-M1_vip...,dend_53,0.0002,./grid_batch,grid_search_00422,0.089129,0.5
423,grid_search_00423,/Users/romanbaravalle/Documents/2026/M1-M1_vip...,dend_54,0.0002,./grid_batch,grid_search_00423,0.089875,0.5
424,grid_search_00424,/Users/romanbaravalle/Documents/2026/M1-M1_vip...,dend_55,0.0002,./grid_batch,grid_search_00424,0.089488,0.5
425,grid_search_00425,/Users/romanbaravalle/Documents/2026/M1-M1_vip...,dend_56,0.0002,./grid_batch,grid_search_00425,0.092789,0.5
426,grid_search_00426,/Users/romanbaravalle/Documents/2026/M1-M1_vip...,dend_57,0.0002,./grid_batch,grid_search_00426,0.100997,0.5
427,grid_search_00427,/Users/romanbaravalle/Documents/2026/M1-M1_vip...,dend_58,0.0002,./grid_batch,grid_search_00427,0.100165,0.5
428,grid_search_00428,/Users/romanbaravalle/Documents/2026/M1-M1_vip...,dend_59,0.0002,./grid_batch,grid_search_00428,0.09959,0.5
429,grid_search_00429,/Users/romanbaravalle/Documents/2026/M1-M1_vip...,dend_6,0.0002,./grid_batch,grid_search_00429,0.07621,0.5
430,grid_search_00430,/Users/romanbaravalle/Documents/2026/M1-M1_vip...,dend_60,0.0002,./grid_batch,grid_search_00430,0.100694,0.5
431,grid_search_00431,/Users/romanbaravalle/Documents/2026/M1-M1_vip...,dend_61,0.0002,./grid_batch,grid_search_00431,0.099856,0.5
432,grid_search_00432,/Users/romanbaravalle/Documents/2026/M1-M1_vip...,dend_62,0.0002,./grid_batch,grid_search_00432,0.099851,0.5
433,grid_search_00433,/Users/romanbaravalle/Documents/2026/M1-M1_vip...,dend_63,0.0002,./grid_batch,grid_search_00433,0.100672,0.5
434,grid_search_00434,/Users/romanbaravalle/Documents/2026/M1-M1_vip...,dend_64,0.0002,./grid_batch,grid_search_00434,0.100185,0.5
435,grid_search_00435,/Users/romanbaravalle/Documents/2026/M1-M1_vip...,dend_65,0.0002,./grid_batch,grid_search_00435,0.099464,0.5
436,grid_search_00436,/Users/romanbaravalle/Documents/2026/M1-M1_vip...,dend_66,0.0002,./grid_batch,grid_search_00436,0.099596,0.5
437,grid_search_00437,/Users/romanbaravalle/Documents/2026/M1-M1_vip...,dend_67,0.0002,./grid_batch,grid_search_00437,0.099225,0.5
438,grid_search_00438,/Users/romanbaravalle/Documents/2026/M1-M1_vip...,dend_68,0.0002,./grid_batch,grid_search_00438,0.100239,0.5
439,grid_search_00439,/Users/romanbaravalle/Documents/2026/M1-M1_vip...,dend_69,0.0002,./grid_batch,grid_search_00439,0.098849,0.5
440,grid_search_00440,/Users/romanbaravalle/Documents/2026/M1-M1_vip...,dend_7,0.0002,./grid_batch,grid_search_00440,0.100538,0.5
441,grid_search_00441,/Users/romanbaravalle/Documents/2026/M1-M1_vip...,dend_70,0.0002,./grid_batch,grid_search_00441,0.097494,0.5
442,grid_search_00442,/Users/romanbaravalle/Documents/2026/M1-M1_vip...,dend_71,0.0002,./grid_batch,grid_search_00442,0.084373,0.5
443,grid_search_00443,/Users/romanbaravalle/Documents/2026/M1-M1_vip...,dend_72,0.0002,./grid_batch,grid_search_00443,0.095226,0.5
444,grid_search_00444,/Users/romanbaravalle/Documents/2026/M1-M1_vip...,dend_73,0.0002,./grid_batch,grid_search_00444,0.100433,0.5
445,grid_search_00445,/Users/romanbaravalle/Documents/2026/M1-M1_vip...,dend_74,0.0002,./grid_batch,grid_search_00445,0.09892,0.5
446,grid_search_00446,/Users/romanbaravalle/Documents/2026/M1-M1_vip...,dend_75,0.0002,./grid_batch,grid_search_00446,0.097809,0.5
447,grid_search_00447,/Users/romanbaravalle/Documents/2026/M1-M1_vip...,dend_76,0.0002,./grid_batch,grid_search_00447,0.096261,0.5
448,grid_search_00448,/Users/romanbaravalle/Documents/2026/M1-M1_vip...,dend_77,0.0002,./grid_batch,grid_search_00448,0.097328,0.5
449,grid_search_00449,/Users/romanbaravalle/Documents/2026/M1-M1_vip...,dend_78,0.0002,./grid_batch,grid_search_00449,0.096262,0.5
450,grid_search_00450,/Users/romanbaravalle/Documents/2026/M1-M1_vip...,dend_79,0.0002,./grid_batch,grid_search_00450,0.097189,0.5
451,grid_search_00451,/Users/romanbaravalle/Documents/2026/M1-M1_vip...,dend_8,0.0002,./grid_batch,grid_search_00451,0.099229,0.5
452,grid_search_00452,/Users/romanbaravalle/Documents/2026/M1-M1_vip...,dend_80,0.0002,./grid_batch,grid_search_00452,0.09805,0.5
453,grid_search_00453,/Users/romanbaravalle/Documents/2026/M1-M1_vip...,dend_81,0.0002,./grid_batch,grid_search_00453,0.09582,0.5
454,grid_search_00454,/Users/romanbaravalle/Documents/2026/M1-M1_vip...,dend_82,0.0002,./grid_batch,grid_search_00454,0.096779,0.5
455,grid_search_00455,/Users/romanbaravalle/Documents/2026/M1-M1_vip...,dend_83,0.0002,./grid_batch,grid_search_00455,0.096037,0.5
456,grid_search_00456,/Users/romanbaravalle/Documents/2026/M1-M1_vip...,dend_84,0.0002,./grid_batch,grid_search_00456,0.095521,0.5
457,grid_search_00457,/Users/romanbaravalle/Documents/2026/M1-M1_vip...,dend_85,0.0002,./grid_batch,grid_search_00457,0.094703,0.5
458,grid_search_00458,/Users/romanbaravalle/Documents/2026/M1-M1_vip...,dend_86,0.0002,./grid_batch,grid_search_00458,0.09367,0.5
459,grid_search_00459,/Users/romanbaravalle/Documents/2026/M1-M1_vip...,dend_87,0.0002,./grid_batch,grid_search_00459,0.09974,0.5
460,grid_search_00460,/Users/romanbaravalle/Documents/2026/M1-M1_vip...,dend_88,0.0002,./grid_batch,grid_search_00460,0.098883,0.5
461,grid_search_00461,/Users/romanbaravalle/Documents/2026/M1-M1_vip...,dend_89,0.0002,./grid_batch,grid_search_00461,0.096292,0.5
462,grid_search_00462,/Users/romanbaravalle/Documents/2026/M1-M1_vip...,dend_9,0.0002,./grid_batch,grid_search_00462,0.097987,0.5
463,grid_search_00463,/Users/romanbaravalle/Documents/2026/M1-M1_vip...,dend_90,0.0002,./grid_batch,grid_search_00463,0.097752,0.5
464,grid_search_00464,/Users/romanbaravalle/Documents/2026/M1-M1_vip...,dend_91,0.0002,./grid_batch,grid_search_00464,0.093525,0.5
465,grid_search_00465,/Users/romanbaravalle/Documents/2026/M1-M1_vip...,dend_92,0.0002,./grid_batch,grid_search_00465,0.093228,0.5
466,grid_search_00466,/Users/romanbaravalle/Documents/2026/M1-M1_vip...,dend_93,0.0002,./grid_batch,grid_search_00466,0.099321,0.5
467,grid_search_00467,/Users/romanbaravalle/Documents/2026/M1-M1_vip...,dend_94,0.0002,./grid_batch,grid_search_00467,0.098591,0.5
468,grid_search_00468,/Users/romanbaravalle/Documents/2026/M1-M1_vip...,dend_95,0.0002,./grid_batch,grid_search_00468,0.068594,0.5
469,grid_search_00469,/Users/romanbaravalle/Documents/2026/M1-M1_vip...,dend_96,0.0002,./grid_batch,grid_search_00469,0.086624,0.5
470,grid_search_00470,/Users/romanbaravalle/Documents/2026/M1-M1_vip...,dend_97,0.0002,./grid_batch,grid_search_00470,0.063131,0.5
471,grid_search_00471,/Users/romanbaravalle/Documents/2026/M1-M1_vip...,dend_98,0.0002,./grid_batch,grid_search_00471,0.097746,0.5
472,grid_search_00472,/Users/romanbaravalle/Documents/2026/M1-M1_vip...,dend_99,0.0002,./grid_batch,grid_search_00472,0.09761,0.5
473,grid_search_00473,/Users/romanbaravalle/Documents/2026/M1-M1_vip...,soma,0.0002,./grid_batch,grid_search_00473,0.101039,0.5
474,grid_search_00474,/Users/romanbaravalle/Documents/2026/M1-M1_vip...,apic_0,0.0003,./grid_batch,grid_search_00474,0.149302,0.5
475,grid_search_00475,/Users/romanbaravalle/Documents/2026/M1-M1_vip...,apic_1,0.0003,./grid_batch,grid_search_00475,0.143173,0.5
476,grid_search_00476,/Users/romanbaravalle/Documents/2026/M1-M1_vip...,apic_10,0.0003,./grid_batch,grid_search_00476,0.120468,0.5
477,grid_search_00477,/Users/romanbaravalle/Documents/2026/M1-M1_vip...,apic_100,0.0003,./grid_batch,grid_search_00477,0.023424,0.5
478,grid_search_00478,/Users/romanbaravalle/Documents/2026/M1-M1_vip...,apic_101,0.0003,./grid_batch,grid_search_00478,0.022241,0.5
479,grid_search_00479,/Users/romanbaravalle/Documents/2026/M1-M1_vip...,apic_102,0.0003,./grid_batch,grid_search_00479,0.022241,0.5
480,grid_search_00480,/Users/romanbaravalle/Documents/2026/M1-M1_vip...,apic_103,0.0003,./grid_batch,grid_search_00480,0.027646,0.5
481,grid_search_00481,/Users/romanbaravalle/Documents/2026/M1-M1_vip...,apic_104,0.0003,./grid_batch,grid_search_00481,0.028403,0.5
482,grid_search_00482,/Users/romanbaravalle/Documents/2026/M1-M1_vip...,apic_105,0.0003,./grid_batch,grid_search_00482,0.027986,0.5
483,grid_search_00483,/Users/romanbaravalle/Documents/2026/M1-M1_vip...,apic_106,0.0003,./grid_batch,grid_search_00483,0.027109,0.5
484,grid_search_00484,/Users/romanbaravalle/Documents/2026/M1-M1_vip...,apic_107,0.0003,./grid_batch,grid_search_00484,0.021609,0.5
485,grid_search_00485,/Users/romanbaravalle/Documents/2026/M1-M1_vip...,apic_108,0.0003,./grid_batch,grid_search_00485,0.016388,0.5
486,grid_search_00486,/Users/romanbaravalle/Documents/2026/M1-M1_vip...,apic_109,0.0003,./grid_batch,grid_search_00486,0.015968,0.5
487,grid_search_00487,/Users/romanbaravalle/Documents/2026/M1-M1_vip...,apic_11,0.0003,./grid_batch,grid_search_00487,0.120512,0.5
488,grid_search_00488,/Users/romanbaravalle/Documents/2026/M1-M1_vip...,apic_110,0.0003,./grid_batch,grid_search_00488,0.015968,0.5
489,grid_search_00489,/Users/romanbaravalle/Documents/2026/M1-M1_vip...,apic_111,0.0003,./grid_batch,grid_search_00489,0.016527,0.5
490,grid_search_00490,/Users/romanbaravalle/Documents/2026/M1-M1_vip...,apic_112,0.0003,./grid_batch,grid_search_00490,0.027974,0.5
491,grid_search_00491,/Users/romanbaravalle/Documents/2026/M1-M1_vip...,apic_113,0.0003,./grid_batch,grid_search_00491,0.120998,0.5
492,grid_search_00492,/Users/romanbaravalle/Documents/2026/M1-M1_vip...,apic_114,0.0003,./grid_batch,grid_search_00492,0.143551,0.5
493,grid_search_00493,/Users/romanbaravalle/Documents/2026/M1-M1_vip...,apic_115,0.0003,./grid_batch,grid_search_00493,0.14097,0.5
494,grid_search_00494,/Users/romanbaravalle/Documents/2026/M1-M1_vip...,apic_116,0.0003,./grid_batch,grid_search_00494,0.140517,0.5
495,grid_search_00495,/Users/romanbaravalle/Documents/2026/M1-M1_vip...,apic_117,0.0003,./grid_batch,grid_search_00495,0.139586,0.5
496,grid_search_00496,/Users/romanbaravalle/Documents/2026/M1-M1_vip...,apic_118,0.0003,./grid_batch,grid_search_00496,0.134405,0.5
497,grid_search_00497,/Users/romanbaravalle/Documents/2026/M1-M1_vip...,apic_119,0.0003,./grid_batch,grid_search_00497,0.133451,0.5
498,grid_search_00498,/Users/romanbaravalle/Documents/2026/M1-M1_vip...,apic_12,0.0003,./grid_batch,grid_search_00498,0.124708,0.5
499,grid_search_00499,/Users/romanbaravalle/Documents/2026/M1-M1_vip...,apic_120,0.0003,./grid_batch,grid_search_00499,0.135796,0.5
500,grid_search_00500,/Users/romanbaravalle/Documents/2026/M1-M1_vip...,apic_121,0.0003,./grid_batch,grid_search_00500,0.136941,0.5
501,grid_search_00501,/Users/romanbaravalle/Documents/2026/M1-M1_vip...,apic_122,0.0003,./grid_batch,grid_search_00501,0.139729,0.5
502,grid_search_00502,/Users/romanbaravalle/Documents/2026/M1-M1_vip...,apic_13,0.0003,./grid_batch,grid_search_00502,0.121572,0.5
503,grid_search_00503,/Users/romanbaravalle/Documents/2026/M1-M1_vip...,apic_14,0.0003,./grid_batch,grid_search_00503,0.122382,0.5
504,grid_search_00504,/Users/romanbaravalle/Documents/2026/M1-M1_vip...,apic_15,0.0003,./grid_batch,grid_search_00504,0.119756,0.5
505,grid_search_00505,/Users/romanbaravalle/Documents/2026/M1-M1_vip...,apic_16,0.0003,./grid_batch,grid_search_00505,0.12146,0.5
506,grid_search_00506,/Users/romanbaravalle/Documents/2026/M1-M1_vip...,apic_17,0.0003,./grid_batch,grid_search_00506,0.126303,0.5
507,grid_search_00507,/Users/romanbaravalle/Documents/2026/M1-M1_vip...,apic_18,0.0003,./grid_batch,grid_search_00507,0.116636,0.5
508,grid_search_00508,/Users/romanbaravalle/Documents/2026/M1-M1_vip...,apic_19,0.0003,./grid_batch,grid_search_00508,0.110318,0.5
509,grid_search_00509,/Users/romanbaravalle/Documents/2026/M1-M1_vip...,apic_2,0.0003,./grid_batch,grid_search_00509,0.133443,0.5
510,grid_search_00510,/Users/romanbaravalle/Documents/2026/M1-M1_vip...,apic_20,0.0003,./grid_batch,grid_search_00510,0.109558,0.5
511,grid_search_00511,/Users/romanbaravalle/Documents/2026/M1-M1_vip...,apic_21,0.0003,./grid_batch,grid_search_00511,0.10798,0.5
512,grid_search_00512,/Users/romanbaravalle/Documents/2026/M1-M1_vip...,apic_22,0.0003,./grid_batch,grid_search_00512,0.102012,0.5
513,grid_search_00513,/Users/romanbaravalle/Documents/2026/M1-M1_vip...,apic_23,0.0003,./grid_batch,grid_search_00513,0.103726,0.5
514,grid_search_00514,/Users/romanbaravalle/Documents/2026/M1-M1_vip...,apic_24,0.0003,./grid_batch,grid_search_00514,0.108884,0.5
515,grid_search_00515,/Users/romanbaravalle/Documents/2026/M1-M1_vip...,apic_25,0.0003,./grid_batch,grid_search_00515,0.105843,0.5
516,grid_search_00516,/Users/romanbaravalle/Documents/2026/M1-M1_vip...,apic_26,0.0003,./grid_batch,grid_search_00516,0.105039,0.5
517,grid_search_00517,/Users/romanbaravalle/Documents/2026/M1-M1_vip...,apic_27,0.0003,./grid_batch,grid_search_00517,0.108878,0.5
518,grid_search_00518,/Users/romanbaravalle/Documents/2026/M1-M1_vip...,apic_28,0.0003,./grid_batch,grid_search_00518,0.105897,0.5
519,grid_search_00519,/Users/romanbaravalle/Documents/2026/M1-M1_vip...,apic_29,0.0003,./grid_batch,grid_search_00519,0.105948,0.5
520,grid_search_00520,/Users/romanbaravalle/Documents/2026/M1-M1_vip...,apic_3,0.0003,./grid_batch,grid_search_00520,0.13717,0.5
521,grid_search_00521,/Users/romanbaravalle/Documents/2026/M1-M1_vip...,apic_30,0.0003,./grid_batch,grid_search_00521,0.107665,0.5
522,grid_search_00522,/Users/romanbaravalle/Documents/2026/M1-M1_vip...,apic_31,0.0003,./grid_batch,grid_search_00522,0.103413,0.5
523,grid_search_00523,/Users/romanbaravalle/Documents/2026/M1-M1_vip...,apic_32,0.0003,./grid_batch,grid_search_00523,0.10096,0.5
524,grid_search_00524,/Users/romanbaravalle/Documents/2026/M1-M1_vip...,apic_33,0.0003,./grid_batch,grid_search_00524,0.099986,0.5
525,grid_search_00525,/Users/romanbaravalle/Documents/2026/M1-M1_vip...,apic_34,0.0003,./grid_batch,grid_search_00525,0.100472,0.5
526,grid_search_00526,/Users/romanbaravalle/Documents/2026/M1-M1_vip...,apic_35,0.0003,./grid_batch,grid_search_00526,0.093932,0.5
527,grid_search_00527,/Users/romanbaravalle/Documents/2026/M1-M1_vip...,apic_36,0.0003,./grid_batch,grid_search_00527,0.094239,0.5
528,grid_search_00528,/Users/romanbaravalle/Documents/2026/M1-M1_vip...,apic_37,0.0003,./grid_batch,grid_search_00528,0.087529,0.5
529,grid_search_00529,/Users/romanbaravalle/Documents/2026/M1-M1_vip...,apic_38,0.0003,./grid_batch,grid_search_00529,0.090304,0.5
530,grid_search_00530,/Users/romanbaravalle/Documents/2026/M1-M1_vip...,apic_39,0.0003,./grid_batch,grid_search_00530,0.086629,0.5
531,grid_search_00531,/Users/romanbaravalle/Documents/2026/M1-M1_vip...,apic_4,0.0003,./grid_batch,grid_search_00531,0.12699,0.5
532,grid_search_00532,/Users/romanbaravalle/Documents/2026/M1-M1_vip...,apic_40,0.0003,./grid_batch,grid_search_00532,0.088855,0.5
533,grid_search_00533,/Users/romanbaravalle/Documents/2026/M1-M1_vip...,apic_41,0.0003,./grid_batch,grid_search_00533,0.087523,0.5
534,grid_search_00534,/Users/romanbaravalle/Documents/2026/M1-M1_vip...,apic_42,0.0003,./grid_batch,grid_search_00534,0.086548,0.5
535,grid_search_00535,/Users/romanbaravalle/Documents/2026/M1-M1_vip...,apic_43,0.0003,./grid_batch,grid_search_00535,0.081673,0.5
536,grid_search_00536,/Users/romanbaravalle/Documents/2026/M1-M1_vip...,apic_44,0.0003,./grid_batch,grid_search_00536,0.078048,0.5
537,grid_search_00537,/Users/romanbaravalle/Documents/2026/M1-M1_vip...,apic_45,0.0003,./grid_batch,grid_search_00537,0.078048,0.5
538,grid_search_00538,/Users/romanbaravalle/Documents/2026/M1-M1_vip...,apic_46,0.0003,./grid_batch,grid_search_00538,0.08,0.5
539,grid_search_00539,/Users/romanbaravalle/Documents/2026/M1-M1_vip...,apic_47,0.0003,./grid_batch,grid_search_00539,0.083626,0.5
540,grid_search_00540,/Users/romanbaravalle/Documents/2026/M1-M1_vip...,apic_48,0.0003,./grid_batch,grid_search_00540,0.074503,0.5
541,grid_search_00541,/Users/romanbaravalle/Documents/2026/M1-M1_vip...,apic_49,0.0003,./grid_batch,grid_search_00541,0.067175,0.5
542,grid_search_00542,/Users/romanbaravalle/Documents/2026/M1-M1_vip...,apic_5,0.0003,./grid_batch,grid_search_00542,0.132133,0.5
543,grid_search_00543,/Users/romanbaravalle/Documents/2026/M1-M1_vip...,apic_50,0.0003,./grid_batch,grid_search_00543,0.067175,0.5
544,grid_search_00544,/Users/romanbaravalle/Documents/2026/M1-M1_vip...,apic_51,0.0003,./grid_batch,grid_search_00544,0.071627,0.5
545,grid_search_00545,/Users/romanbaravalle/Documents/2026/M1-M1_vip...,apic_52,0.0003,./grid_batch,grid_search_00545,0.086743,0.5
546,grid_search_00546,/Users/romanbaravalle/Documents/2026/M1-M1_vip...,apic_53,0.0003,./grid_batch,grid_search_00546,0.083949,0.5
547,grid_search_00547,/Users/romanbaravalle/Documents/2026/M1-M1_vip...,apic_54,0.0003,./grid_batch,grid_search_00547,0.082744,0.5
548,grid_search_00548,/Users/romanbaravalle/Documents/2026/M1-M1_vip...,apic_55,0.0003,./grid_batch,grid_search_00548,0.078745,0.5
549,grid_search_00549,/Users/romanbaravalle/Documents/2026/M1-M1_vip...,apic_56,0.0003,./grid_batch,grid_search_00549,0.077008,0.5
550,grid_search_00550,/Users/romanbaravalle/Documents/2026/M1-M1_vip...,apic_57,0.0003,./grid_batch,grid_search_00550,0.073679,0.5
551,grid_search_00551,/Users/romanbaravalle/Documents/2026/M1-M1_vip...,apic_58,0.0003,./grid_batch,grid_search_00551,0.074007,0.5
552,grid_search_00552,/Users/romanbaravalle/Documents/2026/M1-M1_vip...,apic_59,0.0003,./grid_batch,grid_search_00552,0.076574,0.5
553,grid_search_00553,/Users/romanbaravalle/Documents/2026/M1-M1_vip...,apic_6,0.0003,./grid_batch,grid_search_00553,0.1287,0.5
554,grid_search_00554,/Users/romanbaravalle/Documents/2026/M1-M1_vip...,apic_60,0.0003,./grid_batch,grid_search_00554,0.073966,0.5
555,grid_search_00555,/Users/romanbaravalle/Documents/2026/M1-M1_vip...,apic_61,0.0003,./grid_batch,grid_search_00555,0.074717,0.5
556,grid_search_00556,/Users/romanbaravalle/Documents/2026/M1-M1_vip...,apic_62,0.0003,./grid_batch,grid_search_00556,0.073506,0.5
557,grid_search_00557,/Users/romanbaravalle/Documents/2026/M1-M1_vip...,apic_63,0.0003,./grid_batch,grid_search_00557,0.073506,0.5
558,grid_search_00558,/Users/romanbaravalle/Documents/2026/M1-M1_vip...,apic_64,0.0003,./grid_batch,grid_search_00558,0.077986,0.5
559,grid_search_00559,/Users/romanbaravalle/Documents/2026/M1-M1_vip...,apic_65,0.0003,./grid_batch,grid_search_00559,0.07397,0.5
560,grid_search_00560,/Users/romanbaravalle/Documents/2026/M1-M1_vip...,apic_66,0.0003,./grid_batch,grid_search_00560,0.05568,0.5
561,grid_search_00561,/Users/romanbaravalle/Documents/2026/M1-M1_vip...,apic_67,0.0003,./grid_batch,grid_search_00561,0.03779,0.5
562,grid_search_00562,/Users/romanbaravalle/Documents/2026/M1-M1_vip...,apic_68,0.0003,./grid_batch,grid_search_00562,0.029232,0.5
563,grid_search_00563,/Users/romanbaravalle/Documents/2026/M1-M1_vip...,apic_69,0.0003,./grid_batch,grid_search_00563,0.035881,0.5
564,grid_search_00564,/Users/romanbaravalle/Documents/2026/M1-M1_vip...,apic_7,0.0003,./grid_batch,grid_search_00564,0.125892,0.5
565,grid_search_00565,/Users/romanbaravalle/Documents/2026/M1-M1_vip...,apic_70,0.0003,./grid_batch,grid_search_00565,0.033766,0.5
566,grid_search_00566,/Users/romanbaravalle/Documents/2026/M1-M1_vip...,apic_71,0.0003,./grid_batch,grid_search_00566,0.029084,0.5
567,grid_search_00567,/Users/romanbaravalle/Documents/2026/M1-M1_vip...,apic_72,0.0003,./grid_batch,grid_search_00567,0.026489,0.5
568,grid_search_00568,/Users/romanbaravalle/Documents/2026/M1-M1_vip...,apic_73,0.0003,./grid_batch,grid_search_00568,0.023832,0.5
569,grid_search_00569,/Users/romanbaravalle/Documents/2026/M1-M1_vip...,apic_74,0.0003,./grid_batch,grid_search_00569,0.024972,0.5
570,grid_search_00570,/Users/romanbaravalle/Documents/2026/M1-M1_vip...,apic_75,0.0003,./grid_batch,grid_search_00570,0.025975,0.5
571,grid_search_00571,/Users/romanbaravalle/Documents/2026/M1-M1_vip...,apic_76,0.0003,./grid_batch,grid_search_00571,0.025766,0.5
572,grid_search_00572,/Users/romanbaravalle/Documents/2026/M1-M1_vip...,apic_77,0.0003,./grid_batch,grid_search_00572,0.03414,0.5
573,grid_search_00573,/Users/romanbaravalle/Documents/2026/M1-M1_vip...,apic_78,0.0003,./grid_batch,grid_search_00573,0.027579,0.5
574,grid_search_00574,/Users/romanbaravalle/Documents/2026/M1-M1_vip...,apic_79,0.0003,./grid_batch,grid_search_00574,0.018049,0.5
575,grid_search_00575,/Users/romanbaravalle/Documents/2026/M1-M1_vip...,apic_8,0.0003,./grid_batch,grid_search_00575,0.123549,0.5
576,grid_search_00576,/Users/romanbaravalle/Documents/2026/M1-M1_vip...,apic_80,0.0003,./grid_batch,grid_search_00576,0.021602,0.5
577,grid_search_00577,/Users/romanbaravalle/Documents/2026/M1-M1_vip...,apic_81,0.0003,./grid_batch,grid_search_00577,0.019144,0.5
578,grid_search_00578,/Users/romanbaravalle/Documents/2026/M1-M1_vip...,apic_82,0.0003,./grid_batch,grid_search_00578,0.017223,0.5
579,grid_search_00579,/Users/romanbaravalle/Documents/2026/M1-M1_vip...,apic_83,0.0003,./grid_batch,grid_search_00579,0.029155,0.5
580,grid_search_00580,/Users/romanbaravalle/Documents/2026/M1-M1_vip...,apic_84,0.0003,./grid_batch,grid_search_00580,0.023192,0.5
581,grid_search_00581,/Users/romanbaravalle/Documents/2026/M1-M1_vip...,apic_85,0.0003,./grid_batch,grid_search_00581,0.021505,0.5
582,grid_search_00582,/Users/romanbaravalle/Documents/2026/M1-M1_vip...,apic_86,0.0003,./grid_batch,grid_search_00582,0.018006,0.5
583,grid_search_00583,/Users/romanbaravalle/Documents/2026/M1-M1_vip...,apic_87,0.0003,./grid_batch,grid_search_00583,0.016116,0.5
584,grid_search_00584,/Users/romanbaravalle/Documents/2026/M1-M1_vip...,apic_88,0.0003,./grid_batch,grid_search_00584,0.014809,0.5
585,grid_search_00585,/Users/romanbaravalle/Documents/2026/M1-M1_vip...,apic_89,0.0003,./grid_batch,grid_search_00585,0.014745,0.5
586,grid_search_00586,/Users/romanbaravalle/Documents/2026/M1-M1_vip...,apic_9,0.0003,./grid_batch,grid_search_00586,0.118931,0.5
587,grid_search_00587,/Users/romanbaravalle/Documents/2026/M1-M1_vip...,apic_90,0.0003,./grid_batch,grid_search_00587,0.014762,0.5
588,grid_search_00588,/Users/romanbaravalle/Documents/2026/M1-M1_vip...,apic_91,0.0003,./grid_batch,grid_search_00588,0.014704,0.5
589,grid_search_00589,/Users/romanbaravalle/Documents/2026/M1-M1_vip...,apic_92,0.0003,./grid_batch,grid_search_00589,0.017291,0.5
590,grid_search_00590,/Users/romanbaravalle/Documents/2026/M1-M1_vip...,apic_93,0.0003,./grid_batch,grid_search_00590,0.014471,0.5
591,grid_search_00591,/Users/romanbaravalle/Documents/2026/M1-M1_vip...,apic_94,0.0003,./grid_batch,grid_search_00591,0.014275,0.5
592,grid_search_00592,/Users/romanbaravalle/Documents/2026/M1-M1_vip...,apic_95,0.0003,./grid_batch,grid_search_00592,0.019545,0.5
593,grid_search_00593,/Users/romanbaravalle/Documents/2026/M1-M1_vip...,apic_96,0.0003,./grid_batch,grid_search_00593,0.018579,0.5
594,grid_search_00594,/Users/romanbaravalle/Documents/2026/M1-M1_vip...,apic_97,0.0003,./grid_batch,grid_search_00594,0.018628,0.5
595,grid_search_00595,/Users/romanbaravalle/Documents/2026/M1-M1_vip...,apic_98,0.0003,./grid_batch,grid_search_00595,0.032879,0.5
596,grid_search_00596,/Users/romanbaravalle/Documents/2026/M1-M1_vip...,apic_99,0.0003,./grid_batch,grid_search_00596,0.028073,0.5
597,grid_search_00597,/Users/romanbaravalle/Documents/2026/M1-M1_vip...,dend_0,0.0003,./grid_batch,grid_search_00597,0.149631,0.5
598,grid_search_00598,/Users/romanbaravalle/Documents/2026/M1-M1_vip...,dend_1,0.0003,./grid_batch,grid_search_00598,0.147506,0.5
599,grid_search_00599,/Users/romanbaravalle/Documents/2026/M1-M1_vip...,dend_10,0.0003,./grid_batch,grid_search_00599,0.150762,0.5
600,grid_search_00600,/Users/romanbaravalle/Documents/2026/M1-M1_vip...,dend_100,0.0003,./grid_batch,grid_search_00600,0.147152,0.5
601,grid_search_00601,/Users/romanbaravalle/Documents/2026/M1-M1_vip...,dend_101,0.0003,./grid_batch,grid_search_00601,0.144806,0.5
602,grid_search_00602,/Users/romanbaravalle/Documents/2026/M1-M1_vip...,dend_102,0.0003,./grid_batch,grid_search_00602,0.141645,0.5
603,grid_search_00603,/Users/romanbaravalle/Documents/2026/M1-M1_vip...,dend_103,0.0003,./grid_batch,grid_search_00603,0.143831,0.5
604,grid_search_00604,/Users/romanbaravalle/Documents/2026/M1-M1_vip...,dend_104,0.0003,./grid_batch,grid_search_00604,0.146244,0.5
605,grid_search_00605,/Users/romanbaravalle/Documents/2026/M1-M1_vip...,dend_105,0.0003,./grid_batch,grid_search_00605,0.13734,0.5
606,grid_search_00606,/Users/romanbaravalle/Documents/2026/M1-M1_vip...,dend_106,0.0003,./grid_batch,grid_search_00606,0.136736,0.5
607,grid_search_00607,/Users/romanbaravalle/Documents/2026/M1-M1_vip...,dend_107,0.0003,./grid_batch,grid_search_00607,0.134872,0.5
608,grid_search_00608,/Users/romanbaravalle/Documents/2026/M1-M1_vip...,dend_108,0.0003,./grid_batch,grid_search_00608,0.145978,0.5
609,grid_search_00609,/Users/romanbaravalle/Documents/2026/M1-M1_vip...,dend_109,0.0003,./grid_batch,grid_search_00609,0.138112,0.5
610,grid_search_00610,/Users/romanbaravalle/Documents/2026/M1-M1_vip...,dend_11,0.0003,./grid_batch,grid_search_00610,0.147302,0.5
611,grid_search_00611,/Users/romanbaravalle/Documents/2026/M1-M1_vip...,dend_110,0.0003,./grid_batch,grid_search_00611,0.144613,0.5
612,grid_search_00612,/Users/romanbaravalle/Documents/2026/M1-M1_vip...,dend_111,0.0003,./grid_batch,grid_search_00612,0.126205,0.5
613,grid_search_00613,/Users/romanbaravalle/Documents/2026/M1-M1_vip...,dend_112,0.0003,./grid_batch,grid_search_00613,0.126296,0.5
614,grid_search_00614,/Users/romanbaravalle/Documents/2026/M1-M1_vip...,dend_12,0.0003,./grid_batch,grid_search_00614,0.149902,0.5
615,grid_search_00615,/Users/romanbaravalle/Documents/2026/M1-M1_vip...,dend_13,0.0003,./grid_batch,grid_search_00615,0.149231,0.5
616,grid_search_00616,/Users/romanbaravalle/Documents/2026/M1-M1_vip...,dend_14,0.0003,./grid_batch,grid_search_00616,0.143839,0.5
617,grid_search_00617,/Users/romanbaravalle/Documents/2026/M1-M1_vip...,dend_15,0.0003,./grid_batch,grid_search_00617,0.147398,0.5
618,grid_search_00618,/Users/romanbaravalle/Documents/2026/M1-M1_vip...,dend_16,0.0003,./grid_batch,grid_search_00618,0.146259,0.5
619,grid_search_00619,/Users/romanbaravalle/Documents/2026/M1-M1_vip...,dend_17,0.0003,./grid_batch,grid_search_00619,0.15069,0.5
620,grid_search_00620,/Users/romanbaravalle/Documents/2026/M1-M1_vip...,dend_18,0.0003,./grid_batch,grid_search_00620,0.147236,0.5
621,grid_search_00621,/Users/romanbaravalle/Documents/2026/M1-M1_vip...,dend_19,0.0003,./grid_batch,grid_search_00621,0.14464,0.5
622,grid_search_00622,/Users/romanbaravalle/Documents/2026/M1-M1_vip...,dend_2,0.0003,./grid_batch,grid_search_00622,0.14715,0.5
623,grid_search_00623,/Users/romanbaravalle/Documents/2026/M1-M1_vip...,dend_20,0.0003,./grid_batch,grid_search_00623,0.14321,0.5
624,grid_search_00624,/Users/romanbaravalle/Documents/2026/M1-M1_vip...,dend_21,0.0003,./grid_batch,grid_search_00624,0.140994,0.5
625,grid_search_00625,/Users/romanbaravalle/Documents/2026/M1-M1_vip...,dend_22,0.0003,./grid_batch,grid_search_00625,0.141098,0.5
626,grid_search_00626,/Users/romanbaravalle/Documents/2026/M1-M1_vip...,dend_23,0.0003,./grid_batch,grid_search_00626,0.143367,0.5
627,grid_search_00627,/Users/romanbaravalle/Documents/2026/M1-M1_vip...,dend_24,0.0003,./grid_batch,grid_search_00627,0.141703,0.5
628,grid_search_00628,/Users/romanbaravalle/Documents/2026/M1-M1_vip...,dend_25,0.0003,./grid_batch,grid_search_00628,0.140647,0.5
629,grid_search_00629,/Users/romanbaravalle/Documents/2026/M1-M1_vip...,dend_26,0.0003,./grid_batch,grid_search_00629,0.144883,0.5
630,grid_search_00630,/Users/romanbaravalle/Documents/2026/M1-M1_vip...,dend_27,0.0003,./grid_batch,grid_search_00630,0.14198,0.5
631,grid_search_00631,/Users/romanbaravalle/Documents/2026/M1-M1_vip...,dend_28,0.0003,./grid_batch,grid_search_00631,0.143432,0.5
632,grid_search_00632,/Users/romanbaravalle/Documents/2026/M1-M1_vip...,dend_29,0.0003,./grid_batch,grid_search_00632,0.149077,0.5
633,grid_search_00633,/Users/romanbaravalle/Documents/2026/M1-M1_vip...,dend_3,0.0003,./grid_batch,grid_search_00633,0.151273,0.5
634,grid_search_00634,/Users/romanbaravalle/Documents/2026/M1-M1_vip...,dend_30,0.0003,./grid_batch,grid_search_00634,0.14687,0.5
635,grid_search_00635,/Users/romanbaravalle/Documents/2026/M1-M1_vip...,dend_31,0.0003,./grid_batch,grid_search_00635,0.143908,0.5
636,grid_search_00636,/Users/romanbaravalle/Documents/2026/M1-M1_vip...,dend_32,0.0003,./grid_batch,grid_search_00636,0.145672,0.5
637,grid_search_00637,/Users/romanbaravalle/Documents/2026/M1-M1_vip...,dend_33,0.0003,./grid_batch,grid_search_00637,0.139559,0.5
638,grid_search_00638,/Users/romanbaravalle/Documents/2026/M1-M1_vip...,dend_34,0.0003,./grid_batch,grid_search_00638,0.137389,0.5
639,grid_search_00639,/Users/romanbaravalle/Documents/2026/M1-M1_vip...,dend_35,0.0003,./grid_batch,grid_search_00639,0.136807,0.5
640,grid_search_00640,/Users/romanbaravalle/Documents/2026/M1-M1_vip...,dend_36,0.0003,./grid_batch,grid_search_00640,0.134248,0.5
641,grid_search_00641,/Users/romanbaravalle/Documents/2026/M1-M1_vip...,dend_37,0.0003,./grid_batch,grid_search_00641,0.133359,0.5
642,grid_search_00642,/Users/romanbaravalle/Documents/2026/M1-M1_vip...,dend_38,0.0003,./grid_batch,grid_search_00642,0.136695,0.5
643,grid_search_00643,/Users/romanbaravalle/Documents/2026/M1-M1_vip...,dend_39,0.0003,./grid_batch,grid_search_00643,0.134879,0.5
644,grid_search_00644,/Users/romanbaravalle/Documents/2026/M1-M1_vip...,dend_4,0.0003,./grid_batch,grid_search_00644,0.150632,0.5
645,grid_search_00645,/Users/romanbaravalle/Documents/2026/M1-M1_vip...,dend_40,0.0003,./grid_batch,grid_search_00645,0.13363,0.5
646,grid_search_00646,/Users/romanbaravalle/Documents/2026/M1-M1_vip...,dend_41,0.0003,./grid_batch,grid_search_00646,0.129934,0.5
647,grid_search_00647,/Users/romanbaravalle/Documents/2026/M1-M1_vip...,dend_42,0.0003,./grid_batch,grid_search_00647,0.133093,0.5
648,grid_search_00648,/Users/romanbaravalle/Documents/2026/M1-M1_vip...,dend_43,0.0003,./grid_batch,grid_search_00648,0.130526,0.5
649,grid_search_00649,/Users/romanbaravalle/Documents/2026/M1-M1_vip...,dend_44,0.0003,./grid_batch,grid_search_00649,0.131442,0.5
650,grid_search_00650,/Users/romanbaravalle/Documents/2026/M1-M1_vip...,dend_45,0.0003,./grid_batch,grid_search_00650,0.131775,0.5
651,grid_search_00651,/Users/romanbaravalle/Documents/2026/M1-M1_vip...,dend_46,0.0003,./grid_batch,grid_search_00651,0.135395,0.5
652,grid_search_00652,/Users/romanbaravalle/Documents/2026/M1-M1_vip...,dend_47,0.0003,./grid_batch,grid_search_00652,0.132252,0.5
653,grid_search_00653,/Users/romanbaravalle/Documents/2026/M1-M1_vip...,dend_48,0.0003,./grid_batch,grid_search_00653,0.134054,0.5
654,grid_search_00654,/Users/romanbaravalle/Documents/2026/M1-M1_vip...,dend_49,0.0003,./grid_batch,grid_search_00654,0.130956,0.5
655,grid_search_00655,/Users/romanbaravalle/Documents/2026/M1-M1_vip...,dend_5,0.0003,./grid_batch,grid_search_00655,0.111833,0.5
656,grid_search_00656,/Users/romanbaravalle/Documents/2026/M1-M1_vip...,dend_50,0.0003,./grid_batch,grid_search_00656,0.131282,0.5
657,grid_search_00657,/Users/romanbaravalle/Documents/2026/M1-M1_vip...,dend_51,0.0003,./grid_batch,grid_search_00657,0.137439,0.5
658,grid_search_00658,/Users/romanbaravalle/Documents/2026/M1-M1_vip...,dend_52,0.0003,./grid_batch,grid_search_00658,0.136673,0.5
659,grid_search_00659,/Users/romanbaravalle/Documents/2026/M1-M1_vip...,dend_53,0.0003,./grid_batch,grid_search_00659,0.132968,0.5
660,grid_search_00660,/Users/romanbaravalle/Documents/2026/M1-M1_vip...,dend_54,0.0003,./grid_batch,grid_search_00660,0.133959,0.5
661,grid_search_00661,/Users/romanbaravalle/Documents/2026/M1-M1_vip...,dend_55,0.0003,./grid_batch,grid_search_00661,0.133528,0.5
662,grid_search_00662,/Users/romanbaravalle/Documents/2026/M1-M1_vip...,dend_56,0.0003,./grid_batch,grid_search_00662,0.138529,0.5
663,grid_search_00663,/Users/romanbaravalle/Documents/2026/M1-M1_vip...,dend_57,0.0003,./grid_batch,grid_search_00663,0.151395,0.5
664,grid_search_00664,/Users/romanbaravalle/Documents/2026/M1-M1_vip...,dend_58,0.0003,./grid_batch,grid_search_00664,0.149739,0.5
665,grid_search_00665,/Users/romanbaravalle/Documents/2026/M1-M1_vip...,dend_59,0.0003,./grid_batch,grid_search_00665,0.148564,0.5
666,grid_search_00666,/Users/romanbaravalle/Documents/2026/M1-M1_vip...,dend_6,0.0003,./grid_batch,grid_search_00666,0.2189,0.5
667,grid_search_00667,/Users/romanbaravalle/Documents/2026/M1-M1_vip...,dend_60,0.0003,./grid_batch,grid_search_00667,0.150825,0.5
668,grid_search_00668,/Users/romanbaravalle/Documents/2026/M1-M1_vip...,dend_61,0.0003,./grid_batch,grid_search_00668,0.149152,0.5
669,grid_search_00669,/Users/romanbaravalle/Documents/2026/M1-M1_vip...,dend_62,0.0003,./grid_batch,grid_search_00669,0.149137,0.5
670,grid_search_00670,/Users/romanbaravalle/Documents/2026/M1-M1_vip...,dend_63,0.0003,./grid_batch,grid_search_00670,0.150835,0.5
671,grid_search_00671,/Users/romanbaravalle/Documents/2026/M1-M1_vip...,dend_64,0.0003,./grid_batch,grid_search_00671,0.14994,0.5
672,grid_search_00672,/Users/romanbaravalle/Documents/2026/M1-M1_vip...,dend_65,0.0003,./grid_batch,grid_search_00672,0.148483,0.5
673,grid_search_00673,/Users/romanbaravalle/Documents/2026/M1-M1_vip...,dend_66,0.0003,./grid_batch,grid_search_00673,0.148706,0.5
674,grid_search_00674,/Users/romanbaravalle/Documents/2026/M1-M1_vip...,dend_67,0.0003,./grid_batch,grid_search_00674,0.148114,0.5
675,grid_search_00675,/Users/romanbaravalle/Documents/2026/M1-M1_vip...,dend_68,0.0003,./grid_batch,grid_search_00675,0.150213,0.5
676,grid_search_00676,/Users/romanbaravalle/Documents/2026/M1-M1_vip...,dend_69,0.0003,./grid_batch,grid_search_00676,0.147944,0.5
677,grid_search_00677,/Users/romanbaravalle/Documents/2026/M1-M1_vip...,dend_7,0.0003,./grid_batch,grid_search_00677,0.150611,0.5
678,grid_search_00678,/Users/romanbaravalle/Documents/2026/M1-M1_vip...,dend_70,0.0003,./grid_batch,grid_search_00678,0.145322,0.5
679,grid_search_00679,/Users/romanbaravalle/Documents/2026/M1-M1_vip...,dend_71,0.0003,./grid_batch,grid_search_00679,0.124433,0.5
680,grid_search_00680,/Users/romanbaravalle/Documents/2026/M1-M1_vip...,dend_72,0.0003,./grid_batch,grid_search_00680,0.14187,0.5
681,grid_search_00681,/Users/romanbaravalle/Documents/2026/M1-M1_vip...,dend_73,0.0003,./grid_batch,grid_search_00681,0.150556,0.5
682,grid_search_00682,/Users/romanbaravalle/Documents/2026/M1-M1_vip...,dend_74,0.0003,./grid_batch,grid_search_00682,0.148231,0.5
683,grid_search_00683,/Users/romanbaravalle/Documents/2026/M1-M1_vip...,dend_75,0.0003,./grid_batch,grid_search_00683,0.146449,0.5
684,grid_search_00684,/Users/romanbaravalle/Documents/2026/M1-M1_vip...,dend_76,0.0003,./grid_batch,grid_search_00684,0.143584,0.5
685,grid_search_00685,/Users/romanbaravalle/Documents/2026/M1-M1_vip...,dend_77,0.0003,./grid_batch,grid_search_00685,0.145597,0.5
686,grid_search_00686,/Users/romanbaravalle/Documents/2026/M1-M1_vip...,dend_78,0.0003,./grid_batch,grid_search_00686,0.143538,0.5
687,grid_search_00687,/Users/romanbaravalle/Documents/2026/M1-M1_vip...,dend_79,0.0003,./grid_batch,grid_search_00687,0.145319,0.5
688,grid_search_00688,/Users/romanbaravalle/Documents/2026/M1-M1_vip...,dend_8,0.0003,./grid_batch,grid_search_00688,0.148029,0.5
689,grid_search_00689,/Users/romanbaravalle/Documents/2026/M1-M1_vip...,dend_80,0.0003,./grid_batch,grid_search_00689,0.146875,0.5
690,grid_search_00690,/Users/romanbaravalle/Documents/2026/M1-M1_vip...,dend_81,0.0003,./grid_batch,grid_search_00690,0.14292,0.5
691,grid_search_00691,/Users/romanbaravalle/Documents/2026/M1-M1_vip...,dend_82,0.0003,./grid_batch,grid_search_00691,0.144784,0.5
692,grid_search_00692,/Users/romanbaravalle/Documents/2026/M1-M1_vip...,dend_83,0.0003,./grid_batch,grid_search_00692,0.143456,0.5
693,grid_search_00693,/Users/romanbaravalle/Documents/2026/M1-M1_vip...,dend_84,0.0003,./grid_batch,grid_search_00693,0.14237,0.5
694,grid_search_00694,/Users/romanbaravalle/Documents/2026/M1-M1_vip...,dend_85,0.0003,./grid_batch,grid_search_00694,0.140682,0.5
695,grid_search_00695,/Users/romanbaravalle/Documents/2026/M1-M1_vip...,dend_86,0.0003,./grid_batch,grid_search_00695,0.13924,0.5
696,grid_search_00696,/Users/romanbaravalle/Documents/2026/M1-M1_vip...,dend_87,0.0003,./grid_batch,grid_search_00696,0.149498,0.5
697,grid_search_00697,/Users/romanbaravalle/Documents/2026/M1-M1_vip...,dend_88,0.0003,./grid_batch,grid_search_00697,0.147943,0.5
698,grid_search_00698,/Users/romanbaravalle/Documents/2026/M1-M1_vip...,dend_89,0.0003,./grid_batch,grid_search_00698,0.142415,0.5
699,grid_search_00699,/Users/romanbaravalle/Documents/2026/M1-M1_vip...,dend_9,0.0003,./grid_batch,grid_search_00699,0.145916,0.5
700,grid_search_00700,/Users/romanbaravalle/Documents/2026/M1-M1_vip...,dend_90,0.0003,./grid_batch,grid_search_00700,0.14551,0.5
701,grid_search_00701,/Users/romanbaravalle/Documents/2026/M1-M1_vip...,dend_91,0.0003,./grid_batch,grid_search_00701,0.136578,0.5
702,grid_search_00702,/Users/romanbaravalle/Documents/2026/M1-M1_vip...,dend_92,0.0003,./grid_batch,grid_search_00702,0.135971,0.5
703,grid_search_00703,/Users/romanbaravalle/Documents/2026/M1-M1_vip...,dend_93,0.0003,./grid_batch,grid_search_00703,0.148848,0.5
704,grid_search_00704,/Users/romanbaravalle/Documents/2026/M1-M1_vip...,dend_94,0.0003,./grid_batch,grid_search_00704,0.147482,0.5
705,grid_search_00705,/Users/romanbaravalle/Documents/2026/M1-M1_vip...,dend_95,0.0003,./grid_batch,grid_search_00705,0.097538,0.5
706,grid_search_00706,/Users/romanbaravalle/Documents/2026/M1-M1_vip...,dend_96,0.0003,./grid_batch,grid_search_00706,0.087976,0.5
707,grid_search_00707,/Users/romanbaravalle/Documents/2026/M1-M1_vip...,dend_97,0.0003,./grid_batch,grid_search_00707,0.11956,0.5
708,grid_search_00708,/Users/romanbaravalle/Documents/2026/M1-M1_vip...,dend_98,0.0003,./grid_batch,grid_search_00708,0.145736,0.5
709,grid_search_00709,/Users/romanbaravalle/Documents/2026/M1-M1_vip...,dend_99,0.0003,./grid_batch,grid_search_00709,0.145784,0.5
710,grid_search_00710,/Users/romanbaravalle/Documents/2026/M1-M1_vip...,soma,0.0003,./grid_batch,grid_search_00710,0.151476,0.5
711,grid_search_00711,/Users/romanbaravalle/Documents/2026/M1-M1_vip...,apic_0,0.0004,./grid_batch,grid_search_00711,0.198955,0.5
712,grid_search_00712,/Users/romanbaravalle/Documents/2026/M1-M1_vip...,apic_1,0.0004,./grid_batch,grid_search_00712,0.190782,0.5
713,grid_search_00713,/Users/romanbaravalle/Documents/2026/M1-M1_vip...,apic_10,0.0004,./grid_batch,grid_search_00713,0.159532,0.5
714,grid_search_00714,/Users/romanbaravalle/Documents/2026/M1-M1_vip...,apic_100,0.0004,./grid_batch,grid_search_00714,0.031251,0.5
715,grid_search_00715,/Users/romanbaravalle/Documents/2026/M1-M1_vip...,apic_101,0.0004,./grid_batch,grid_search_00715,0.029527,0.5
716,grid_search_00716,/Users/romanbaravalle/Documents/2026/M1-M1_vip...,apic_102,0.0004,./grid_batch,grid_search_00716,0.029527,0.5
717,grid_search_00717,/Users/romanbaravalle/Documents/2026/M1-M1_vip...,apic_103,0.0004,./grid_batch,grid_search_00717,0.036813,0.5
718,grid_search_00718,/Users/romanbaravalle/Documents/2026/M1-M1_vip...,apic_104,0.0004,./grid_batch,grid_search_00718,0.037856,0.5
719,grid_search_00719,/Users/romanbaravalle/Documents/2026/M1-M1_vip...,apic_105,0.0004,./grid_batch,grid_search_00719,0.037294,0.5
720,grid_search_00720,/Users/romanbaravalle/Documents/2026/M1-M1_vip...,apic_106,0.0004,./grid_batch,grid_search_00720,0.036038,0.5
721,grid_search_00721,/Users/romanbaravalle/Documents/2026/M1-M1_vip...,apic_107,0.0004,./grid_batch,grid_search_00721,0.028839,0.5
722,grid_search_00722,/Users/romanbaravalle/Documents/2026/M1-M1_vip...,apic_108,0.0004,./grid_batch,grid_search_00722,0.022075,0.5
723,grid_search_00723,/Users/romanbaravalle/Documents/2026/M1-M1_vip...,apic_109,0.0004,./grid_batch,grid_search_00723,0.021449,0.5
724,grid_search_00724,/Users/romanbaravalle/Documents/2026/M1-M1_vip...,apic_11,0.0004,./grid_batch,grid_search_00724,0.159597,0.5
725,grid_search_00725,/Users/romanbaravalle/Documents/2026/M1-M1_vip...,apic_110,0.0004,./grid_batch,grid_search_00725,0.021449,0.5
726,grid_search_00726,/Users/romanbaravalle/Documents/2026/M1-M1_vip...,apic_111,0.0004,./grid_batch,grid_search_00726,0.022246,0.5
727,grid_search_00727,/Users/romanbaravalle/Documents/2026/M1-M1_vip...,apic_112,0.0004,./grid_batch,grid_search_00727,0.037224,0.5
728,grid_search_00728,/Users/romanbaravalle/Documents/2026/M1-M1_vip...,apic_113,0.0004,./grid_batch,grid_search_00728,0.160821,0.5
729,grid_search_00729,/Users/romanbaravalle/Documents/2026/M1-M1_vip...,apic_114,0.0004,./grid_batch,grid_search_00729,0.191203,0.5
730,grid_search_00730,/Users/romanbaravalle/Documents/2026/M1-M1_vip...,apic_115,0.0004,./grid_batch,grid_search_00730,0.187671,0.5
731,grid_search_00731,/Users/romanbaravalle/Documents/2026/M1-M1_vip...,apic_116,0.0004,./grid_batch,grid_search_00731,0.187047,0.5
732,grid_search_00732,/Users/romanbaravalle/Documents/2026/M1-M1_vip...,apic_117,0.0004,./grid_batch,grid_search_00732,0.185719,0.5
733,grid_search_00733,/Users/romanbaravalle/Documents/2026/M1-M1_vip...,apic_118,0.0004,./grid_batch,grid_search_00733,0.177959,0.5
734,grid_search_00734,/Users/romanbaravalle/Documents/2026/M1-M1_vip...,apic_119,0.0004,./grid_batch,grid_search_00734,0.176647,0.5
735,grid_search_00735,/Users/romanbaravalle/Documents/2026/M1-M1_vip...,apic_12,0.0004,./grid_batch,grid_search_00735,0.165822,0.5
736,grid_search_00736,/Users/romanbaravalle/Documents/2026/M1-M1_vip...,apic_120,0.0004,./grid_batch,grid_search_00736,0.180166,0.5
737,grid_search_00737,/Users/romanbaravalle/Documents/2026/M1-M1_vip...,apic_121,0.0004,./grid_batch,grid_search_00737,0.181747,0.5
738,grid_search_00738,/Users/romanbaravalle/Documents/2026/M1-M1_vip...,apic_122,0.0004,./grid_batch,grid_search_00738,0.185657,0.5
739,grid_search_00739,/Users/romanbaravalle/Documents/2026/M1-M1_vip...,apic_13,0.0004,./grid_batch,grid_search_00739,0.161133,0.5
740,grid_search_00740,/Users/romanbaravalle/Documents/2026/M1-M1_vip...,apic_14,0.0004,./grid_batch,grid_search_00740,0.162473,0.5
741,grid_search_00741,/Users/romanbaravalle/Documents/2026/M1-M1_vip...,apic_15,0.0004,./grid_batch,grid_search_00741,0.15855,0.5
742,grid_search_00742,/Users/romanbaravalle/Documents/2026/M1-M1_vip...,apic_16,0.0004,./grid_batch,grid_search_00742,0.161013,0.5
743,grid_search_00743,/Users/romanbaravalle/Documents/2026/M1-M1_vip...,apic_17,0.0004,./grid_batch,grid_search_00743,0.168287,0.5
744,grid_search_00744,/Users/romanbaravalle/Documents/2026/M1-M1_vip...,apic_18,0.0004,./grid_batch,grid_search_00744,0.155402,0.5
745,grid_search_00745,/Users/romanbaravalle/Documents/2026/M1-M1_vip...,apic_19,0.0004,./grid_batch,grid_search_00745,0.146974,0.5
746,grid_search_00746,/Users/romanbaravalle/Documents/2026/M1-M1_vip...,apic_2,0.0004,./grid_batch,grid_search_00746,0.177082,0.5
747,grid_search_00747,/Users/romanbaravalle/Documents/2026/M1-M1_vip...,apic_20,0.0004,./grid_batch,grid_search_00747,0.145944,0.5
748,grid_search_00748,/Users/romanbaravalle/Documents/2026/M1-M1_vip...,apic_21,0.0004,./grid_batch,grid_search_00748,0.143728,0.5
749,grid_search_00749,/Users/romanbaravalle/Documents/2026/M1-M1_vip...,apic_22,0.0004,./grid_batch,grid_search_00749,0.135268,0.5
750,grid_search_00750,/Users/romanbaravalle/Documents/2026/M1-M1_vip...,apic_23,0.0004,./grid_batch,grid_search_00750,0.137463,0.5
751,grid_search_00751,/Users/romanbaravalle/Documents/2026/M1-M1_vip...,apic_24,0.0004,./grid_batch,grid_search_00751,0.145,0.5
752,grid_search_00752,/Users/romanbaravalle/Documents/2026/M1-M1_vip...,apic_25,0.0004,./grid_batch,grid_search_00752,0.140552,0.5
753,grid_search_00753,/Users/romanbaravalle/Documents/2026/M1-M1_vip...,apic_26,0.0004,./grid_batch,grid_search_00753,0.139448,0.5
754,grid_search_00754,/Users/romanbaravalle/Documents/2026/M1-M1_vip...,apic_27,0.0004,./grid_batch,grid_search_00754,0.144971,0.5
755,grid_search_00755,/Users/romanbaravalle/Documents/2026/M1-M1_vip...,apic_28,0.0004,./grid_batch,grid_search_00755,0.140604,0.5
756,grid_search_00756,/Users/romanbaravalle/Documents/2026/M1-M1_vip...,apic_29,0.0004,./grid_batch,grid_search_00756,0.140674,0.5
757,grid_search_00757,/Users/romanbaravalle/Documents/2026/M1-M1_vip...,apic_3,0.0004,./grid_batch,grid_search_00757,0.182777,0.5
758,grid_search_00758,/Users/romanbaravalle/Documents/2026/M1-M1_vip...,apic_30,0.0004,./grid_batch,grid_search_00758,0.143445,0.5
759,grid_search_00759,/Users/romanbaravalle/Documents/2026/M1-M1_vip...,apic_31,0.0004,./grid_batch,grid_search_00759,0.137692,0.5
760,grid_search_00760,/Users/romanbaravalle/Documents/2026/M1-M1_vip...,apic_32,0.0004,./grid_batch,grid_search_00760,0.134032,0.5
761,grid_search_00761,/Users/romanbaravalle/Documents/2026/M1-M1_vip...,apic_33,0.0004,./grid_batch,grid_search_00761,0.132657,0.5
762,grid_search_00762,/Users/romanbaravalle/Documents/2026/M1-M1_vip...,apic_34,0.0004,./grid_batch,grid_search_00762,0.133857,0.5
763,grid_search_00763,/Users/romanbaravalle/Documents/2026/M1-M1_vip...,apic_35,0.0004,./grid_batch,grid_search_00763,0.124812,0.5
764,grid_search_00764,/Users/romanbaravalle/Documents/2026/M1-M1_vip...,apic_36,0.0004,./grid_batch,grid_search_00764,0.125551,0.5
765,grid_search_00765,/Users/romanbaravalle/Documents/2026/M1-M1_vip...,apic_37,0.0004,./grid_batch,grid_search_00765,0.116208,0.5
766,grid_search_00766,/Users/romanbaravalle/Documents/2026/M1-M1_vip...,apic_38,0.0004,./grid_batch,grid_search_00766,0.120308,0.5
767,grid_search_00767,/Users/romanbaravalle/Documents/2026/M1-M1_vip...,apic_39,0.0004,./grid_batch,grid_search_00767,0.114922,0.5
768,grid_search_00768,/Users/romanbaravalle/Documents/2026/M1-M1_vip...,apic_4,0.0004,./grid_batch,grid_search_00768,0.168314,0.5
769,grid_search_00769,/Users/romanbaravalle/Documents/2026/M1-M1_vip...,apic_40,0.0004,./grid_batch,grid_search_00769,0.118378,0.5
770,grid_search_00770,/Users/romanbaravalle/Documents/2026/M1-M1_vip...,apic_41,0.0004,./grid_batch,grid_search_00770,0.116583,0.5
771,grid_search_00771,/Users/romanbaravalle/Documents/2026/M1-M1_vip...,apic_42,0.0004,./grid_batch,grid_search_00771,0.115197,0.5
772,grid_search_00772,/Users/romanbaravalle/Documents/2026/M1-M1_vip...,apic_43,0.0004,./grid_batch,grid_search_00772,0.108096,0.5
773,grid_search_00773,/Users/romanbaravalle/Documents/2026/M1-M1_vip...,apic_44,0.0004,./grid_batch,grid_search_00773,0.102655,0.5
774,grid_search_00774,/Users/romanbaravalle/Documents/2026/M1-M1_vip...,apic_45,0.0004,./grid_batch,grid_search_00774,0.102655,0.5
775,grid_search_00775,/Users/romanbaravalle/Documents/2026/M1-M1_vip...,apic_46,0.0004,./grid_batch,grid_search_00775,0.105595,0.5
776,grid_search_00776,/Users/romanbaravalle/Documents/2026/M1-M1_vip...,apic_47,0.0004,./grid_batch,grid_search_00776,0.110833,0.5
777,grid_search_00777,/Users/romanbaravalle/Documents/2026/M1-M1_vip...,apic_48,0.0004,./grid_batch,grid_search_00777,0.097729,0.5
778,grid_search_00778,/Users/romanbaravalle/Documents/2026/M1-M1_vip...,apic_49,0.0004,./grid_batch,grid_search_00778,0.087498,0.5
779,grid_search_00779,/Users/romanbaravalle/Documents/2026/M1-M1_vip...,apic_5,0.0004,./grid_batch,grid_search_00779,0.176061,0.5
780,grid_search_00780,/Users/romanbaravalle/Documents/2026/M1-M1_vip...,apic_50,0.0004,./grid_batch,grid_search_00780,0.087498,0.5
781,grid_search_00781,/Users/romanbaravalle/Documents/2026/M1-M1_vip...,apic_51,0.0004,./grid_batch,grid_search_00781,0.093237,0.5
782,grid_search_00782,/Users/romanbaravalle/Documents/2026/M1-M1_vip...,apic_52,0.0004,./grid_batch,grid_search_00782,0.115563,0.5
783,grid_search_00783,/Users/romanbaravalle/Documents/2026/M1-M1_vip...,apic_53,0.0004,./grid_batch,grid_search_00783,0.111574,0.5
784,grid_search_00784,/Users/romanbaravalle/Documents/2026/M1-M1_vip...,apic_54,0.0004,./grid_batch,grid_search_00784,0.110232,0.5
785,grid_search_00785,/Users/romanbaravalle/Documents/2026/M1-M1_vip...,apic_55,0.0004,./grid_batch,grid_search_00785,0.104845,0.5
786,grid_search_00786,/Users/romanbaravalle/Documents/2026/M1-M1_vip...,apic_56,0.0004,./grid_batch,grid_search_00786,0.10239,0.5
787,grid_search_00787,/Users/romanbaravalle/Documents/2026/M1-M1_vip...,apic_57,0.0004,./grid_batch,grid_search_00787,0.097382,0.5
788,grid_search_00788,/Users/romanbaravalle/Documents/2026/M1-M1_vip...,apic_58,0.0004,./grid_batch,grid_search_00788,0.097843,0.5
789,grid_search_00789,/Users/romanbaravalle/Documents/2026/M1-M1_vip...,apic_59,0.0004,./grid_batch,grid_search_00789,0.101821,0.5
790,grid_search_00790,/Users/romanbaravalle/Documents/2026/M1-M1_vip...,apic_6,0.0004,./grid_batch,grid_search_00790,0.171452,0.5
791,grid_search_00791,/Users/romanbaravalle/Documents/2026/M1-M1_vip...,apic_60,0.0004,./grid_batch,grid_search_00791,0.098028,0.5
792,grid_search_00792,/Users/romanbaravalle/Documents/2026/M1-M1_vip...,apic_61,0.0004,./grid_batch,grid_search_00792,0.099171,0.5
793,grid_search_00793,/Users/romanbaravalle/Documents/2026/M1-M1_vip...,apic_62,0.0004,./grid_batch,grid_search_00793,0.097324,0.5
794,grid_search_00794,/Users/romanbaravalle/Documents/2026/M1-M1_vip...,apic_63,0.0004,./grid_batch,grid_search_00794,0.097324,0.5
795,grid_search_00795,/Users/romanbaravalle/Documents/2026/M1-M1_vip...,apic_64,0.0004,./grid_batch,grid_search_00795,0.103889,0.5
796,grid_search_00796,/Users/romanbaravalle/Documents/2026/M1-M1_vip...,apic_65,0.0004,./grid_batch,grid_search_00796,0.098125,0.5
797,grid_search_00797,/Users/romanbaravalle/Documents/2026/M1-M1_vip...,apic_66,0.0004,./grid_batch,grid_search_00797,0.074193,0.5
798,grid_search_00798,/Users/romanbaravalle/Documents/2026/M1-M1_vip...,apic_67,0.0004,./grid_batch,grid_search_00798,0.05038,0.5
799,grid_search_00799,/Users/romanbaravalle/Documents/2026/M1-M1_vip...,apic_68,0.0004,./grid_batch,grid_search_00799,0.039001,0.5
800,grid_search_00800,/Users/romanbaravalle/Documents/2026/M1-M1_vip...,apic_69,0.0004,./grid_batch,grid_search_00800,0.047838,0.5
801,grid_search_00801,/Users/romanbaravalle/Documents/2026/M1-M1_vip...,apic_7,0.0004,./grid_batch,grid_search_00801,0.167524,0.5
802,grid_search_00802,/Users/romanbaravalle/Documents/2026/M1-M1_vip...,apic_70,0.0004,./grid_batch,grid_search_00802,0.045015,0.5
803,grid_search_00803,/Users/romanbaravalle/Documents/2026/M1-M1_vip...,apic_71,0.0004,./grid_batch,grid_search_00803,0.038767,0.5
804,grid_search_00804,/Users/romanbaravalle/Documents/2026/M1-M1_vip...,apic_72,0.0004,./grid_batch,grid_search_00804,0.035325,0.5
805,grid_search_00805,/Users/romanbaravalle/Documents/2026/M1-M1_vip...,apic_73,0.0004,./grid_batch,grid_search_00805,0.031804,0.5
806,grid_search_00806,/Users/romanbaravalle/Documents/2026/M1-M1_vip...,apic_74,0.0004,./grid_batch,grid_search_00806,0.033281,0.5
807,grid_search_00807,/Users/romanbaravalle/Documents/2026/M1-M1_vip...,apic_75,0.0004,./grid_batch,grid_search_00807,0.034595,0.5
808,grid_search_00808,/Users/romanbaravalle/Documents/2026/M1-M1_vip...,apic_76,0.0004,./grid_batch,grid_search_00808,0.034401,0.5
809,grid_search_00809,/Users/romanbaravalle/Documents/2026/M1-M1_vip...,apic_77,0.0004,./grid_batch,grid_search_00809,0.045519,0.5
810,grid_search_00810,/Users/romanbaravalle/Documents/2026/M1-M1_vip...,apic_78,0.0004,./grid_batch,grid_search_00810,0.03676,0.5
811,grid_search_00811,/Users/romanbaravalle/Documents/2026/M1-M1_vip...,apic_79,0.0004,./grid_batch,grid_search_00811,0.0242,0.5
812,grid_search_00812,/Users/romanbaravalle/Documents/2026/M1-M1_vip...,apic_8,0.0004,./grid_batch,grid_search_00812,0.164214,0.5
813,grid_search_00813,/Users/romanbaravalle/Documents/2026/M1-M1_vip...,apic_80,0.0004,./grid_batch,grid_search_00813,0.028838,0.5
814,grid_search_00814,/Users/romanbaravalle/Documents/2026/M1-M1_vip...,apic_81,0.0004,./grid_batch,grid_search_00814,0.025577,0.5
815,grid_search_00815,/Users/romanbaravalle/Documents/2026/M1-M1_vip...,apic_82,0.0004,./grid_batch,grid_search_00815,0.023083,0.5
816,grid_search_00816,/Users/romanbaravalle/Documents/2026/M1-M1_vip...,apic_83,0.0004,./grid_batch,grid_search_00816,0.038867,0.5
817,grid_search_00817,/Users/romanbaravalle/Documents/2026/M1-M1_vip...,apic_84,0.0004,./grid_batch,grid_search_00817,0.030937,0.5
818,grid_search_00818,/Users/romanbaravalle/Documents/2026/M1-M1_vip...,apic_85,0.0004,./grid_batch,grid_search_00818,0.028689,0.5
819,grid_search_00819,/Users/romanbaravalle/Documents/2026/M1-M1_vip...,apic_86,0.0004,./grid_batch,grid_search_00819,0.024049,0.5
820,grid_search_00820,/Users/romanbaravalle/Documents/2026/M1-M1_vip...,apic_87,0.0004,./grid_batch,grid_search_00820,0.021571,0.5
821,grid_search_00821,/Users/romanbaravalle/Documents/2026/M1-M1_vip...,apic_88,0.0004,./grid_batch,grid_search_00821,0.019811,0.5
822,grid_search_00822,/Users/romanbaravalle/Documents/2026/M1-M1_vip...,apic_89,0.0004,./grid_batch,grid_search_00822,0.019716,0.5
823,grid_search_00823,/Users/romanbaravalle/Documents/2026/M1-M1_vip...,apic_9,0.0004,./grid_batch,grid_search_00823,0.157374,0.5
824,grid_search_00824,/Users/romanbaravalle/Documents/2026/M1-M1_vip...,apic_90,0.0004,./grid_batch,grid_search_00824,0.01974,0.5
825,grid_search_00825,/Users/romanbaravalle/Documents/2026/M1-M1_vip...,apic_91,0.0004,./grid_batch,grid_search_00825,0.019672,0.5
826,grid_search_00826,/Users/romanbaravalle/Documents/2026/M1-M1_vip...,apic_92,0.0004,./grid_batch,grid_search_00826,0.023116,0.5
827,grid_search_00827,/Users/romanbaravalle/Documents/2026/M1-M1_vip...,apic_93,0.0004,./grid_batch,grid_search_00827,0.019381,0.5
828,grid_search_00828,/Users/romanbaravalle/Documents/2026/M1-M1_vip...,apic_94,0.0004,./grid_batch,grid_search_00828,0.019128,0.5
829,grid_search_00829,/Users/romanbaravalle/Documents/2026/M1-M1_vip...,apic_95,0.0004,./grid_batch,grid_search_00829,0.026115,0.5
830,grid_search_00830,/Users/romanbaravalle/Documents/2026/M1-M1_vip...,apic_96,0.0004,./grid_batch,grid_search_00830,0.024764,0.5
831,grid_search_00831,/Users/romanbaravalle/Documents/2026/M1-M1_vip...,apic_97,0.0004,./grid_batch,grid_search_00831,0.02483,0.5
832,grid_search_00832,/Users/romanbaravalle/Documents/2026/M1-M1_vip...,apic_98,0.0004,./grid_batch,grid_search_00832,0.043831,0.5
833,grid_search_00833,/Users/romanbaravalle/Documents/2026/M1-M1_vip...,apic_99,0.0004,./grid_batch,grid_search_00833,0.037412,0.5
834,grid_search_00834,/Users/romanbaravalle/Documents/2026/M1-M1_vip...,dend_0,0.0004,./grid_batch,grid_search_00834,0.198996,0.5
835,grid_search_00835,/Users/romanbaravalle/Documents/2026/M1-M1_vip...,dend_1,0.0004,./grid_batch,grid_search_00835,0.195525,0.5
836,grid_search_00836,/Users/romanbaravalle/Documents/2026/M1-M1_vip...,dend_10,0.0004,./grid_batch,grid_search_00836,0.20085,0.5
837,grid_search_00837,/Users/romanbaravalle/Documents/2026/M1-M1_vip...,dend_100,0.0004,./grid_batch,grid_search_00837,0.195901,0.5
838,grid_search_00838,/Users/romanbaravalle/Documents/2026/M1-M1_vip...,dend_101,0.0004,./grid_batch,grid_search_00838,0.192364,0.5
839,grid_search_00839,/Users/romanbaravalle/Documents/2026/M1-M1_vip...,dend_102,0.0004,./grid_batch,grid_search_00839,0.187384,0.5
840,grid_search_00840,/Users/romanbaravalle/Documents/2026/M1-M1_vip...,dend_103,0.0004,./grid_batch,grid_search_00840,0.19082,0.5
841,grid_search_00841,/Users/romanbaravalle/Documents/2026/M1-M1_vip...,dend_104,0.0004,./grid_batch,grid_search_00841,0.194616,0.5
842,grid_search_00842,/Users/romanbaravalle/Documents/2026/M1-M1_vip...,dend_105,0.0004,./grid_batch,grid_search_00842,0.181112,0.5
843,grid_search_00843,/Users/romanbaravalle/Documents/2026/M1-M1_vip...,dend_106,0.0004,./grid_batch,grid_search_00843,0.180141,0.5
844,grid_search_00844,/Users/romanbaravalle/Documents/2026/M1-M1_vip...,dend_107,0.0004,./grid_batch,grid_search_00844,0.177191,0.5
845,grid_search_00845,/Users/romanbaravalle/Documents/2026/M1-M1_vip...,dend_108,0.0004,./grid_batch,grid_search_00845,0.194205,0.5
846,grid_search_00846,/Users/romanbaravalle/Documents/2026/M1-M1_vip...,dend_109,0.0004,./grid_batch,grid_search_00846,0.181237,0.5
847,grid_search_00847,/Users/romanbaravalle/Documents/2026/M1-M1_vip...,dend_11,0.0004,./grid_batch,grid_search_00847,0.195405,0.5
848,grid_search_00848,/Users/romanbaravalle/Documents/2026/M1-M1_vip...,dend_110,0.0004,./grid_batch,grid_search_00848,0.19202,0.5
849,grid_search_00849,/Users/romanbaravalle/Documents/2026/M1-M1_vip...,dend_111,0.0004,./grid_batch,grid_search_00849,0.162535,0.5
850,grid_search_00850,/Users/romanbaravalle/Documents/2026/M1-M1_vip...,dend_112,0.0004,./grid_batch,grid_search_00850,0.162662,0.5
851,grid_search_00851,/Users/romanbaravalle/Documents/2026/M1-M1_vip...,dend_12,0.0004,./grid_batch,grid_search_00851,0.199632,0.5
852,grid_search_00852,/Users/romanbaravalle/Documents/2026/M1-M1_vip...,dend_13,0.0004,./grid_batch,grid_search_00852,0.198648,0.5
853,grid_search_00853,/Users/romanbaravalle/Documents/2026/M1-M1_vip...,dend_14,0.0004,./grid_batch,grid_search_00853,0.190362,0.5
854,grid_search_00854,/Users/romanbaravalle/Documents/2026/M1-M1_vip...,dend_15,0.0004,./grid_batch,grid_search_00854,0.19564,0.5
855,grid_search_00855,/Users/romanbaravalle/Documents/2026/M1-M1_vip...,dend_16,0.0004,./grid_batch,grid_search_00855,0.194023,0.5
856,grid_search_00856,/Users/romanbaravalle/Documents/2026/M1-M1_vip...,dend_17,0.0004,./grid_batch,grid_search_00856,0.200781,0.5
857,grid_search_00857,/Users/romanbaravalle/Documents/2026/M1-M1_vip...,dend_18,0.0004,./grid_batch,grid_search_00857,0.196027,0.5
858,grid_search_00858,/Users/romanbaravalle/Documents/2026/M1-M1_vip...,dend_19,0.0004,./grid_batch,grid_search_00858,0.192409,0.5
859,grid_search_00859,/Users/romanbaravalle/Documents/2026/M1-M1_vip...,dend_2,0.0004,./grid_batch,grid_search_00859,0.194949,0.5
860,grid_search_00860,/Users/romanbaravalle/Documents/2026/M1-M1_vip...,dend_20,0.0004,./grid_batch,grid_search_00860,0.190331,0.5
861,grid_search_00861,/Users/romanbaravalle/Documents/2026/M1-M1_vip...,dend_21,0.0004,./grid_batch,grid_search_00861,0.186852,0.5
862,grid_search_00862,/Users/romanbaravalle/Documents/2026/M1-M1_vip...,dend_22,0.0004,./grid_batch,grid_search_00862,0.187005,0.5
863,grid_search_00863,/Users/romanbaravalle/Documents/2026/M1-M1_vip...,dend_23,0.0004,./grid_batch,grid_search_00863,0.190499,0.5
864,grid_search_00864,/Users/romanbaravalle/Documents/2026/M1-M1_vip...,dend_24,0.0004,./grid_batch,grid_search_00864,0.187726,0.5
865,grid_search_00865,/Users/romanbaravalle/Documents/2026/M1-M1_vip...,dend_25,0.0004,./grid_batch,grid_search_00865,0.186056,0.5
866,grid_search_00866,/Users/romanbaravalle/Documents/2026/M1-M1_vip...,dend_26,0.0004,./grid_batch,grid_search_00866,0.192669,0.5
867,grid_search_00867,/Users/romanbaravalle/Documents/2026/M1-M1_vip...,dend_27,0.0004,./grid_batch,grid_search_00867,0.187954,0.5
868,grid_search_00868,/Users/romanbaravalle/Documents/2026/M1-M1_vip...,dend_28,0.0004,./grid_batch,grid_search_00868,0.190234,0.5
869,grid_search_00869,/Users/romanbaravalle/Documents/2026/M1-M1_vip...,dend_29,0.0004,./grid_batch,grid_search_00869,0.198479,0.5
870,grid_search_00870,/Users/romanbaravalle/Documents/2026/M1-M1_vip...,dend_3,0.0004,./grid_batch,grid_search_00870,0.201552,0.5
871,grid_search_00871,/Users/romanbaravalle/Documents/2026/M1-M1_vip...,dend_30,0.0004,./grid_batch,grid_search_00871,0.194841,0.5
872,grid_search_00872,/Users/romanbaravalle/Documents/2026/M1-M1_vip...,dend_31,0.0004,./grid_batch,grid_search_00872,0.190472,0.5
873,grid_search_00873,/Users/romanbaravalle/Documents/2026/M1-M1_vip...,dend_32,0.0004,./grid_batch,grid_search_00873,0.19407,0.5
874,grid_search_00874,/Users/romanbaravalle/Documents/2026/M1-M1_vip...,dend_33,0.0004,./grid_batch,grid_search_00874,0.185872,0.5
875,grid_search_00875,/Users/romanbaravalle/Documents/2026/M1-M1_vip...,dend_34,0.0004,./grid_batch,grid_search_00875,0.182954,0.5
876,grid_search_00876,/Users/romanbaravalle/Documents/2026/M1-M1_vip...,dend_35,0.0004,./grid_batch,grid_search_00876,0.182148,0.5
877,grid_search_00877,/Users/romanbaravalle/Documents/2026/M1-M1_vip...,dend_36,0.0004,./grid_batch,grid_search_00877,0.177951,0.5
878,grid_search_00878,/Users/romanbaravalle/Documents/2026/M1-M1_vip...,dend_37,0.0004,./grid_batch,grid_search_00878,0.176636,0.5
879,grid_search_00879,/Users/romanbaravalle/Documents/2026/M1-M1_vip...,dend_38,0.0004,./grid_batch,grid_search_00879,0.182012,0.5
880,grid_search_00880,/Users/romanbaravalle/Documents/2026/M1-M1_vip...,dend_39,0.0004,./grid_batch,grid_search_00880,0.179436,0.5
881,grid_search_00881,/Users/romanbaravalle/Documents/2026/M1-M1_vip...,dend_4,0.0004,./grid_batch,grid_search_00881,0.200521,0.5
882,grid_search_00882,/Users/romanbaravalle/Documents/2026/M1-M1_vip...,dend_40,0.0004,./grid_batch,grid_search_00882,0.177644,0.5
883,grid_search_00883,/Users/romanbaravalle/Documents/2026/M1-M1_vip...,dend_41,0.0004,./grid_batch,grid_search_00883,0.171931,0.5
884,grid_search_00884,/Users/romanbaravalle/Documents/2026/M1-M1_vip...,dend_42,0.0004,./grid_batch,grid_search_00884,0.176808,0.5
885,grid_search_00885,/Users/romanbaravalle/Documents/2026/M1-M1_vip...,dend_43,0.0004,./grid_batch,grid_search_00885,0.17267,0.5
886,grid_search_00886,/Users/romanbaravalle/Documents/2026/M1-M1_vip...,dend_44,0.0004,./grid_batch,grid_search_00886,0.174081,0.5
887,grid_search_00887,/Users/romanbaravalle/Documents/2026/M1-M1_vip...,dend_45,0.0004,./grid_batch,grid_search_00887,0.174569,0.5
888,grid_search_00888,/Users/romanbaravalle/Documents/2026/M1-M1_vip...,dend_46,0.0004,./grid_batch,grid_search_00888,0.180183,0.5
889,grid_search_00889,/Users/romanbaravalle/Documents/2026/M1-M1_vip...,dend_47,0.0004,./grid_batch,grid_search_00889,0.175408,0.5
890,grid_search_00890,/Users/romanbaravalle/Documents/2026/M1-M1_vip...,dend_48,0.0004,./grid_batch,grid_search_00890,0.178256,0.5
891,grid_search_00891,/Users/romanbaravalle/Documents/2026/M1-M1_vip...,dend_49,0.0004,./grid_batch,grid_search_00891,0.173416,0.5
892,grid_search_00892,/Users/romanbaravalle/Documents/2026/M1-M1_vip...,dend_5,0.0004,./grid_batch,grid_search_00892,0.144518,0.5
893,grid_search_00893,/Users/romanbaravalle/Documents/2026/M1-M1_vip...,dend_50,0.0004,./grid_batch,grid_search_00893,0.173963,0.5
894,grid_search_00894,/Users/romanbaravalle/Documents/2026/M1-M1_vip...,dend_51,0.0004,./grid_batch,grid_search_00894,0.182994,0.5
895,grid_search_00895,/Users/romanbaravalle/Documents/2026/M1-M1_vip...,dend_52,0.0004,./grid_batch,grid_search_00895,0.181893,0.5
896,grid_search_00896,/Users/romanbaravalle/Documents/2026/M1-M1_vip...,dend_53,0.0004,./grid_batch,grid_search_00896,0.176335,0.5
897,grid_search_00897,/Users/romanbaravalle/Documents/2026/M1-M1_vip...,dend_54,0.0004,./grid_batch,grid_search_00897,0.177492,0.5
898,grid_search_00898,/Users/romanbaravalle/Documents/2026/M1-M1_vip...,dend_55,0.0004,./grid_batch,grid_search_00898,0.17711,0.5
899,grid_search_00899,/Users/romanbaravalle/Documents/2026/M1-M1_vip...,dend_56,0.0004,./grid_batch,grid_search_00899,0.183842,0.5
900,grid_search_00900,/Users/romanbaravalle/Documents/2026/M1-M1_vip...,dend_57,0.0004,./grid_batch,grid_search_00900,0.201726,0.5
901,grid_search_00901,/Users/romanbaravalle/Documents/2026/M1-M1_vip...,dend_58,0.0004,./grid_batch,grid_search_00901,0.198978,0.5
902,grid_search_00902,/Users/romanbaravalle/Documents/2026/M1-M1_vip...,dend_59,0.0004,./grid_batch,grid_search_00902,0.197006,0.5
903,grid_search_00903,/Users/romanbaravalle/Documents/2026/M1-M1_vip...,dend_6,0.0004,./grid_batch,grid_search_00903,0.245671,0.5
904,grid_search_00904,/Users/romanbaravalle/Documents/2026/M1-M1_vip...,dend_60,0.0004,./grid_batch,grid_search_00904,0.20081,0.5
905,grid_search_00905,/Users/romanbaravalle/Documents/2026/M1-M1_vip...,dend_61,0.0004,./grid_batch,grid_search_00905,0.198032,0.5
906,grid_search_00906,/Users/romanbaravalle/Documents/2026/M1-M1_vip...,dend_62,0.0004,./grid_batch,grid_search_00906,0.198003,0.5
907,grid_search_00907,/Users/romanbaravalle/Documents/2026/M1-M1_vip...,dend_63,0.0004,./grid_batch,grid_search_00907,0.20088,0.5
908,grid_search_00908,/Users/romanbaravalle/Documents/2026/M1-M1_vip...,dend_64,0.0004,./grid_batch,grid_search_00908,0.199469,0.5
909,grid_search_00909,/Users/romanbaravalle/Documents/2026/M1-M1_vip...,dend_65,0.0004,./grid_batch,grid_search_00909,0.197037,0.5
910,grid_search_00910,/Users/romanbaravalle/Documents/2026/M1-M1_vip...,dend_66,0.0004,./grid_batch,grid_search_00910,0.197365,0.5
911,grid_search_00911,/Users/romanbaravalle/Documents/2026/M1-M1_vip...,dend_67,0.0004,./grid_batch,grid_search_00911,0.19653,0.5
912,grid_search_00912,/Users/romanbaravalle/Documents/2026/M1-M1_vip...,dend_68,0.0004,./grid_batch,grid_search_00912,0.200087,0.5
913,grid_search_00913,/Users/romanbaravalle/Documents/2026/M1-M1_vip...,dend_69,0.0004,./grid_batch,grid_search_00913,0.196821,0.5
914,grid_search_00914,/Users/romanbaravalle/Documents/2026/M1-M1_vip...,dend_7,0.0004,./grid_batch,grid_search_00914,0.200552,0.5
915,grid_search_00915,/Users/romanbaravalle/Documents/2026/M1-M1_vip...,dend_70,0.0004,./grid_batch,grid_search_00915,0.192558,0.5
916,grid_search_00916,/Users/romanbaravalle/Documents/2026/M1-M1_vip...,dend_71,0.0004,./grid_batch,grid_search_00916,0.163287,0.5
917,grid_search_00917,/Users/romanbaravalle/Documents/2026/M1-M1_vip...,dend_72,0.0004,./grid_batch,grid_search_00917,0.187889,0.5
918,grid_search_00918,/Users/romanbaravalle/Documents/2026/M1-M1_vip...,dend_73,0.0004,./grid_batch,grid_search_00918,0.200616,0.5
919,grid_search_00919,/Users/romanbaravalle/Documents/2026/M1-M1_vip...,dend_74,0.0004,./grid_batch,grid_search_00919,0.197439,0.5
920,grid_search_00920,/Users/romanbaravalle/Documents/2026/M1-M1_vip...,dend_75,0.0004,./grid_batch,grid_search_00920,0.194912,0.5
921,grid_search_00921,/Users/romanbaravalle/Documents/2026/M1-M1_vip...,dend_76,0.0004,./grid_batch,grid_search_00921,0.190382,0.5
922,grid_search_00922,/Users/romanbaravalle/Documents/2026/M1-M1_vip...,dend_77,0.0004,./grid_batch,grid_search_00922,0.193604,0.5
923,grid_search_00923,/Users/romanbaravalle/Documents/2026/M1-M1_vip...,dend_78,0.0004,./grid_batch,grid_search_00923,0.190258,0.5
924,grid_search_00924,/Users/romanbaravalle/Documents/2026/M1-M1_vip...,dend_79,0.0004,./grid_batch,grid_search_00924,0.193143,0.5
925,grid_search_00925,/Users/romanbaravalle/Documents/2026/M1-M1_vip...,dend_8,0.0004,./grid_batch,grid_search_00925,0.1963,0.5
926,grid_search_00926,/Users/romanbaravalle/Documents/2026/M1-M1_vip...,dend_80,0.0004,./grid_batch,grid_search_00926,0.195565,0.5
927,grid_search_00927,/Users/romanbaravalle/Documents/2026/M1-M1_vip...,dend_81,0.0004,./grid_batch,grid_search_00927,0.189493,0.5
928,grid_search_00928,/Users/romanbaravalle/Documents/2026/M1-M1_vip...,dend_82,0.0004,./grid_batch,grid_search_00928,0.192534,0.5
929,grid_search_00929,/Users/romanbaravalle/Documents/2026/M1-M1_vip...,dend_83,0.0004,./grid_batch,grid_search_00929,0.190481,0.5
930,grid_search_00930,/Users/romanbaravalle/Documents/2026/M1-M1_vip...,dend_84,0.0004,./grid_batch,grid_search_00930,0.188631,0.5
931,grid_search_00931,/Users/romanbaravalle/Documents/2026/M1-M1_vip...,dend_85,0.0004,./grid_batch,grid_search_00931,0.185798,0.5
932,grid_search_00932,/Users/romanbaravalle/Documents/2026/M1-M1_vip...,dend_86,0.0004,./grid_batch,grid_search_00932,0.184008,0.5
933,grid_search_00933,/Users/romanbaravalle/Documents/2026/M1-M1_vip...,dend_87,0.0004,./grid_batch,grid_search_00933,0.199178,0.5
934,grid_search_00934,/Users/romanbaravalle/Documents/2026/M1-M1_vip...,dend_88,0.0004,./grid_batch,grid_search_00934,0.196748,0.5
935,grid_search_00935,/Users/romanbaravalle/Documents/2026/M1-M1_vip...,dend_89,0.0004,./grid_batch,grid_search_00935,0.187303,0.5
936,grid_search_00936,/Users/romanbaravalle/Documents/2026/M1-M1_vip...,dend_9,0.0004,./grid_batch,grid_search_00936,0.193166,0.5
937,grid_search_00937,/Users/romanbaravalle/Documents/2026/M1-M1_vip...,dend_90,0.0004,./grid_batch,grid_search_00937,0.192553,0.5
938,grid_search_00938,/Users/romanbaravalle/Documents/2026/M1-M1_vip...,dend_91,0.0004,./grid_batch,grid_search_00938,0.177566,0.5
939,grid_search_00939,/Users/romanbaravalle/Documents/2026/M1-M1_vip...,dend_92,0.0004,./grid_batch,grid_search_00939,0.176577,0.5
940,grid_search_00940,/Users/romanbaravalle/Documents/2026/M1-M1_vip...,dend_93,0.0004,./grid_batch,grid_search_00940,0.198283,0.5
941,grid_search_00941,/Users/romanbaravalle/Documents/2026/M1-M1_vip...,dend_94,0.0004,./grid_batch,grid_search_00941,0.196107,0.5
942,grid_search_00942,/Users/romanbaravalle/Documents/2026/M1-M1_vip...,dend_95,0.0004,./grid_batch,grid_search_00942,0.131037,0.5
943,grid_search_00943,/Users/romanbaravalle/Documents/2026/M1-M1_vip...,dend_96,0.0004,./grid_batch,grid_search_00943,0.089286,0.5
944,grid_search_00944,/Users/romanbaravalle/Documents/2026/M1-M1_vip...,dend_97,0.0004,./grid_batch,grid_search_00944,0.133785,0.5
945,grid_search_00945,/Users/romanbaravalle/Documents/2026/M1-M1_vip...,dend_98,0.0004,./grid_batch,grid_search_00945,0.193155,0.5
946,grid_search_00946,/Users/romanbaravalle/Documents/2026/M1-M1_vip...,dend_99,0.0004,./grid_batch,grid_search_00946,0.193544,0.5
947,grid_search_00947,/Users/romanbaravalle/Documents/2026/M1-M1_vip...,soma,0.0004,./grid_batch,grid_search_00947,0.201854,0.5
948,grid_search_00948,/Users/romanbaravalle/Documents/2026/M1-M1_vip...,apic_0,0.0005,./grid_batch,grid_search_00948,0.248551,0.5
949,grid_search_00949,/Users/romanbaravalle/Documents/2026/M1-M1_vip...,apic_1,0.0005,./grid_batch,grid_search_00949,0.238333,0.5
950,grid_search_00950,/Users/romanbaravalle/Documents/2026/M1-M1_vip...,apic_10,0.0005,./grid_batch,grid_search_00950,0.198078,0.5
951,grid_search_00951,/Users/romanbaravalle/Documents/2026/M1-M1_vip...,apic_100,0.0005,./grid_batch,grid_search_00951,0.039097,0.5
952,grid_search_00952,/Users/romanbaravalle/Documents/2026/M1-M1_vip...,apic_101,0.0005,./grid_batch,grid_search_00952,0.036808,0.5
953,grid_search_00953,/Users/romanbaravalle/Documents/2026/M1-M1_vip...,apic_102,0.0005,./grid_batch,grid_search_00953,0.036808,0.5
954,grid_search_00954,/Users/romanbaravalle/Documents/2026/M1-M1_vip...,apic_103,0.0005,./grid_batch,grid_search_00954,0.045957,0.5
955,grid_search_00955,/Users/romanbaravalle/Documents/2026/M1-M1_vip...,apic_104,0.0005,./grid_batch,grid_search_00955,0.0473,0.5
956,grid_search_00956,/Users/romanbaravalle/Documents/2026/M1-M1_vip...,apic_105,0.0005,./grid_batch,grid_search_00956,0.046591,0.5
957,grid_search_00957,/Users/romanbaravalle/Documents/2026/M1-M1_vip...,apic_106,0.0005,./grid_batch,grid_search_00957,0.044919,0.5
958,grid_search_00958,/Users/romanbaravalle/Documents/2026/M1-M1_vip...,apic_107,0.0005,./grid_batch,grid_search_00958,0.036088,0.5
959,grid_search_00959,/Users/romanbaravalle/Documents/2026/M1-M1_vip...,apic_108,0.0005,./grid_batch,grid_search_00959,0.027905,0.5
960,grid_search_00960,/Users/romanbaravalle/Documents/2026/M1-M1_vip...,apic_109,0.0005,./grid_batch,grid_search_00960,0.027062,0.5
961,grid_search_00961,/Users/romanbaravalle/Documents/2026/M1-M1_vip...,apic_11,0.0005,./grid_batch,grid_search_00961,0.198166,0.5
962,grid_search_00962,/Users/romanbaravalle/Documents/2026/M1-M1_vip...,apic_110,0.0005,./grid_batch,grid_search_00962,0.027062,0.5
963,grid_search_00963,/Users/romanbaravalle/Documents/2026/M1-M1_vip...,apic_111,0.0005,./grid_batch,grid_search_00963,0.028101,0.5
964,grid_search_00964,/Users/romanbaravalle/Documents/2026/M1-M1_vip...,apic_112,0.0005,./grid_batch,grid_search_00964,0.04644,0.5
965,grid_search_00965,/Users/romanbaravalle/Documents/2026/M1-M1_vip...,apic_113,0.0005,./grid_batch,grid_search_00965,0.200393,0.5
966,grid_search_00966,/Users/romanbaravalle/Documents/2026/M1-M1_vip...,apic_114,0.0005,./grid_batch,grid_search_00966,0.238755,0.5
967,grid_search_00967,/Users/romanbaravalle/Documents/2026/M1-M1_vip...,apic_115,0.0005,./grid_batch,grid_search_00967,0.234228,0.5
968,grid_search_00968,/Users/romanbaravalle/Documents/2026/M1-M1_vip...,apic_116,0.0005,./grid_batch,grid_search_00968,0.233422,0.5
969,grid_search_00969,/Users/romanbaravalle/Documents/2026/M1-M1_vip...,apic_117,0.0005,./grid_batch,grid_search_00969,0.231655,0.5
970,grid_search_00970,/Users/romanbaravalle/Documents/2026/M1-M1_vip...,apic_118,0.0005,./grid_batch,grid_search_00970,0.22092,0.5
971,grid_search_00971,/Users/romanbaravalle/Documents/2026/M1-M1_vip...,apic_119,0.0005,./grid_batch,grid_search_00971,0.21923,0.5
972,grid_search_00972,/Users/romanbaravalle/Documents/2026/M1-M1_vip...,apic_12,0.0005,./grid_batch,grid_search_00972,0.206712,0.5
973,grid_search_00973,/Users/romanbaravalle/Documents/2026/M1-M1_vip...,apic_120,0.0005,./grid_batch,grid_search_00973,0.224103,0.5
974,grid_search_00974,/Users/romanbaravalle/Documents/2026/M1-M1_vip...,apic_121,0.0005,./grid_batch,grid_search_00974,0.226147,0.5
975,grid_search_00975,/Users/romanbaravalle/Documents/2026/M1-M1_vip...,apic_122,0.0005,./grid_batch,grid_search_00975,0.231271,0.5
976,grid_search_00976,/Users/romanbaravalle/Documents/2026/M1-M1_vip...,apic_13,0.0005,./grid_batch,grid_search_00976,0.200233,0.5
977,grid_search_00977,/Users/romanbaravalle/Documents/2026/M1-M1_vip...,apic_14,0.0005,./grid_batch,grid_search_00977,0.202223,0.5
978,grid_search_00978,/Users/romanbaravalle/Documents/2026/M1-M1_vip...,apic_15,0.0005,./grid_batch,grid_search_00978,0.19681,0.5
979,grid_search_00979,/Users/romanbaravalle/Documents/2026/M1-M1_vip...,apic_16,0.0005,./grid_batch,grid_search_00979,0.200119,0.5
980,grid_search_00980,/Users/romanbaravalle/Documents/2026/M1-M1_vip...,apic_17,0.0005,./grid_batch,grid_search_00980,0.210211,0.5
981,grid_search_00981,/Users/romanbaravalle/Documents/2026/M1-M1_vip...,apic_18,0.0005,./grid_batch,grid_search_00981,0.194109,0.5
982,grid_search_00982,/Users/romanbaravalle/Documents/2026/M1-M1_vip...,apic_19,0.0005,./grid_batch,grid_search_00982,0.183571,0.5
983,grid_search_00983,/Users/romanbaravalle/Documents/2026/M1-M1_vip...,apic_2,0.0005,./grid_batch,grid_search_00983,0.220314,0.5
984,grid_search_00984,/Users/romanbaravalle/Documents/2026/M1-M1_vip...,apic_20,0.0005,./grid_batch,grid_search_00984,0.18226,0.5
985,grid_search_00985,/Users/romanbaravalle/Documents/2026/M1-M1_vip...,apic_21,0.0005,./grid_batch,grid_search_00985,0.179352,0.5
986,grid_search_00986,/Users/romanbaravalle/Documents/2026/M1-M1_vip...,apic_22,0.0005,./grid_batch,grid_search_00986,0.168165,0.5
987,grid_search_00987,/Users/romanbaravalle/Documents/2026/M1-M1_vip...,apic_23,0.0005,./grid_batch,grid_search_00987,0.1708,0.5
988,grid_search_00988,/Users/romanbaravalle/Documents/2026/M1-M1_vip...,apic_24,0.0005,./grid_batch,grid_search_00988,0.181025,0.5
989,grid_search_00989,/Users/romanbaravalle/Documents/2026/M1-M1_vip...,apic_25,0.0005,./grid_batch,grid_search_00989,0.174985,0.5
990,grid_search_00990,/Users/romanbaravalle/Documents/2026/M1-M1_vip...,apic_26,0.0005,./grid_batch,grid_search_00990,0.173565,0.5
991,grid_search_00991,/Users/romanbaravalle/Documents/2026/M1-M1_vip...,apic_27,0.0005,./grid_batch,grid_search_00991,0.180965,0.5
992,grid_search_00992,/Users/romanbaravalle/Documents/2026/M1-M1_vip...,apic_28,0.0005,./grid_batch,grid_search_00992,0.175023,0.5
993,grid_search_00993,/Users/romanbaravalle/Documents/2026/M1-M1_vip...,apic_29,0.0005,./grid_batch,grid_search_00993,0.175112,0.5
994,grid_search_00994,/Users/romanbaravalle/Documents/2026/M1-M1_vip...,apic_3,0.0005,./grid_batch,grid_search_00994,0.228324,0.5
995,grid_search_00995,/Users/romanbaravalle/Documents/2026/M1-M1_vip...,apic_30,0.0005,./grid_batch,grid_search_00995,0.179171,0.5
996,grid_search_00996,/Users/romanbaravalle/Documents/2026/M1-M1_vip...,apic_31,0.0005,./grid_batch,grid_search_00996,0.171872,0.5
997,grid_search_00997,/Users/romanbaravalle/Documents/2026/M1-M1_vip...,apic_32,0.0005,./grid_batch,grid_search_00997,0.166822,0.5
998,grid_search_00998,/Users/romanbaravalle/Documents/2026/M1-M1_vip...,apic_33,0.0005,./grid_batch,grid_search_00998,0.16501,0.5
999,grid_search_00999,/Users/romanbaravalle/Documents/2026/M1-M1_vip...,apic_34,0.0005,./grid_batch,grid_search_00999,0.167187,0.5
1000,grid_search_01000,/Users/romanbaravalle/Documents/2026/M1-M1_vip...,apic_35,0.0005,./grid_batch,grid_search_01000,0.155482,0.5
1001,grid_search_01001,/Users/romanbaravalle/Documents/2026/M1-M1_vip...,apic_36,0.0005,./grid_batch,grid_search_01001,0.156809,0.5
1002,grid_search_01002,/Users/romanbaravalle/Documents/2026/M1-M1_vip...,apic_37,0.0005,./grid_batch,grid_search_01002,0.144648,0.5
1003,grid_search_01003,/Users/romanbaravalle/Documents/2026/M1-M1_vip...,apic_38,0.0005,./grid_batch,grid_search_01003,0.150262,0.5
1004,grid_search_01004,/Users/romanbaravalle/Documents/2026/M1-M1_vip...,apic_39,0.0005,./grid_batch,grid_search_01004,0.142935,0.5
1005,grid_search_01005,/Users/romanbaravalle/Documents/2026/M1-M1_vip...,apic_4,0.0005,./grid_batch,grid_search_01005,0.209157,0.5
1006,grid_search_01006,/Users/romanbaravalle/Documents/2026/M1-M1_vip...,apic_40,0.0005,./grid_batch,grid_search_01006,0.14785,0.5
1007,grid_search_01007,/Users/romanbaravalle/Documents/2026/M1-M1_vip...,apic_41,0.0005,./grid_batch,grid_search_01007,0.145584,0.5
1008,grid_search_01008,/Users/romanbaravalle/Documents/2026/M1-M1_vip...,apic_42,0.0005,./grid_batch,grid_search_01008,0.143744,0.5
1009,grid_search_01009,/Users/romanbaravalle/Documents/2026/M1-M1_vip...,apic_43,0.0005,./grid_batch,grid_search_01009,0.134144,0.5
1010,grid_search_01010,/Users/romanbaravalle/Documents/2026/M1-M1_vip...,apic_44,0.0005,./grid_batch,grid_search_01010,0.12665,0.5
1011,grid_search_01011,/Users/romanbaravalle/Documents/2026/M1-M1_vip...,apic_45,0.0005,./grid_batch,grid_search_01011,0.12665,0.5
1012,grid_search_01012,/Users/romanbaravalle/Documents/2026/M1-M1_vip...,apic_46,0.0005,./grid_batch,grid_search_01012,0.130703,0.5
1013,grid_search_01013,/Users/romanbaravalle/Documents/2026/M1-M1_vip...,apic_47,0.0005,./grid_batch,grid_search_01013,0.137724,0.5
1014,grid_search_01014,/Users/romanbaravalle/Documents/2026/M1-M1_vip...,apic_48,0.0005,./grid_batch,grid_search_01014,0.120307,0.5
1015,grid_search_01015,/Users/romanbaravalle/Documents/2026/M1-M1_vip...,apic_49,0.0005,./grid_batch,grid_search_01015,0.107349,0.5
1016,grid_search_01016,/Users/romanbaravalle/Documents/2026/M1-M1_vip...,apic_5,0.0005,./grid_batch,grid_search_01016,0.219929,0.5
1017,grid_search_01017,/Users/romanbaravalle/Documents/2026/M1-M1_vip...,apic_50,0.0005,./grid_batch,grid_search_01017,0.107349,0.5
1018,grid_search_01018,/Users/romanbaravalle/Documents/2026/M1-M1_vip...,apic_51,0.0005,./grid_batch,grid_search_01018,0.114093,0.5
1019,grid_search_01019,/Users/romanbaravalle/Documents/2026/M1-M1_vip...,apic_52,0.0005,./grid_batch,grid_search_01019,0.144333,0.5
1020,grid_search_01020,/Users/romanbaravalle/Documents/2026/M1-M1_vip...,apic_53,0.0005,./grid_batch,grid_search_01020,0.139023,0.5
1021,grid_search_01021,/Users/romanbaravalle/Documents/2026/M1-M1_vip...,apic_54,0.0005,./grid_batch,grid_search_01021,0.137672,0.5
1022,grid_search_01022,/Users/romanbaravalle/Documents/2026/M1-M1_vip...,apic_55,0.0005,./grid_batch,grid_search_01022,0.130869,0.5
1023,grid_search_01023,/Users/romanbaravalle/Documents/2026/M1-M1_vip...,apic_56,0.0005,./grid_batch,grid_search_01023,0.127629,0.5
1024,grid_search_01024,/Users/romanbaravalle/Documents/2026/M1-M1_vip...,apic_57,0.0005,./grid_batch,grid_search_01024,0.120691,0.5
1025,grid_search_01025,/Users/romanbaravalle/Documents/2026/M1-M1_vip...,apic_58,0.0005,./grid_batch,grid_search_01025,0.121296,0.5
1026,grid_search_01026,/Users/romanbaravalle/Documents/2026/M1-M1_vip...,apic_59,0.0005,./grid_batch,grid_search_01026,0.12693,0.5
1027,grid_search_01027,/Users/romanbaravalle/Documents/2026/M1-M1_vip...,apic_6,0.0005,./grid_batch,grid_search_01027,0.214129,0.5
1028,grid_search_01028,/Users/romanbaravalle/Documents/2026/M1-M1_vip...,apic_60,0.0005,./grid_batch,grid_search_01028,0.121809,0.5
1029,grid_search_01029,/Users/romanbaravalle/Documents/2026/M1-M1_vip...,apic_61,0.0005,./grid_batch,grid_search_01029,0.123406,0.5
1030,grid_search_01030,/Users/romanbaravalle/Documents/2026/M1-M1_vip...,apic_62,0.0005,./grid_batch,grid_search_01030,0.120823,0.5
1031,grid_search_01031,/Users/romanbaravalle/Documents/2026/M1-M1_vip...,apic_63,0.0005,./grid_batch,grid_search_01031,0.120823,0.5
1032,grid_search_01032,/Users/romanbaravalle/Documents/2026/M1-M1_vip...,apic_64,0.0005,./grid_batch,grid_search_01032,0.129745,0.5
1033,grid_search_01033,/Users/romanbaravalle/Documents/2026/M1-M1_vip...,apic_65,0.0005,./grid_batch,grid_search_01033,0.122041,0.5
1034,grid_search_01034,/Users/romanbaravalle/Documents/2026/M1-M1_vip...,apic_66,0.0005,./grid_batch,grid_search_01034,0.092679,0.5
1035,grid_search_01035,/Users/romanbaravalle/Documents/2026/M1-M1_vip...,apic_67,0.0005,./grid_batch,grid_search_01035,0.062964,0.5
1036,grid_search_01036,/Users/romanbaravalle/Documents/2026/M1-M1_vip...,apic_68,0.0005,./grid_batch,grid_search_01036,0.048781,0.5
1037,grid_search_01037,/Users/romanbaravalle/Documents/2026/M1-M1_vip...,apic_69,0.0005,./grid_batch,grid_search_01037,0.059791,0.5
1038,grid_search_01038,/Users/romanbaravalle/Documents/2026/M1-M1_vip...,apic_7,0.0005,./grid_batch,grid_search_01038,0.20899,0.5
1039,grid_search_01039,/Users/romanbaravalle/Documents/2026/M1-M1_vip...,apic_70,0.0005,./grid_batch,grid_search_01039,0.056256,0.5
1040,grid_search_01040,/Users/romanbaravalle/Documents/2026/M1-M1_vip...,apic_71,0.0005,./grid_batch,grid_search_01040,0.04844,0.5
1041,grid_search_01041,/Users/romanbaravalle/Documents/2026/M1-M1_vip...,apic_72,0.0005,./grid_batch,grid_search_01041,0.044162,0.5
1042,grid_search_01042,/Users/romanbaravalle/Documents/2026/M1-M1_vip...,apic_73,0.0005,./grid_batch,grid_search_01042,0.039793,0.5
1043,grid_search_01043,/Users/romanbaravalle/Documents/2026/M1-M1_vip...,apic_74,0.0005,./grid_batch,grid_search_01043,0.041585,0.5
1044,grid_search_01044,/Users/romanbaravalle/Documents/2026/M1-M1_vip...,apic_75,0.0005,./grid_batch,grid_search_01044,0.043199,0.5
1045,grid_search_01045,/Users/romanbaravalle/Documents/2026/M1-M1_vip...,apic_76,0.0005,./grid_batch,grid_search_01045,0.043058,0.5
1046,grid_search_01046,/Users/romanbaravalle/Documents/2026/M1-M1_vip...,apic_77,0.0005,./grid_batch,grid_search_01046,0.056893,0.5
1047,grid_search_01047,/Users/romanbaravalle/Documents/2026/M1-M1_vip...,apic_78,0.0005,./grid_batch,grid_search_01047,0.045931,0.5
1048,grid_search_01048,/Users/romanbaravalle/Documents/2026/M1-M1_vip...,apic_79,0.0005,./grid_batch,grid_search_01048,0.030427,0.5
1049,grid_search_01049,/Users/romanbaravalle/Documents/2026/M1-M1_vip...,apic_8,0.0005,./grid_batch,grid_search_01049,0.204624,0.5
1050,grid_search_01050,/Users/romanbaravalle/Documents/2026/M1-M1_vip...,apic_80,0.0005,./grid_batch,grid_search_01050,0.036091,0.5
1051,grid_search_01051,/Users/romanbaravalle/Documents/2026/M1-M1_vip...,apic_81,0.0005,./grid_batch,grid_search_01051,0.032038,0.5
1052,grid_search_01052,/Users/romanbaravalle/Documents/2026/M1-M1_vip...,apic_82,0.0005,./grid_batch,grid_search_01052,0.02901,0.5
1053,grid_search_01053,/Users/romanbaravalle/Documents/2026/M1-M1_vip...,apic_83,0.0005,./grid_batch,grid_search_01053,0.048573,0.5
1054,grid_search_01054,/Users/romanbaravalle/Documents/2026/M1-M1_vip...,apic_84,0.0005,./grid_batch,grid_search_01054,0.038685,0.5
1055,grid_search_01055,/Users/romanbaravalle/Documents/2026/M1-M1_vip...,apic_85,0.0005,./grid_batch,grid_search_01055,0.035879,0.5
1056,grid_search_01056,/Users/romanbaravalle/Documents/2026/M1-M1_vip...,apic_86,0.0005,./grid_batch,grid_search_01056,0.030114,0.5
1057,grid_search_01057,/Users/romanbaravalle/Documents/2026/M1-M1_vip...,apic_87,0.0005,./grid_batch,grid_search_01057,0.027066,0.5
1058,grid_search_01058,/Users/romanbaravalle/Documents/2026/M1-M1_vip...,apic_88,0.0005,./grid_batch,grid_search_01058,0.024848,0.5
1059,grid_search_01059,/Users/romanbaravalle/Documents/2026/M1-M1_vip...,apic_89,0.0005,./grid_batch,grid_search_01059,0.024718,0.5
1060,grid_search_01060,/Users/romanbaravalle/Documents/2026/M1-M1_vip...,apic_9,0.0005,./grid_batch,grid_search_01060,0.19525,0.5
1061,grid_search_01061,/Users/romanbaravalle/Documents/2026/M1-M1_vip...,apic_90,0.0005,./grid_batch,grid_search_01061,0.024751,0.5
1062,grid_search_01062,/Users/romanbaravalle/Documents/2026/M1-M1_vip...,apic_91,0.0005,./grid_batch,grid_search_01062,0.024677,0.5
1063,grid_search_01063,/Users/romanbaravalle/Documents/2026/M1-M1_vip...,apic_92,0.0005,./grid_batch,grid_search_01063,0.028968,0.5
1064,grid_search_01064,/Users/romanbaravalle/Documents/2026/M1-M1_vip...,apic_93,0.0005,./grid_batch,grid_search_01064,0.024336,0.5
1065,grid_search_01065,/Users/romanbaravalle/Documents/2026/M1-M1_vip...,apic_94,0.0005,./grid_batch,grid_search_01065,0.024028,0.5
1066,grid_search_01066,/Users/romanbaravalle/Documents/2026/M1-M1_vip...,apic_95,0.0005,./grid_batch,grid_search_01066,0.03271,0.5
1067,grid_search_01067,/Users/romanbaravalle/Documents/2026/M1-M1_vip...,apic_96,0.0005,./grid_batch,grid_search_01067,0.030949,0.5
1068,grid_search_01068,/Users/romanbaravalle/Documents/2026/M1-M1_vip...,apic_97,0.0005,./grid_batch,grid_search_01068,0.031034,0.5
1069,grid_search_01069,/Users/romanbaravalle/Documents/2026/M1-M1_vip...,apic_98,0.0005,./grid_batch,grid_search_01069,0.054777,0.5
1070,grid_search_01070,/Users/romanbaravalle/Documents/2026/M1-M1_vip...,apic_99,0.0005,./grid_batch,grid_search_01070,0.046739,0.5
1071,grid_search_01071,/Users/romanbaravalle/Documents/2026/M1-M1_vip...,dend_0,0.0005,./grid_batch,grid_search_01071,0.248107,0.5
1072,grid_search_01072,/Users/romanbaravalle/Documents/2026/M1-M1_vip...,dend_1,0.0005,./grid_batch,grid_search_01072,0.242993,0.5
1073,grid_search_01073,/Users/romanbaravalle/Documents/2026/M1-M1_vip...,dend_10,0.0005,./grid_batch,grid_search_01073,0.250856,0.5
1074,grid_search_01074,/Users/romanbaravalle/Documents/2026/M1-M1_vip...,dend_100,0.0005,./grid_batch,grid_search_01074,0.2445,0.5
1075,grid_search_01075,/Users/romanbaravalle/Documents/2026/M1-M1_vip...,dend_101,0.0005,./grid_batch,grid_search_01075,0.239574,0.5
1076,grid_search_01076,/Users/romanbaravalle/Documents/2026/M1-M1_vip...,dend_102,0.0005,./grid_batch,grid_search_01076,0.232427,0.5
1077,grid_search_01077,/Users/romanbaravalle/Documents/2026/M1-M1_vip...,dend_103,0.0005,./grid_batch,grid_search_01077,0.23735,0.5
1078,grid_search_01078,/Users/romanbaravalle/Documents/2026/M1-M1_vip...,dend_104,0.0005,./grid_batch,grid_search_01078,0.242802,0.5
1079,grid_search_01079,/Users/romanbaravalle/Documents/2026/M1-M1_vip...,dend_105,0.0005,./grid_batch,grid_search_01079,0.223966,0.5
1080,grid_search_01080,/Users/romanbaravalle/Documents/2026/M1-M1_vip...,dend_106,0.0005,./grid_batch,grid_search_01080,0.222559,0.5
1081,grid_search_01081,/Users/romanbaravalle/Documents/2026/M1-M1_vip...,dend_107,0.0005,./grid_batch,grid_search_01081,0.218345,0.5
1082,grid_search_01082,/Users/romanbaravalle/Documents/2026/M1-M1_vip...,dend_108,0.0005,./grid_batch,grid_search_01082,0.242219,0.5
1083,grid_search_01083,/Users/romanbaravalle/Documents/2026/M1-M1_vip...,dend_109,0.0005,./grid_batch,grid_search_01083,0.223082,0.5
1084,grid_search_01084,/Users/romanbaravalle/Documents/2026/M1-M1_vip...,dend_11,0.0005,./grid_batch,grid_search_01084,0.243028,0.5
1085,grid_search_01085,/Users/romanbaravalle/Documents/2026/M1-M1_vip...,dend_110,0.0005,./grid_batch,grid_search_01085,0.239041,0.5
1086,grid_search_01086,/Users/romanbaravalle/Documents/2026/M1-M1_vip...,dend_111,0.0005,./grid_batch,grid_search_01086,0.196901,0.5
1087,grid_search_01087,/Users/romanbaravalle/Documents/2026/M1-M1_vip...,dend_112,0.0005,./grid_batch,grid_search_01087,0.197062,0.5
1088,grid_search_01088,/Users/romanbaravalle/Documents/2026/M1-M1_vip...,dend_12,0.0005,./grid_batch,grid_search_01088,0.249242,0.5
1089,grid_search_01089,/Users/romanbaravalle/Documents/2026/M1-M1_vip...,dend_13,0.0005,./grid_batch,grid_search_01089,0.247902,0.5
1090,grid_search_01090,/Users/romanbaravalle/Documents/2026/M1-M1_vip...,dend_14,0.0005,./grid_batch,grid_search_01090,0.236213,0.5
1091,grid_search_01091,/Users/romanbaravalle/Documents/2026/M1-M1_vip...,dend_15,0.0005,./grid_batch,grid_search_01091,0.243448,0.5
1092,grid_search_01092,/Users/romanbaravalle/Documents/2026/M1-M1_vip...,dend_16,0.0005,./grid_batch,grid_search_01092,0.241309,0.5
1093,grid_search_01093,/Users/romanbaravalle/Documents/2026/M1-M1_vip...,dend_17,0.0005,./grid_batch,grid_search_01093,0.250803,0.5
1094,grid_search_01094,/Users/romanbaravalle/Documents/2026/M1-M1_vip...,dend_18,0.0005,./grid_batch,grid_search_01094,0.244675,0.5
1095,grid_search_01095,/Users/romanbaravalle/Documents/2026/M1-M1_vip...,dend_19,0.0005,./grid_batch,grid_search_01095,0.239958,0.5
1096,grid_search_01096,/Users/romanbaravalle/Documents/2026/M1-M1_vip...,dend_2,0.0005,./grid_batch,grid_search_01096,0.242148,0.5
1097,grid_search_01097,/Users/romanbaravalle/Documents/2026/M1-M1_vip...,dend_20,0.0005,./grid_batch,grid_search_01097,0.237149,0.5
1098,grid_search_01098,/Users/romanbaravalle/Documents/2026/M1-M1_vip...,dend_21,0.0005,./grid_batch,grid_search_01098,0.232162,0.5
1099,grid_search_01099,/Users/romanbaravalle/Documents/2026/M1-M1_vip...,dend_22,0.0005,./grid_batch,grid_search_01099,0.232375,0.5
1100,grid_search_01100,/Users/romanbaravalle/Documents/2026/M1-M1_vip...,dend_23,0.0005,./grid_batch,grid_search_01100,0.237309,0.5
1101,grid_search_01101,/Users/romanbaravalle/Documents/2026/M1-M1_vip...,dend_24,0.0005,./grid_batch,grid_search_01101,0.23317,0.5
1102,grid_search_01102,/Users/romanbaravalle/Documents/2026/M1-M1_vip...,dend_25,0.0005,./grid_batch,grid_search_01102,0.230772,0.5
1103,grid_search_01103,/Users/romanbaravalle/Documents/2026/M1-M1_vip...,dend_26,0.0005,./grid_batch,grid_search_01103,0.240206,0.5
1104,grid_search_01104,/Users/romanbaravalle/Documents/2026/M1-M1_vip...,dend_27,0.0005,./grid_batch,grid_search_01104,0.233285,0.5
1105,grid_search_01105,/Users/romanbaravalle/Documents/2026/M1-M1_vip...,dend_28,0.0005,./grid_batch,grid_search_01105,0.236551,0.5
1106,grid_search_01106,/Users/romanbaravalle/Documents/2026/M1-M1_vip...,dend_29,0.0005,./grid_batch,grid_search_01106,0.247736,0.5
1107,grid_search_01107,/Users/romanbaravalle/Documents/2026/M1-M1_vip...,dend_3,0.0005,./grid_batch,grid_search_01107,0.251758,0.5
1108,grid_search_01108,/Users/romanbaravalle/Documents/2026/M1-M1_vip...,dend_30,0.0005,./grid_batch,grid_search_01108,0.242336,0.5
1109,grid_search_01109,/Users/romanbaravalle/Documents/2026/M1-M1_vip...,dend_31,0.0005,./grid_batch,grid_search_01109,0.236369,0.5
1110,grid_search_01110,/Users/romanbaravalle/Documents/2026/M1-M1_vip...,dend_32,0.0005,./grid_batch,grid_search_01110,0.242387,0.5
1111,grid_search_01111,/Users/romanbaravalle/Documents/2026/M1-M1_vip...,dend_33,0.0005,./grid_batch,grid_search_01111,0.23208,0.5
1112,grid_search_01112,/Users/romanbaravalle/Documents/2026/M1-M1_vip...,dend_34,0.0005,./grid_batch,grid_search_01112,0.228403,0.5
1113,grid_search_01113,/Users/romanbaravalle/Documents/2026/M1-M1_vip...,dend_35,0.0005,./grid_batch,grid_search_01113,0.227358,0.5
1114,grid_search_01114,/Users/romanbaravalle/Documents/2026/M1-M1_vip...,dend_36,0.0005,./grid_batch,grid_search_01114,0.221152,0.5
1115,grid_search_01115,/Users/romanbaravalle/Documents/2026/M1-M1_vip...,dend_37,0.0005,./grid_batch,grid_search_01115,0.219354,0.5
1116,grid_search_01116,/Users/romanbaravalle/Documents/2026/M1-M1_vip...,dend_38,0.0005,./grid_batch,grid_search_01116,0.227205,0.5
1117,grid_search_01117,/Users/romanbaravalle/Documents/2026/M1-M1_vip...,dend_39,0.0005,./grid_batch,grid_search_01117,0.223791,0.5
1118,grid_search_01118,/Users/romanbaravalle/Documents/2026/M1-M1_vip...,dend_4,0.0005,./grid_batch,grid_search_01118,0.250249,0.5
1119,grid_search_01119,/Users/romanbaravalle/Documents/2026/M1-M1_vip...,dend_40,0.0005,./grid_batch,grid_search_01119,0.221397,0.5
1120,grid_search_01120,/Users/romanbaravalle/Documents/2026/M1-M1_vip...,dend_41,0.0005,./grid_batch,grid_search_01120,0.21331,0.5
1121,grid_search_01121,/Users/romanbaravalle/Documents/2026/M1-M1_vip...,dend_42,0.0005,./grid_batch,grid_search_01121,0.220205,0.5
1122,grid_search_01122,/Users/romanbaravalle/Documents/2026/M1-M1_vip...,dend_43,0.0005,./grid_batch,grid_search_01122,0.214172,0.5
1123,grid_search_01123,/Users/romanbaravalle/Documents/2026/M1-M1_vip...,dend_44,0.0005,./grid_batch,grid_search_01123,0.216161,0.5
1124,grid_search_01124,/Users/romanbaravalle/Documents/2026/M1-M1_vip...,dend_45,0.0005,./grid_batch,grid_search_01124,0.216825,0.5
1125,grid_search_01125,/Users/romanbaravalle/Documents/2026/M1-M1_vip...,dend_46,0.0005,./grid_batch,grid_search_01125,0.2248,0.5
1126,grid_search_01126,/Users/romanbaravalle/Documents/2026/M1-M1_vip...,dend_47,0.0005,./grid_batch,grid_search_01126,0.218118,0.5
1127,grid_search_01127,/Users/romanbaravalle/Documents/2026/M1-M1_vip...,dend_48,0.0005,./grid_batch,grid_search_01127,0.222221,0.5
1128,grid_search_01128,/Users/romanbaravalle/Documents/2026/M1-M1_vip...,dend_49,0.0005,./grid_batch,grid_search_01128,0.215312,0.5
1129,grid_search_01129,/Users/romanbaravalle/Documents/2026/M1-M1_vip...,dend_5,0.0005,./grid_batch,grid_search_01129,0.179302,0.5
1130,grid_search_01130,/Users/romanbaravalle/Documents/2026/M1-M1_vip...,dend_50,0.0005,./grid_batch,grid_search_01130,0.216128,0.5
1131,grid_search_01131,/Users/romanbaravalle/Documents/2026/M1-M1_vip...,dend_51,0.0005,./grid_batch,grid_search_01131,0.228419,0.5
1132,grid_search_01132,/Users/romanbaravalle/Documents/2026/M1-M1_vip...,dend_52,0.0005,./grid_batch,grid_search_01132,0.226943,0.5
1133,grid_search_01133,/Users/romanbaravalle/Documents/2026/M1-M1_vip...,dend_53,0.0005,./grid_batch,grid_search_01133,0.219243,0.5
1134,grid_search_01134,/Users/romanbaravalle/Documents/2026/M1-M1_vip...,dend_54,0.0005,./grid_batch,grid_search_01134,0.220491,0.5
1135,grid_search_01135,/Users/romanbaravalle/Documents/2026/M1-M1_vip...,dend_55,0.0005,./grid_batch,grid_search_01135,0.220246,0.5
1136,grid_search_01136,/Users/romanbaravalle/Documents/2026/M1-M1_vip...,dend_56,0.0005,./grid_batch,grid_search_01136,0.228737,0.5
1137,grid_search_01137,/Users/romanbaravalle/Documents/2026/M1-M1_vip...,dend_57,0.0005,./grid_batch,grid_search_01137,0.251988,0.5
1138,grid_search_01138,/Users/romanbaravalle/Documents/2026/M1-M1_vip...,dend_58,0.0005,./grid_batch,grid_search_01138,0.247887,0.5
1139,grid_search_01139,/Users/romanbaravalle/Documents/2026/M1-M1_vip...,dend_59,0.0005,./grid_batch,grid_search_01139,0.244929,0.5
1140,grid_search_01140,/Users/romanbaravalle/Documents/2026/M1-M1_vip...,dend_6,0.0005,./grid_batch,grid_search_01140,0.262128,0.5
1141,grid_search_01141,/Users/romanbaravalle/Documents/2026/M1-M1_vip...,dend_60,0.0005,./grid_batch,grid_search_01141,0.250652,0.5
1142,grid_search_01142,/Users/romanbaravalle/Documents/2026/M1-M1_vip...,dend_61,0.0005,./grid_batch,grid_search_01142,0.246507,0.5
1143,grid_search_01143,/Users/romanbaravalle/Documents/2026/M1-M1_vip...,dend_62,0.0005,./grid_batch,grid_search_01143,0.246458,0.5
1144,grid_search_01144,/Users/romanbaravalle/Documents/2026/M1-M1_vip...,dend_63,0.0005,./grid_batch,grid_search_01144,0.250809,0.5
1145,grid_search_01145,/Users/romanbaravalle/Documents/2026/M1-M1_vip...,dend_64,0.0005,./grid_batch,grid_search_01145,0.248776,0.5
1146,grid_search_01146,/Users/romanbaravalle/Documents/2026/M1-M1_vip...,dend_65,0.0005,./grid_batch,grid_search_01146,0.245137,0.5
1147,grid_search_01147,/Users/romanbaravalle/Documents/2026/M1-M1_vip...,dend_66,0.0005,./grid_batch,grid_search_01147,0.245585,0.5
1148,grid_search_01148,/Users/romanbaravalle/Documents/2026/M1-M1_vip...,dend_67,0.0005,./grid_batch,grid_search_01148,0.244485,0.5
1149,grid_search_01149,/Users/romanbaravalle/Documents/2026/M1-M1_vip...,dend_68,0.0005,./grid_batch,grid_search_01149,0.249862,0.5
1150,grid_search_01150,/Users/romanbaravalle/Documents/2026/M1-M1_vip...,dend_69,0.0005,./grid_batch,grid_search_01150,0.24548,0.5
1151,grid_search_01151,/Users/romanbaravalle/Documents/2026/M1-M1_vip...,dend_7,0.0005,./grid_batch,grid_search_01151,0.250362,0.5
1152,grid_search_01152,/Users/romanbaravalle/Documents/2026/M1-M1_vip...,dend_70,0.0005,./grid_batch,grid_search_01152,0.23922,0.5
1153,grid_search_01153,/Users/romanbaravalle/Documents/2026/M1-M1_vip...,dend_71,0.0005,./grid_batch,grid_search_01153,0.201085,0.5
1154,grid_search_01154,/Users/romanbaravalle/Documents/2026/M1-M1_vip...,dend_72,0.0005,./grid_batch,grid_search_01154,0.233305,0.5
1155,grid_search_01155,/Users/romanbaravalle/Documents/2026/M1-M1_vip...,dend_73,0.0005,./grid_batch,grid_search_01155,0.250612,0.5
1156,grid_search_01156,/Users/romanbaravalle/Documents/2026/M1-M1_vip...,dend_74,0.0005,./grid_batch,grid_search_01156,0.246545,0.5
1157,grid_search_01157,/Users/romanbaravalle/Documents/2026/M1-M1_vip...,dend_75,0.0005,./grid_batch,grid_search_01157,0.2432,0.5
1158,grid_search_01158,/Users/romanbaravalle/Documents/2026/M1-M1_vip...,dend_76,0.0005,./grid_batch,grid_search_01158,0.236669,0.5
1159,grid_search_01159,/Users/romanbaravalle/Documents/2026/M1-M1_vip...,dend_77,0.0005,./grid_batch,grid_search_01159,0.241351,0.5
1160,grid_search_01160,/Users/romanbaravalle/Documents/2026/M1-M1_vip...,dend_78,0.0005,./grid_batch,grid_search_01160,0.236441,0.5
1161,grid_search_01161,/Users/romanbaravalle/Documents/2026/M1-M1_vip...,dend_79,0.0005,./grid_batch,grid_search_01161,0.240667,0.5
1162,grid_search_01162,/Users/romanbaravalle/Documents/2026/M1-M1_vip...,dend_8,0.0005,./grid_batch,grid_search_01162,0.244057,0.5
1163,grid_search_01163,/Users/romanbaravalle/Documents/2026/M1-M1_vip...,dend_80,0.0005,./grid_batch,grid_search_01163,0.244121,0.5
1164,grid_search_01164,/Users/romanbaravalle/Documents/2026/M1-M1_vip...,dend_81,0.0005,./grid_batch,grid_search_01164,0.235555,0.5
1165,grid_search_01165,/Users/romanbaravalle/Documents/2026/M1-M1_vip...,dend_82,0.0005,./grid_batch,grid_search_01165,0.240032,0.5
1166,grid_search_01166,/Users/romanbaravalle/Documents/2026/M1-M1_vip...,dend_83,0.0005,./grid_batch,grid_search_01166,0.237122,0.5
1167,grid_search_01167,/Users/romanbaravalle/Documents/2026/M1-M1_vip...,dend_84,0.0005,./grid_batch,grid_search_01167,0.234323,0.5
1168,grid_search_01168,/Users/romanbaravalle/Documents/2026/M1-M1_vip...,dend_85,0.0005,./grid_batch,grid_search_01168,0.230086,0.5
1169,grid_search_01169,/Users/romanbaravalle/Documents/2026/M1-M1_vip...,dend_86,0.0005,./grid_batch,grid_search_01169,0.228006,0.5
1170,grid_search_01170,/Users/romanbaravalle/Documents/2026/M1-M1_vip...,dend_87,0.0005,./grid_batch,grid_search_01170,0.248781,0.5
1171,grid_search_01171,/Users/romanbaravalle/Documents/2026/M1-M1_vip...,dend_88,0.0005,./grid_batch,grid_search_01171,0.245303,0.5
1172,grid_search_01172,/Users/romanbaravalle/Documents/2026/M1-M1_vip...,dend_89,0.0005,./grid_batch,grid_search_01172,0.231035,0.5
1173,grid_search_01173,/Users/romanbaravalle/Documents/2026/M1-M1_vip...,dend_9,0.0005,./grid_batch,grid_search_01173,0.239754,0.5
1174,grid_search_01174,/Users/romanbaravalle/Documents/2026/M1-M1_vip...,dend_90,0.0005,./grid_batch,grid_search_01174,0.238909,0.5
1175,grid_search_01175,/Users/romanbaravalle/Documents/2026/M1-M1_vip...,dend_91,0.0005,./grid_batch,grid_search_01175,0.216733,0.5
1176,grid_search_01176,/Users/romanbaravalle/Documents/2026/M1-M1_vip...,dend_92,0.0005,./grid_batch,grid_search_01176,0.215314,0.5
1177,grid_search_01177,/Users/romanbaravalle/Documents/2026/M1-M1_vip...,dend_93,0.0005,./grid_batch,grid_search_01177,0.247627,0.5
1178,grid_search_01178,/Users/romanbaravalle/Documents/2026/M1-M1_vip...,dend_94,0.0005,./grid_batch,grid_search_01178,0.244467,0.5
1179,grid_search_01179,/Users/romanbaravalle/Documents/2026/M1-M1_vip...,dend_95,0.0005,./grid_batch,grid_search_01179,0.175762,0.5
1180,grid_search_01180,/Users/romanbaravalle/Documents/2026/M1-M1_vip...,dend_96,0.0005,./grid_batch,grid_search_01180,0.090317,0.5
1181,grid_search_01181,/Users/romanbaravalle/Documents/2026/M1-M1_vip...,dend_97,0.0005,./grid_batch,grid_search_01181,0.145556,0.5
1182,grid_search_01182,/Users/romanbaravalle/Documents/2026/M1-M1_vip...,dend_98,0.0005,./grid_batch,grid_search_01182,0.24002,0.5
1183,grid_search_01183,/Users/romanbaravalle/Documents/2026/M1-M1_vip...,dend_99,0.0005,./grid_batch,grid_search_01183,0.2409,0.5
1184,grid_search_01184,/Users/romanbaravalle/Documents/2026/M1-M1_vip...,soma,0.0005,./grid_batch,grid_search_01184,0.252175,0.5
1185,grid_search_01185,/Users/romanbaravalle/Documents/2026/M1-M1_vip...,apic_0,0.0006,./grid_batch,grid_search_01185,0.298089,0.5
1186,grid_search_01186,/Users/romanbaravalle/Documents/2026/M1-M1_vip...,apic_1,0.0006,./grid_batch,grid_search_01186,0.285825,0.5
1187,grid_search_01187,/Users/romanbaravalle/Documents/2026/M1-M1_vip...,apic_10,0.0006,./grid_batch,grid_search_01187,0.236122,0.5
1188,grid_search_01188,/Users/romanbaravalle/Documents/2026/M1-M1_vip...,apic_100,0.0006,./grid_batch,grid_search_01188,0.046972,0.5
1189,grid_search_01189,/Users/romanbaravalle/Documents/2026/M1-M1_vip...,apic_101,0.0006,./grid_batch,grid_search_01189,0.044127,0.5
1190,grid_search_01190,/Users/romanbaravalle/Documents/2026/M1-M1_vip...,apic_102,0.0006,./grid_batch,grid_search_01190,0.044127,0.5
1191,grid_search_01191,/Users/romanbaravalle/Documents/2026/M1-M1_vip...,apic_103,0.0006,./grid_batch,grid_search_01191,0.055081,0.5
1192,grid_search_01192,/Users/romanbaravalle/Documents/2026/M1-M1_vip...,apic_104,0.0006,./grid_batch,grid_search_01192,0.056737,0.5
1193,grid_search_01193,/Users/romanbaravalle/Documents/2026/M1-M1_vip...,apic_105,0.0006,./grid_batch,grid_search_01193,0.055878,0.5
1194,grid_search_01194,/Users/romanbaravalle/Documents/2026/M1-M1_vip...,apic_106,0.0006,./grid_batch,grid_search_01194,0.053758,0.5
1195,grid_search_01195,/Users/romanbaravalle/Documents/2026/M1-M1_vip...,apic_107,0.0006,./grid_batch,grid_search_01195,0.043364,0.5
1196,grid_search_01196,/Users/romanbaravalle/Documents/2026/M1-M1_vip...,apic_108,0.0006,./grid_batch,grid_search_01196,0.033909,0.5
1197,grid_search_01197,/Users/romanbaravalle/Documents/2026/M1-M1_vip...,apic_109,0.0006,./grid_batch,grid_search_01197,0.032853,0.5
1198,grid_search_01198,/Users/romanbaravalle/Documents/2026/M1-M1_vip...,apic_11,0.0006,./grid_batch,grid_search_01198,0.236236,0.5
1199,grid_search_01199,/Users/romanbaravalle/Documents/2026/M1-M1_vip...,apic_110,0.0006,./grid_batch,grid_search_01199,0.032853,0.5
1200,grid_search_01200,/Users/romanbaravalle/Documents/2026/M1-M1_vip...,apic_111,0.0006,./grid_batch,grid_search_01200,0.034124,0.5
1201,grid_search_01201,/Users/romanbaravalle/Documents/2026/M1-M1_vip...,apic_112,0.0006,./grid_batch,grid_search_01201,0.055623,0.5
1202,grid_search_01202,/Users/romanbaravalle/Documents/2026/M1-M1_vip...,apic_113,0.0006,./grid_batch,grid_search_01202,0.239718,0.5
1203,grid_search_01203,/Users/romanbaravalle/Documents/2026/M1-M1_vip...,apic_114,0.0006,./grid_batch,grid_search_01203,0.286208,0.5
1204,grid_search_01204,/Users/romanbaravalle/Documents/2026/M1-M1_vip...,apic_115,0.0006,./grid_batch,grid_search_01204,0.280643,0.5
1205,grid_search_01205,/Users/romanbaravalle/Documents/2026/M1-M1_vip...,apic_116,0.0006,./grid_batch,grid_search_01205,0.279644,0.5
1206,grid_search_01206,/Users/romanbaravalle/Documents/2026/M1-M1_vip...,apic_117,0.0006,./grid_batch,grid_search_01206,0.277396,0.5
1207,grid_search_01207,/Users/romanbaravalle/Documents/2026/M1-M1_vip...,apic_118,0.0006,./grid_batch,grid_search_01207,0.263306,0.5
1208,grid_search_01208,/Users/romanbaravalle/Documents/2026/M1-M1_vip...,apic_119,0.0006,./grid_batch,grid_search_01208,0.261222,0.5
1209,grid_search_01209,/Users/romanbaravalle/Documents/2026/M1-M1_vip...,apic_12,0.0006,./grid_batch,grid_search_01209,0.24738,0.5
1210,grid_search_01210,/Users/romanbaravalle/Documents/2026/M1-M1_vip...,apic_120,0.0006,./grid_batch,grid_search_01210,0.267618,0.5
1211,grid_search_01211,/Users/romanbaravalle/Documents/2026/M1-M1_vip...,apic_121,0.0006,./grid_batch,grid_search_01211,0.270147,0.5
1212,grid_search_01212,/Users/romanbaravalle/Documents/2026/M1-M1_vip...,apic_122,0.0006,./grid_batch,grid_search_01212,0.276572,0.5
1213,grid_search_01213,/Users/romanbaravalle/Documents/2026/M1-M1_vip...,apic_13,0.0006,./grid_batch,grid_search_01213,0.238886,0.5
1214,grid_search_01214,/Users/romanbaravalle/Documents/2026/M1-M1_vip...,apic_14,0.0006,./grid_batch,grid_search_01214,0.241638,0.5
1215,grid_search_01215,/Users/romanbaravalle/Documents/2026/M1-M1_vip...,apic_15,0.0006,./grid_batch,grid_search_01215,0.234556,0.5
1216,grid_search_01216,/Users/romanbaravalle/Documents/2026/M1-M1_vip...,apic_16,0.0006,./grid_batch,grid_search_01216,0.238788,0.5
1217,grid_search_01217,/Users/romanbaravalle/Documents/2026/M1-M1_vip...,apic_17,0.0006,./grid_batch,grid_search_01217,0.252076,0.5
1218,grid_search_01218,/Users/romanbaravalle/Documents/2026/M1-M1_vip...,apic_18,0.0006,./grid_batch,grid_search_01218,0.232758,0.5
1219,grid_search_01219,/Users/romanbaravalle/Documents/2026/M1-M1_vip...,apic_19,0.0006,./grid_batch,grid_search_01219,0.220109,0.5
1220,grid_search_01220,/Users/romanbaravalle/Documents/2026/M1-M1_vip...,apic_2,0.0006,./grid_batch,grid_search_01220,0.263148,0.5
1221,grid_search_01221,/Users/romanbaravalle/Documents/2026/M1-M1_vip...,apic_20,0.0006,./grid_batch,grid_search_01221,0.218509,0.5
1222,grid_search_01222,/Users/romanbaravalle/Documents/2026/M1-M1_vip...,apic_21,0.0006,./grid_batch,grid_search_01222,0.214855,0.5
1223,grid_search_01223,/Users/romanbaravalle/Documents/2026/M1-M1_vip...,apic_22,0.0006,./grid_batch,grid_search_01223,0.200713,0.5
1224,grid_search_01224,/Users/romanbaravalle/Documents/2026/M1-M1_vip...,apic_23,0.0006,./grid_batch,grid_search_01224,0.203748,0.5
1225,grid_search_01225,/Users/romanbaravalle/Documents/2026/M1-M1_vip...,apic_24,0.0006,./grid_batch,grid_search_01225,0.216961,0.5
1226,grid_search_01226,/Users/romanbaravalle/Documents/2026/M1-M1_vip...,apic_25,0.0006,./grid_batch,grid_search_01226,0.209144,0.5
1227,grid_search_01227,/Users/romanbaravalle/Documents/2026/M1-M1_vip...,apic_26,0.0006,./grid_batch,grid_search_01227,0.207394,0.5
1228,grid_search_01228,/Users/romanbaravalle/Documents/2026/M1-M1_vip...,apic_27,0.0006,./grid_batch,grid_search_01228,0.216858,0.5
1229,grid_search_01229,/Users/romanbaravalle/Documents/2026/M1-M1_vip...,apic_28,0.0006,./grid_batch,grid_search_01229,0.209161,0.5
1230,grid_search_01230,/Users/romanbaravalle/Documents/2026/M1-M1_vip...,apic_29,0.0006,./grid_batch,grid_search_01230,0.209269,0.5
1231,grid_search_01231,/Users/romanbaravalle/Documents/2026/M1-M1_vip...,apic_3,0.0006,./grid_batch,grid_search_01231,0.273812,0.5
1232,grid_search_01232,/Users/romanbaravalle/Documents/2026/M1-M1_vip...,apic_30,0.0006,./grid_batch,grid_search_01232,0.214841,0.5
1233,grid_search_01233,/Users/romanbaravalle/Documents/2026/M1-M1_vip...,apic_31,0.0006,./grid_batch,grid_search_01233,0.205956,0.5
1234,grid_search_01234,/Users/romanbaravalle/Documents/2026/M1-M1_vip...,apic_32,0.0006,./grid_batch,grid_search_01234,0.199336,0.5
1235,grid_search_01235,/Users/romanbaravalle/Documents/2026/M1-M1_vip...,apic_33,0.0006,./grid_batch,grid_search_01235,0.197055,0.5
1236,grid_search_01236,/Users/romanbaravalle/Documents/2026/M1-M1_vip...,apic_34,0.0006,./grid_batch,grid_search_01236,0.200463,0.5
1237,grid_search_01237,/Users/romanbaravalle/Documents/2026/M1-M1_vip...,apic_35,0.0006,./grid_batch,grid_search_01237,0.185945,0.5
1238,grid_search_01238,/Users/romanbaravalle/Documents/2026/M1-M1_vip...,apic_36,0.0006,./grid_batch,grid_search_01238,0.188016,0.5
1239,grid_search_01239,/Users/romanbaravalle/Documents/2026/M1-M1_vip...,apic_37,0.0006,./grid_batch,grid_search_01239,0.172852,0.5
1240,grid_search_01240,/Users/romanbaravalle/Documents/2026/M1-M1_vip...,apic_38,0.0006,./grid_batch,grid_search_01240,0.180165,0.5
1241,grid_search_01241,/Users/romanbaravalle/Documents/2026/M1-M1_vip...,apic_39,0.0006,./grid_batch,grid_search_01241,0.170675,0.5
1242,grid_search_01242,/Users/romanbaravalle/Documents/2026/M1-M1_vip...,apic_4,0.0006,./grid_batch,grid_search_01242,0.249531,0.5
1243,grid_search_01243,/Users/romanbaravalle/Documents/2026/M1-M1_vip...,apic_40,0.0006,./grid_batch,grid_search_01243,0.177273,0.5
1244,grid_search_01244,/Users/romanbaravalle/Documents/2026/M1-M1_vip...,apic_41,0.0006,./grid_batch,grid_search_01244,0.174526,0.5
1245,grid_search_01245,/Users/romanbaravalle/Documents/2026/M1-M1_vip...,apic_42,0.0006,./grid_batch,grid_search_01245,0.172192,0.5
1246,grid_search_01246,/Users/romanbaravalle/Documents/2026/M1-M1_vip...,apic_43,0.0006,./grid_batch,grid_search_01246,0.159833,0.5
1247,grid_search_01247,/Users/romanbaravalle/Documents/2026/M1-M1_vip...,apic_44,0.0006,./grid_batch,grid_search_01247,0.150084,0.5
1248,grid_search_01248,/Users/romanbaravalle/Documents/2026/M1-M1_vip...,apic_45,0.0006,./grid_batch,grid_search_01248,0.150084,0.5
1249,grid_search_01249,/Users/romanbaravalle/Documents/2026/M1-M1_vip...,apic_46,0.0006,./grid_batch,grid_search_01249,0.155353,0.5
1250,grid_search_01250,/Users/romanbaravalle/Documents/2026/M1-M1_vip...,apic_47,0.0006,./grid_batch,grid_search_01250,0.164309,0.5
1251,grid_search_01251,/Users/romanbaravalle/Documents/2026/M1-M1_vip...,apic_48,0.0006,./grid_batch,grid_search_01251,0.14232,0.5
1252,grid_search_01252,/Users/romanbaravalle/Documents/2026/M1-M1_vip...,apic_49,0.0006,./grid_batch,grid_search_01252,0.127118,0.5
1253,grid_search_01253,/Users/romanbaravalle/Documents/2026/M1-M1_vip...,apic_5,0.0006,./grid_batch,grid_search_01253,0.263738,0.5
1254,grid_search_01254,/Users/romanbaravalle/Documents/2026/M1-M1_vip...,apic_50,0.0006,./grid_batch,grid_search_01254,0.127118,0.5
1255,grid_search_01255,/Users/romanbaravalle/Documents/2026/M1-M1_vip...,apic_51,0.0006,./grid_batch,grid_search_01255,0.134416,0.5
1256,grid_search_01256,/Users/romanbaravalle/Documents/2026/M1-M1_vip...,apic_52,0.0006,./grid_batch,grid_search_01256,0.173055,0.5
1257,grid_search_01257,/Users/romanbaravalle/Documents/2026/M1-M1_vip...,apic_53,0.0006,./grid_batch,grid_search_01257,0.166299,0.5
1258,grid_search_01258,/Users/romanbaravalle/Documents/2026/M1-M1_vip...,apic_54,0.0006,./grid_batch,grid_search_01258,0.165062,0.5
1259,grid_search_01259,/Users/romanbaravalle/Documents/2026/M1-M1_vip...,apic_55,0.0006,./grid_batch,grid_search_01259,0.156818,0.5
1260,grid_search_01260,/Users/romanbaravalle/Documents/2026/M1-M1_vip...,apic_56,0.0006,./grid_batch,grid_search_01260,0.152729,0.5
1261,grid_search_01261,/Users/romanbaravalle/Documents/2026/M1-M1_vip...,apic_57,0.0006,./grid_batch,grid_search_01261,0.143627,0.5
1262,grid_search_01262,/Users/romanbaravalle/Documents/2026/M1-M1_vip...,apic_58,0.0006,./grid_batch,grid_search_01262,0.144386,0.5
1263,grid_search_01263,/Users/romanbaravalle/Documents/2026/M1-M1_vip...,apic_59,0.0006,./grid_batch,grid_search_01263,0.151903,0.5
1264,grid_search_01264,/Users/romanbaravalle/Documents/2026/M1-M1_vip...,apic_6,0.0006,./grid_batch,grid_search_01264,0.256731,0.5
1265,grid_search_01265,/Users/romanbaravalle/Documents/2026/M1-M1_vip...,apic_60,0.0006,./grid_batch,grid_search_01265,0.145319,0.5
1266,grid_search_01266,/Users/romanbaravalle/Documents/2026/M1-M1_vip...,apic_61,0.0006,./grid_batch,grid_search_01266,0.147429,0.5
1267,grid_search_01267,/Users/romanbaravalle/Documents/2026/M1-M1_vip...,apic_62,0.0006,./grid_batch,grid_search_01267,0.144015,0.5
1268,grid_search_01268,/Users/romanbaravalle/Documents/2026/M1-M1_vip...,apic_63,0.0006,./grid_batch,grid_search_01268,0.144015,0.5
1269,grid_search_01269,/Users/romanbaravalle/Documents/2026/M1-M1_vip...,apic_64,0.0006,./grid_batch,grid_search_01269,0.155552,0.5
1270,grid_search_01270,/Users/romanbaravalle/Documents/2026/M1-M1_vip...,apic_65,0.0006,./grid_batch,grid_search_01270,0.145725,0.5
1271,grid_search_01271,/Users/romanbaravalle/Documents/2026/M1-M1_vip...,apic_66,0.0006,./grid_batch,grid_search_01271,0.11114,0.5
1272,grid_search_01272,/Users/romanbaravalle/Documents/2026/M1-M1_vip...,apic_67,0.0006,./grid_batch,grid_search_01272,0.075541,0.5
1273,grid_search_01273,/Users/romanbaravalle/Documents/2026/M1-M1_vip...,apic_68,0.0006,./grid_batch,grid_search_01273,0.058575,0.5
1274,grid_search_01274,/Users/romanbaravalle/Documents/2026/M1-M1_vip...,apic_69,0.0006,./grid_batch,grid_search_01274,0.07174,0.5
1275,grid_search_01275,/Users/romanbaravalle/Documents/2026/M1-M1_vip...,apic_7,0.0006,./grid_batch,grid_search_01275,0.250293,0.5
1276,grid_search_01276,/Users/romanbaravalle/Documents/2026/M1-M1_vip...,apic_70,0.0006,./grid_batch,grid_search_01276,0.067492,0.5
1277,grid_search_01277,/Users/romanbaravalle/Documents/2026/M1-M1_vip...,apic_71,0.0006,./grid_batch,grid_search_01277,0.058107,0.5
1278,grid_search_01278,/Users/romanbaravalle/Documents/2026/M1-M1_vip...,apic_72,0.0006,./grid_batch,grid_search_01278,0.053002,0.5
1279,grid_search_01279,/Users/romanbaravalle/Documents/2026/M1-M1_vip...,apic_73,0.0006,./grid_batch,grid_search_01279,0.047803,0.5
1280,grid_search_01280,/Users/romanbaravalle/Documents/2026/M1-M1_vip...,apic_74,0.0006,./grid_batch,grid_search_01280,0.049889,0.5
1281,grid_search_01281,/Users/romanbaravalle/Documents/2026/M1-M1_vip...,apic_75,0.0006,./grid_batch,grid_search_01281,0.05179,0.5
1282,grid_search_01282,/Users/romanbaravalle/Documents/2026/M1-M1_vip...,apic_76,0.0006,./grid_batch,grid_search_01282,0.051738,0.5
1283,grid_search_01283,/Users/romanbaravalle/Documents/2026/M1-M1_vip...,apic_77,0.0006,./grid_batch,grid_search_01283,0.068264,0.5
1284,grid_search_01284,/Users/romanbaravalle/Documents/2026/M1-M1_vip...,apic_78,0.0006,./grid_batch,grid_search_01284,0.055095,0.5
1285,grid_search_01285,/Users/romanbaravalle/Documents/2026/M1-M1_vip...,apic_79,0.0006,./grid_batch,grid_search_01285,0.036738,0.5
1286,grid_search_01286,/Users/romanbaravalle/Documents/2026/M1-M1_vip...,apic_8,0.0006,./grid_batch,grid_search_01286,0.244784,0.5
1287,grid_search_01287,/Users/romanbaravalle/Documents/2026/M1-M1_vip...,apic_80,0.0006,./grid_batch,grid_search_01287,0.043363,0.5
1288,grid_search_01288,/Users/romanbaravalle/Documents/2026/M1-M1_vip...,apic_81,0.0006,./grid_batch,grid_search_01288,0.038533,0.5
1289,grid_search_01289,/Users/romanbaravalle/Documents/2026/M1-M1_vip...,apic_82,0.0006,./grid_batch,grid_search_01289,0.035011,0.5
1290,grid_search_01290,/Users/romanbaravalle/Documents/2026/M1-M1_vip...,apic_83,0.0006,./grid_batch,grid_search_01290,0.058273,0.5
1291,grid_search_01291,/Users/romanbaravalle/Documents/2026/M1-M1_vip...,apic_84,0.0006,./grid_batch,grid_search_01291,0.046438,0.5
1292,grid_search_01292,/Users/romanbaravalle/Documents/2026/M1-M1_vip...,apic_85,0.0006,./grid_batch,grid_search_01292,0.043075,0.5
1293,grid_search_01293,/Users/romanbaravalle/Documents/2026/M1-M1_vip...,apic_86,0.0006,./grid_batch,grid_search_01293,0.036204,0.5
1294,grid_search_01294,/Users/romanbaravalle/Documents/2026/M1-M1_vip...,apic_87,0.0006,./grid_batch,grid_search_01294,0.032602,0.5
1295,grid_search_01295,/Users/romanbaravalle/Documents/2026/M1-M1_vip...,apic_88,0.0006,./grid_batch,grid_search_01295,0.029925,0.5
1296,grid_search_01296,/Users/romanbaravalle/Documents/2026/M1-M1_vip...,apic_89,0.0006,./grid_batch,grid_search_01296,0.029758,0.5
1297,grid_search_01297,/Users/romanbaravalle/Documents/2026/M1-M1_vip...,apic_9,0.0006,./grid_batch,grid_search_01297,0.23258,0.5
1298,grid_search_01298,/Users/romanbaravalle/Documents/2026/M1-M1_vip...,apic_90,0.0006,./grid_batch,grid_search_01298,0.029798,0.5
1299,grid_search_01299,/Users/romanbaravalle/Documents/2026/M1-M1_vip...,apic_91,0.0006,./grid_batch,grid_search_01299,0.029722,0.5
1300,grid_search_01300,/Users/romanbaravalle/Documents/2026/M1-M1_vip...,apic_92,0.0006,./grid_batch,grid_search_01300,0.03485,0.5
1301,grid_search_01301,/Users/romanbaravalle/Documents/2026/M1-M1_vip...,apic_93,0.0006,./grid_batch,grid_search_01301,0.029339,0.5
1302,grid_search_01302,/Users/romanbaravalle/Documents/2026/M1-M1_vip...,apic_94,0.0006,./grid_batch,grid_search_01302,0.028981,0.5
1303,grid_search_01303,/Users/romanbaravalle/Documents/2026/M1-M1_vip...,apic_95,0.0006,./grid_batch,grid_search_01303,0.039332,0.5
1304,grid_search_01304,/Users/romanbaravalle/Documents/2026/M1-M1_vip...,apic_96,0.0006,./grid_batch,grid_search_01304,0.037142,0.5
1305,grid_search_01305,/Users/romanbaravalle/Documents/2026/M1-M1_vip...,apic_97,0.0006,./grid_batch,grid_search_01305,0.037244,0.5
1306,grid_search_01306,/Users/romanbaravalle/Documents/2026/M1-M1_vip...,apic_98,0.0006,./grid_batch,grid_search_01306,0.065717,0.5
1307,grid_search_01307,/Users/romanbaravalle/Documents/2026/M1-M1_vip...,apic_99,0.0006,./grid_batch,grid_search_01307,0.056056,0.5
1308,grid_search_01308,/Users/romanbaravalle/Documents/2026/M1-M1_vip...,dend_0,0.0006,./grid_batch,grid_search_01308,0.296967,0.5
1309,grid_search_01309,/Users/romanbaravalle/Documents/2026/M1-M1_vip...,dend_1,0.0006,./grid_batch,grid_search_01309,0.289926,0.5
1310,grid_search_01310,/Users/romanbaravalle/Documents/2026/M1-M1_vip...,dend_10,0.0006,./grid_batch,grid_search_01310,0.300778,0.5
1311,grid_search_01311,/Users/romanbaravalle/Documents/2026/M1-M1_vip...,dend_100,0.0006,./grid_batch,grid_search_01311,0.29295,0.5
1312,grid_search_01312,/Users/romanbaravalle/Documents/2026/M1-M1_vip...,dend_101,0.0006,./grid_batch,grid_search_01312,0.286442,0.5
1313,grid_search_01313,/Users/romanbaravalle/Documents/2026/M1-M1_vip...,dend_102,0.0006,./grid_batch,grid_search_01313,0.276798,0.5
1314,grid_search_01314,/Users/romanbaravalle/Documents/2026/M1-M1_vip...,dend_103,0.0006,./grid_batch,grid_search_01314,0.28343,0.5
1315,grid_search_01315,/Users/romanbaravalle/Documents/2026/M1-M1_vip...,dend_104,0.0006,./grid_batch,grid_search_01315,0.290802,0.5
1316,grid_search_01316,/Users/romanbaravalle/Documents/2026/M1-M1_vip...,dend_105,0.0006,./grid_batch,grid_search_01316,0.265949,0.5
1317,grid_search_01317,/Users/romanbaravalle/Documents/2026/M1-M1_vip...,dend_106,0.0006,./grid_batch,grid_search_01317,0.264047,0.5
1318,grid_search_01318,/Users/romanbaravalle/Documents/2026/M1-M1_vip...,dend_107,0.0006,./grid_batch,grid_search_01318,0.258416,0.5
1319,grid_search_01319,/Users/romanbaravalle/Documents/2026/M1-M1_vip...,dend_108,0.0006,./grid_batch,grid_search_01319,0.290021,0.5
1320,grid_search_01320,/Users/romanbaravalle/Documents/2026/M1-M1_vip...,dend_109,0.0006,./grid_batch,grid_search_01320,0.263742,0.5
1321,grid_search_01321,/Users/romanbaravalle/Documents/2026/M1-M1_vip...,dend_11,0.0006,./grid_batch,grid_search_01321,0.290179,0.5
1322,grid_search_01322,/Users/romanbaravalle/Documents/2026/M1-M1_vip...,dend_110,0.0006,./grid_batch,grid_search_01322,0.285681,0.5
1323,grid_search_01323,/Users/romanbaravalle/Documents/2026/M1-M1_vip...,dend_111,0.0006,./grid_batch,grid_search_01323,0.229797,0.5
1324,grid_search_01324,/Users/romanbaravalle/Documents/2026/M1-M1_vip...,dend_112,0.0006,./grid_batch,grid_search_01324,0.229981,0.5
1325,grid_search_01325,/Users/romanbaravalle/Documents/2026/M1-M1_vip...,dend_12,0.0006,./grid_batch,grid_search_01325,0.298733,0.5
1326,grid_search_01326,/Users/romanbaravalle/Documents/2026/M1-M1_vip...,dend_13,0.0006,./grid_batch,grid_search_01326,0.296995,0.5
1327,grid_search_01327,/Users/romanbaravalle/Documents/2026/M1-M1_vip...,dend_14,0.0006,./grid_batch,grid_search_01327,0.281411,0.5
1328,grid_search_01328,/Users/romanbaravalle/Documents/2026/M1-M1_vip...,dend_15,0.0006,./grid_batch,grid_search_01328,0.290835,0.5
1329,grid_search_01329,/Users/romanbaravalle/Documents/2026/M1-M1_vip...,dend_16,0.0006,./grid_batch,grid_search_01329,0.288126,0.5
1330,grid_search_01330,/Users/romanbaravalle/Documents/2026/M1-M1_vip...,dend_17,0.0006,./grid_batch,grid_search_01330,0.300755,0.5
1331,grid_search_01331,/Users/romanbaravalle/Documents/2026/M1-M1_vip...,dend_18,0.0006,./grid_batch,grid_search_01331,0.29318,0.5
1332,grid_search_01332,/Users/romanbaravalle/Documents/2026/M1-M1_vip...,dend_19,0.0006,./grid_batch,grid_search_01332,0.287289,0.5
1333,grid_search_01333,/Users/romanbaravalle/Documents/2026/M1-M1_vip...,dend_2,0.0006,./grid_batch,grid_search_01333,0.288768,0.5
1334,grid_search_01334,/Users/romanbaravalle/Documents/2026/M1-M1_vip...,dend_20,0.0006,./grid_batch,grid_search_01334,0.283668,0.5
1335,grid_search_01335,/Users/romanbaravalle/Documents/2026/M1-M1_vip...,dend_21,0.0006,./grid_batch,grid_search_01335,0.276942,0.5
1336,grid_search_01336,/Users/romanbaravalle/Documents/2026/M1-M1_vip...,dend_22,0.0006,./grid_batch,grid_search_01336,0.277219,0.5
1337,grid_search_01337,/Users/romanbaravalle/Documents/2026/M1-M1_vip...,dend_23,0.0006,./grid_batch,grid_search_01337,0.283804,0.5
1338,grid_search_01338,/Users/romanbaravalle/Documents/2026/M1-M1_vip...,dend_24,0.0006,./grid_batch,grid_search_01338,0.278053,0.5
1339,grid_search_01339,/Users/romanbaravalle/Documents/2026/M1-M1_vip...,dend_25,0.0006,./grid_batch,grid_search_01339,0.274818,0.5
1340,grid_search_01340,/Users/romanbaravalle/Documents/2026/M1-M1_vip...,dend_26,0.0006,./grid_batch,grid_search_01340,0.287494,0.5
1341,grid_search_01341,/Users/romanbaravalle/Documents/2026/M1-M1_vip...,dend_27,0.0006,./grid_batch,grid_search_01341,0.277996,0.5
1342,grid_search_01342,/Users/romanbaravalle/Documents/2026/M1-M1_vip...,dend_28,0.0006,./grid_batch,grid_search_01342,0.282394,0.5
1343,grid_search_01343,/Users/romanbaravalle/Documents/2026/M1-M1_vip...,dend_29,0.0006,./grid_batch,grid_search_01343,0.296848,0.5
1344,grid_search_01344,/Users/romanbaravalle/Documents/2026/M1-M1_vip...,dend_3,0.0006,./grid_batch,grid_search_01344,0.301891,0.5
1345,grid_search_01345,/Users/romanbaravalle/Documents/2026/M1-M1_vip...,dend_30,0.0006,./grid_batch,grid_search_01345,0.289366,0.5
1346,grid_search_01346,/Users/romanbaravalle/Documents/2026/M1-M1_vip...,dend_31,0.0006,./grid_batch,grid_search_01346,0.28162,0.5
1347,grid_search_01347,/Users/romanbaravalle/Documents/2026/M1-M1_vip...,dend_32,0.0006,./grid_batch,grid_search_01347,0.290623,0.5
1348,grid_search_01348,/Users/romanbaravalle/Documents/2026/M1-M1_vip...,dend_33,0.0006,./grid_batch,grid_search_01348,0.278184,0.5
1349,grid_search_01349,/Users/romanbaravalle/Documents/2026/M1-M1_vip...,dend_34,0.0006,./grid_batch,grid_search_01349,0.273736,0.5
1350,grid_search_01350,/Users/romanbaravalle/Documents/2026/M1-M1_vip...,dend_35,0.0006,./grid_batch,grid_search_01350,0.272437,0.5
1351,grid_search_01351,/Users/romanbaravalle/Documents/2026/M1-M1_vip...,dend_36,0.0006,./grid_batch,grid_search_01351,0.263868,0.5
1352,grid_search_01352,/Users/romanbaravalle/Documents/2026/M1-M1_vip...,dend_37,0.0006,./grid_batch,grid_search_01352,0.26153,0.5
1353,grid_search_01353,/Users/romanbaravalle/Documents/2026/M1-M1_vip...,dend_38,0.0006,./grid_batch,grid_search_01353,0.272273,0.5
1354,grid_search_01354,/Users/romanbaravalle/Documents/2026/M1-M1_vip...,dend_39,0.0006,./grid_batch,grid_search_01354,0.26795,0.5
1355,grid_search_01355,/Users/romanbaravalle/Documents/2026/M1-M1_vip...,dend_4,0.0006,./grid_batch,grid_search_01355,0.299817,0.5
1356,grid_search_01356,/Users/romanbaravalle/Documents/2026/M1-M1_vip...,dend_40,0.0006,./grid_batch,grid_search_01356,0.264892,0.5
1357,grid_search_01357,/Users/romanbaravalle/Documents/2026/M1-M1_vip...,dend_41,0.0006,./grid_batch,grid_search_01357,0.254095,0.5
1358,grid_search_01358,/Users/romanbaravalle/Documents/2026/M1-M1_vip...,dend_42,0.0006,./grid_batch,grid_search_01358,0.263292,0.5
1359,grid_search_01359,/Users/romanbaravalle/Documents/2026/M1-M1_vip...,dend_43,0.0006,./grid_batch,grid_search_01359,0.255059,0.5
1360,grid_search_01360,/Users/romanbaravalle/Documents/2026/M1-M1_vip...,dend_44,0.0006,./grid_batch,grid_search_01360,0.257703,0.5
1361,grid_search_01361,/Users/romanbaravalle/Documents/2026/M1-M1_vip...,dend_45,0.0006,./grid_batch,grid_search_01361,0.258559,0.5
1362,grid_search_01362,/Users/romanbaravalle/Documents/2026/M1-M1_vip...,dend_46,0.0006,./grid_batch,grid_search_01362,0.269249,0.5
1363,grid_search_01363,/Users/romanbaravalle/Documents/2026/M1-M1_vip...,dend_47,0.0006,./grid_batch,grid_search_01363,0.260394,0.5
1364,grid_search_01364,/Users/romanbaravalle/Documents/2026/M1-M1_vip...,dend_48,0.0006,./grid_batch,grid_search_01364,0.265951,0.5
1365,grid_search_01365,/Users/romanbaravalle/Documents/2026/M1-M1_vip...,dend_49,0.0006,./grid_batch,grid_search_01365,0.256662,0.5
1366,grid_search_01366,/Users/romanbaravalle/Documents/2026/M1-M1_vip...,dend_5,0.0006,./grid_batch,grid_search_01366,0.213633,0.5
1367,grid_search_01367,/Users/romanbaravalle/Documents/2026/M1-M1_vip...,dend_50,0.0006,./grid_batch,grid_search_01367,0.257794,0.5
1368,grid_search_01368,/Users/romanbaravalle/Documents/2026/M1-M1_vip...,dend_51,0.0006,./grid_batch,grid_search_01368,0.273715,0.5
1369,grid_search_01369,/Users/romanbaravalle/Documents/2026/M1-M1_vip...,dend_52,0.0006,./grid_batch,grid_search_01369,0.271828,0.5
1370,grid_search_01370,/Users/romanbaravalle/Documents/2026/M1-M1_vip...,dend_53,0.0006,./grid_batch,grid_search_01370,0.261704,0.5
1371,grid_search_01371,/Users/romanbaravalle/Documents/2026/M1-M1_vip...,dend_54,0.0006,./grid_batch,grid_search_01371,0.262972,0.5
1372,grid_search_01372,/Users/romanbaravalle/Documents/2026/M1-M1_vip...,dend_55,0.0006,./grid_batch,grid_search_01372,0.262946,0.5
1373,grid_search_01373,/Users/romanbaravalle/Documents/2026/M1-M1_vip...,dend_56,0.0006,./grid_batch,grid_search_01373,0.273224,0.5
1374,grid_search_01374,/Users/romanbaravalle/Documents/2026/M1-M1_vip...,dend_57,0.0006,./grid_batch,grid_search_01374,0.302182,0.5
1375,grid_search_01375,/Users/romanbaravalle/Documents/2026/M1-M1_vip...,dend_58,0.0006,./grid_batch,grid_search_01375,0.296472,0.5
1376,grid_search_01376,/Users/romanbaravalle/Documents/2026/M1-M1_vip...,dend_59,0.0006,./grid_batch,grid_search_01376,0.292346,0.5
1377,grid_search_01377,/Users/romanbaravalle/Documents/2026/M1-M1_vip...,dend_6,0.0006,./grid_batch,grid_search_01377,0.274348,0.5
1378,grid_search_01378,/Users/romanbaravalle/Documents/2026/M1-M1_vip...,dend_60,0.0006,./grid_batch,grid_search_01378,0.30035,0.5
1379,grid_search_01379,/Users/romanbaravalle/Documents/2026/M1-M1_vip...,dend_61,0.0006,./grid_batch,grid_search_01379,0.294583,0.5
1380,grid_search_01380,/Users/romanbaravalle/Documents/2026/M1-M1_vip...,dend_62,0.0006,./grid_batch,grid_search_01380,0.294511,0.5
1381,grid_search_01381,/Users/romanbaravalle/Documents/2026/M1-M1_vip...,dend_63,0.0006,./grid_batch,grid_search_01381,0.300621,0.5
1382,grid_search_01382,/Users/romanbaravalle/Documents/2026/M1-M1_vip...,dend_64,0.0006,./grid_batch,grid_search_01382,0.297862,0.5
1383,grid_search_01383,/Users/romanbaravalle/Documents/2026/M1-M1_vip...,dend_65,0.0006,./grid_batch,grid_search_01383,0.292791,0.5
1384,grid_search_01384,/Users/romanbaravalle/Documents/2026/M1-M1_vip...,dend_66,0.0006,./grid_batch,grid_search_01384,0.293374,0.5
1385,grid_search_01385,/Users/romanbaravalle/Documents/2026/M1-M1_vip...,dend_67,0.0006,./grid_batch,grid_search_01385,0.291988,0.5
1386,grid_search_01386,/Users/romanbaravalle/Documents/2026/M1-M1_vip...,dend_68,0.0006,./grid_batch,grid_search_01386,0.299539,0.5
1387,grid_search_01387,/Users/romanbaravalle/Documents/2026/M1-M1_vip...,dend_69,0.0006,./grid_batch,grid_search_01387,0.293925,0.5
1388,grid_search_01388,/Users/romanbaravalle/Documents/2026/M1-M1_vip...,dend_7,0.0006,./grid_batch,grid_search_01388,0.300042,0.5
1389,grid_search_01389,/Users/romanbaravalle/Documents/2026/M1-M1_vip...,dend_70,0.0006,./grid_batch,grid_search_01389,0.285323,0.5
1390,grid_search_01390,/Users/romanbaravalle/Documents/2026/M1-M1_vip...,dend_71,0.0006,./grid_batch,grid_search_01390,0.237975,0.5
1391,grid_search_01391,/Users/romanbaravalle/Documents/2026/M1-M1_vip...,dend_72,0.0006,./grid_batch,grid_search_01391,0.278133,0.5
1392,grid_search_01392,/Users/romanbaravalle/Documents/2026/M1-M1_vip...,dend_73,0.0006,./grid_batch,grid_search_01392,0.300544,0.5
1393,grid_search_01393,/Users/romanbaravalle/Documents/2026/M1-M1_vip...,dend_74,0.0006,./grid_batch,grid_search_01393,0.295549,0.5
1394,grid_search_01394,/Users/romanbaravalle/Documents/2026/M1-M1_vip...,dend_75,0.0006,./grid_batch,grid_search_01394,0.291312,0.5
1395,grid_search_01395,/Users/romanbaravalle/Documents/2026/M1-M1_vip...,dend_76,0.0006,./grid_batch,grid_search_01395,0.282457,0.5
1396,grid_search_01396,/Users/romanbaravalle/Documents/2026/M1-M1_vip...,dend_77,0.0006,./grid_batch,grid_search_01396,0.288842,0.5
1397,grid_search_01397,/Users/romanbaravalle/Documents/2026/M1-M1_vip...,dend_78,0.0006,./grid_batch,grid_search_01397,0.282097,0.5
1398,grid_search_01398,/Users/romanbaravalle/Documents/2026/M1-M1_vip...,dend_79,0.0006,./grid_batch,grid_search_01398,0.287893,0.5
1399,grid_search_01399,/Users/romanbaravalle/Documents/2026/M1-M1_vip...,dend_8,0.0006,./grid_batch,grid_search_01399,0.291309,0.5
1400,grid_search_01400,/Users/romanbaravalle/Documents/2026/M1-M1_vip...,dend_80,0.0006,./grid_batch,grid_search_01400,0.292543,0.5
1401,grid_search_01401,/Users/romanbaravalle/Documents/2026/M1-M1_vip...,dend_81,0.0006,./grid_batch,grid_search_01401,0.281114,0.5
1402,grid_search_01402,/Users/romanbaravalle/Documents/2026/M1-M1_vip...,dend_82,0.0006,./grid_batch,grid_search_01402,0.287281,0.5
1403,grid_search_01403,/Users/romanbaravalle/Documents/2026/M1-M1_vip...,dend_83,0.0006,./grid_batch,grid_search_01403,0.283383,0.5
1404,grid_search_01404,/Users/romanbaravalle/Documents/2026/M1-M1_vip...,dend_84,0.0006,./grid_batch,grid_search_01404,0.279459,0.5
1405,grid_search_01405,/Users/romanbaravalle/Documents/2026/M1-M1_vip...,dend_85,0.0006,./grid_batch,grid_search_01405,0.273585,0.5
1406,grid_search_01406,/Users/romanbaravalle/Documents/2026/M1-M1_vip...,dend_86,0.0006,./grid_batch,grid_search_01406,0.271267,0.5
1407,grid_search_01407,/Users/romanbaravalle/Documents/2026/M1-M1_vip...,dend_87,0.0006,./grid_batch,grid_search_01407,0.298307,0.5
1408,grid_search_01408,/Users/romanbaravalle/Documents/2026/M1-M1_vip...,dend_88,0.0006,./grid_batch,grid_search_01408,0.293612,0.5
1409,grid_search_01409,/Users/romanbaravalle/Documents/2026/M1-M1_vip...,dend_89,0.0006,./grid_batch,grid_search_01409,0.273681,0.5
1410,grid_search_01410,/Users/romanbaravalle/Documents/2026/M1-M1_vip...,dend_9,0.0006,./grid_batch,grid_search_01410,0.285701,0.5
1411,grid_search_01411,/Users/romanbaravalle/Documents/2026/M1-M1_vip...,dend_90,0.0006,./grid_batch,grid_search_01411,0.2846,0.5
1412,grid_search_01412,/Users/romanbaravalle/Documents/2026/M1-M1_vip...,dend_91,0.0006,./grid_batch,grid_search_01412,0.254294,0.5
1413,grid_search_01413,/Users/romanbaravalle/Documents/2026/M1-M1_vip...,dend_92,0.0006,./grid_batch,grid_search_01413,0.252411,0.5
1414,grid_search_01414,/Users/romanbaravalle/Documents/2026/M1-M1_vip...,dend_93,0.0006,./grid_batch,grid_search_01414,0.29688,0.5
1415,grid_search_01415,/Users/romanbaravalle/Documents/2026/M1-M1_vip...,dend_94,0.0006,./grid_batch,grid_search_01415,0.292566,0.5
1416,grid_search_01416,/Users/romanbaravalle/Documents/2026/M1-M1_vip...,dend_95,0.0006,./grid_batch,grid_search_01416,0.253415,0.5
1417,grid_search_01417,/Users/romanbaravalle/Documents/2026/M1-M1_vip...,dend_96,0.0006,./grid_batch,grid_search_01417,0.09111,0.5
1418,grid_search_01418,/Users/romanbaravalle/Documents/2026/M1-M1_vip...,dend_97,0.0006,./grid_batch,grid_search_01418,0.153014,0.5
1419,grid_search_01419,/Users/romanbaravalle/Documents/2026/M1-M1_vip...,dend_98,0.0006,./grid_batch,grid_search_01419,0.286347,0.5
1420,grid_search_01420,/Users/romanbaravalle/Documents/2026/M1-M1_vip...,dend_99,0.0006,./grid_batch,grid_search_01420,0.287856,0.5
1421,grid_search_01421,/Users/romanbaravalle/Documents/2026/M1-M1_vip...,soma,0.0006,./grid_batch,grid_search_01421,0.302438,0.5
1422,grid_search_01422,/Users/romanbaravalle/Documents/2026/M1-M1_vip...,apic_0,0.0007,./grid_batch,grid_search_01422,0.34757,0.5
1423,grid_search_01423,/Users/romanbaravalle/Documents/2026/M1-M1_vip...,apic_1,0.0007,./grid_batch,grid_search_01423,0.333259,0.5
1424,grid_search_01424,/Users/romanbaravalle/Documents/2026/M1-M1_vip...,apic_10,0.0007,./grid_batch,grid_search_01424,0.273681,0.5
1425,grid_search_01425,/Users/romanbaravalle/Documents/2026/M1-M1_vip...,apic_100,0.0007,./grid_batch,grid_search_01425,0.054887,0.5
1426,grid_search_01426,/Users/romanbaravalle/Documents/2026/M1-M1_vip...,apic_101,0.0007,./grid_batch,grid_search_01426,0.051527,0.5
1427,grid_search_01427,/Users/romanbaravalle/Documents/2026/M1-M1_vip...,apic_102,0.0007,./grid_batch,grid_search_01427,0.051527,0.5
1428,grid_search_01428,/Users/romanbaravalle/Documents/2026/M1-M1_vip...,apic_103,0.0007,./grid_batch,grid_search_01428,0.064186,0.5
1429,grid_search_01429,/Users/romanbaravalle/Documents/2026/M1-M1_vip...,apic_104,0.0007,./grid_batch,grid_search_01429,0.066168,0.5
1430,grid_search_01430,/Users/romanbaravalle/Documents/2026/M1-M1_vip...,apic_105,0.0007,./grid_batch,grid_search_01430,0.065157,0.5
1431,grid_search_01431,/Users/romanbaravalle/Documents/2026/M1-M1_vip...,apic_106,0.0007,./grid_batch,grid_search_01431,0.06256,0.5
1432,grid_search_01432,/Users/romanbaravalle/Documents/2026/M1-M1_vip...,apic_107,0.0007,./grid_batch,grid_search_01432,0.050674,0.5
1433,grid_search_01433,/Users/romanbaravalle/Documents/2026/M1-M1_vip...,apic_108,0.0007,./grid_batch,grid_search_01433,0.040131,0.5
1434,grid_search_01434,/Users/romanbaravalle/Documents/2026/M1-M1_vip...,apic_109,0.0007,./grid_batch,grid_search_01434,0.038879,0.5
1435,grid_search_01435,/Users/romanbaravalle/Documents/2026/M1-M1_vip...,apic_11,0.0007,./grid_batch,grid_search_01435,0.273822,0.5
1436,grid_search_01436,/Users/romanbaravalle/Documents/2026/M1-M1_vip...,apic_110,0.0007,./grid_batch,grid_search_01436,0.038879,0.5
1437,grid_search_01437,/Users/romanbaravalle/Documents/2026/M1-M1_vip...,apic_111,0.0007,./grid_batch,grid_search_01437,0.040357,0.5
1438,grid_search_01438,/Users/romanbaravalle/Documents/2026/M1-M1_vip...,apic_112,0.0007,./grid_batch,grid_search_01438,0.064778,0.5
1439,grid_search_01439,/Users/romanbaravalle/Documents/2026/M1-M1_vip...,apic_113,0.0007,./grid_batch,grid_search_01439,0.278802,0.5
1440,grid_search_01440,/Users/romanbaravalle/Documents/2026/M1-M1_vip...,apic_114,0.0007,./grid_batch,grid_search_01440,0.333561,0.5
1441,grid_search_01441,/Users/romanbaravalle/Documents/2026/M1-M1_vip...,apic_115,0.0007,./grid_batch,grid_search_01441,0.326915,0.5
1442,grid_search_01442,/Users/romanbaravalle/Documents/2026/M1-M1_vip...,apic_116,0.0007,./grid_batch,grid_search_01442,0.325713,0.5
1443,grid_search_01443,/Users/romanbaravalle/Documents/2026/M1-M1_vip...,apic_117,0.0007,./grid_batch,grid_search_01443,0.322945,0.5
1444,grid_search_01444,/Users/romanbaravalle/Documents/2026/M1-M1_vip...,apic_118,0.0007,./grid_batch,grid_search_01444,0.305134,0.5
1445,grid_search_01445,/Users/romanbaravalle/Documents/2026/M1-M1_vip...,apic_119,0.0007,./grid_batch,grid_search_01445,0.302643,0.5
1446,grid_search_01446,/Users/romanbaravalle/Documents/2026/M1-M1_vip...,apic_12,0.0007,./grid_batch,grid_search_01446,0.28783,0.5
1447,grid_search_01447,/Users/romanbaravalle/Documents/2026/M1-M1_vip...,apic_120,0.0007,./grid_batch,grid_search_01447,0.310717,0.5
1448,grid_search_01448,/Users/romanbaravalle/Documents/2026/M1-M1_vip...,apic_121,0.0007,./grid_batch,grid_search_01448,0.313756,0.5
1449,grid_search_01449,/Users/romanbaravalle/Documents/2026/M1-M1_vip...,apic_122,0.0007,./grid_batch,grid_search_01449,0.321566,0.5
1450,grid_search_01450,/Users/romanbaravalle/Documents/2026/M1-M1_vip...,apic_13,0.0007,./grid_batch,grid_search_01450,0.277104,0.5
1451,grid_search_01451,/Users/romanbaravalle/Documents/2026/M1-M1_vip...,apic_14,0.0007,./grid_batch,grid_search_01451,0.280726,0.5
1452,grid_search_01452,/Users/romanbaravalle/Documents/2026/M1-M1_vip...,apic_15,0.0007,./grid_batch,grid_search_01452,0.271802,0.5
1453,grid_search_01453,/Users/romanbaravalle/Documents/2026/M1-M1_vip...,apic_16,0.0007,./grid_batch,grid_search_01453,0.277037,0.5
1454,grid_search_01454,/Users/romanbaravalle/Documents/2026/M1-M1_vip...,apic_17,0.0007,./grid_batch,grid_search_01454,0.293881,0.5
1455,grid_search_01455,/Users/romanbaravalle/Documents/2026/M1-M1_vip...,apic_18,0.0007,./grid_batch,grid_search_01455,0.271349,0.5
1456,grid_search_01456,/Users/romanbaravalle/Documents/2026/M1-M1_vip...,apic_19,0.0007,./grid_batch,grid_search_01456,0.256587,0.5
1457,grid_search_01457,/Users/romanbaravalle/Documents/2026/M1-M1_vip...,apic_2,0.0007,./grid_batch,grid_search_01457,0.30559,0.5
1458,grid_search_01458,/Users/romanbaravalle/Documents/2026/M1-M1_vip...,apic_20,0.0007,./grid_batch,grid_search_01458,0.254689,0.5
1459,grid_search_01459,/Users/romanbaravalle/Documents/2026/M1-M1_vip...,apic_21,0.0007,./grid_batch,grid_search_01459,0.250236,0.5
1460,grid_search_01460,/Users/romanbaravalle/Documents/2026/M1-M1_vip...,apic_22,0.0007,./grid_batch,grid_search_01460,0.232921,0.5
1461,grid_search_01461,/Users/romanbaravalle/Documents/2026/M1-M1_vip...,apic_23,0.0007,./grid_batch,grid_search_01461,0.236321,0.5
1462,grid_search_01462,/Users/romanbaravalle/Documents/2026/M1-M1_vip...,apic_24,0.0007,./grid_batch,grid_search_01462,0.252808,0.5
1463,grid_search_01463,/Users/romanbaravalle/Documents/2026/M1-M1_vip...,apic_25,0.0007,./grid_batch,grid_search_01463,0.243038,0.5
1464,grid_search_01464,/Users/romanbaravalle/Documents/2026/M1-M1_vip...,apic_26,0.0007,./grid_batch,grid_search_01464,0.240944,0.5
1465,grid_search_01465,/Users/romanbaravalle/Documents/2026/M1-M1_vip...,apic_27,0.0007,./grid_batch,grid_search_01465,0.252654,0.5
1466,grid_search_01466,/Users/romanbaravalle/Documents/2026/M1-M1_vip...,apic_28,0.0007,./grid_batch,grid_search_01466,0.243022,0.5
1467,grid_search_01467,/Users/romanbaravalle/Documents/2026/M1-M1_vip...,apic_29,0.0007,./grid_batch,grid_search_01467,0.243151,0.5
1468,grid_search_01468,/Users/romanbaravalle/Documents/2026/M1-M1_vip...,apic_3,0.0007,./grid_batch,grid_search_01468,0.31924,0.5
1469,grid_search_01469,/Users/romanbaravalle/Documents/2026/M1-M1_vip...,apic_30,0.0007,./grid_batch,grid_search_01469,0.250457,0.5
1470,grid_search_01470,/Users/romanbaravalle/Documents/2026/M1-M1_vip...,apic_31,0.0007,./grid_batch,grid_search_01470,0.239944,0.5
1471,grid_search_01471,/Users/romanbaravalle/Documents/2026/M1-M1_vip...,apic_32,0.0007,./grid_batch,grid_search_01471,0.231582,0.5
1472,grid_search_01472,/Users/romanbaravalle/Documents/2026/M1-M1_vip...,apic_33,0.0007,./grid_batch,grid_search_01472,0.228798,0.5
1473,grid_search_01473,/Users/romanbaravalle/Documents/2026/M1-M1_vip...,apic_34,0.0007,./grid_batch,grid_search_01473,0.233684,0.5
1474,grid_search_01474,/Users/romanbaravalle/Documents/2026/M1-M1_vip...,apic_35,0.0007,./grid_batch,grid_search_01474,0.216204,0.5
1475,grid_search_01475,/Users/romanbaravalle/Documents/2026/M1-M1_vip...,apic_36,0.0007,./grid_batch,grid_search_01475,0.219171,0.5
1476,grid_search_01476,/Users/romanbaravalle/Documents/2026/M1-M1_vip...,apic_37,0.0007,./grid_batch,grid_search_01476,0.200826,0.5
1477,grid_search_01477,/Users/romanbaravalle/Documents/2026/M1-M1_vip...,apic_38,0.0007,./grid_batch,grid_search_01477,0.210018,0.5
1478,grid_search_01478,/Users/romanbaravalle/Documents/2026/M1-M1_vip...,apic_39,0.0007,./grid_batch,grid_search_01478,0.198151,0.5
1479,grid_search_01479,/Users/romanbaravalle/Documents/2026/M1-M1_vip...,apic_4,0.0007,./grid_batch,grid_search_01479,0.289448,0.5
1480,grid_search_01480,/Users/romanbaravalle/Documents/2026/M1-M1_vip...,apic_40,0.0007,./grid_batch,grid_search_01480,0.206647,0.5
1481,grid_search_01481,/Users/romanbaravalle/Documents/2026/M1-M1_vip...,apic_41,0.0007,./grid_batch,grid_search_01481,0.20341,0.5
1482,grid_search_01482,/Users/romanbaravalle/Documents/2026/M1-M1_vip...,apic_42,0.0007,./grid_batch,grid_search_01482,0.200541,0.5
1483,grid_search_01483,/Users/romanbaravalle/Documents/2026/M1-M1_vip...,apic_43,0.0007,./grid_batch,grid_search_01483,0.185179,0.5
1484,grid_search_01484,/Users/romanbaravalle/Documents/2026/M1-M1_vip...,apic_44,0.0007,./grid_batch,grid_search_01484,0.173006,0.5
1485,grid_search_01485,/Users/romanbaravalle/Documents/2026/M1-M1_vip...,apic_45,0.0007,./grid_batch,grid_search_01485,0.173006,0.5
1486,grid_search_01486,/Users/romanbaravalle/Documents/2026/M1-M1_vip...,apic_46,0.0007,./grid_batch,grid_search_01486,0.179573,0.5
1487,grid_search_01487,/Users/romanbaravalle/Documents/2026/M1-M1_vip...,apic_47,0.0007,./grid_batch,grid_search_01487,0.190601,0.5
1488,grid_search_01488,/Users/romanbaravalle/Documents/2026/M1-M1_vip...,apic_48,0.0007,./grid_batch,grid_search_01488,0.163846,0.5
1489,grid_search_01489,/Users/romanbaravalle/Documents/2026/M1-M1_vip...,apic_49,0.0007,./grid_batch,grid_search_01489,0.147292,0.5
1490,grid_search_01490,/Users/romanbaravalle/Documents/2026/M1-M1_vip...,apic_5,0.0007,./grid_batch,grid_search_01490,0.307487,0.5
1491,grid_search_01491,/Users/romanbaravalle/Documents/2026/M1-M1_vip...,apic_50,0.0007,./grid_batch,grid_search_01491,0.147292,0.5
1492,grid_search_01492,/Users/romanbaravalle/Documents/2026/M1-M1_vip...,apic_51,0.0007,./grid_batch,grid_search_01492,0.154439,0.5
1493,grid_search_01493,/Users/romanbaravalle/Documents/2026/M1-M1_vip...,apic_52,0.0007,./grid_batch,grid_search_01493,0.201727,0.5
1494,grid_search_01494,/Users/romanbaravalle/Documents/2026/M1-M1_vip...,apic_53,0.0007,./grid_batch,grid_search_01494,0.193405,0.5
1495,grid_search_01495,/Users/romanbaravalle/Documents/2026/M1-M1_vip...,apic_54,0.0007,./grid_batch,grid_search_01495,0.192405,0.5
1496,grid_search_01496,/Users/romanbaravalle/Documents/2026/M1-M1_vip...,apic_55,0.0007,./grid_batch,grid_search_01496,0.182693,0.5
1497,grid_search_01497,/Users/romanbaravalle/Documents/2026/M1-M1_vip...,apic_56,0.0007,./grid_batch,grid_search_01497,0.177691,0.5
1498,grid_search_01498,/Users/romanbaravalle/Documents/2026/M1-M1_vip...,apic_57,0.0007,./grid_batch,grid_search_01498,0.166211,0.5
1499,grid_search_01499,/Users/romanbaravalle/Documents/2026/M1-M1_vip...,apic_58,0.0007,./grid_batch,grid_search_01499,0.16713,0.5
1500,grid_search_01500,/Users/romanbaravalle/Documents/2026/M1-M1_vip...,apic_59,0.0007,./grid_batch,grid_search_01500,0.176744,0.5
1501,grid_search_01501,/Users/romanbaravalle/Documents/2026/M1-M1_vip...,apic_6,0.0007,./grid_batch,grid_search_01501,0.299259,0.5
1502,grid_search_01502,/Users/romanbaravalle/Documents/2026/M1-M1_vip...,apic_60,0.0007,./grid_batch,grid_search_01502,0.168569,0.5
1503,grid_search_01503,/Users/romanbaravalle/Documents/2026/M1-M1_vip...,apic_61,0.0007,./grid_batch,grid_search_01503,0.171246,0.5
1504,grid_search_01504,/Users/romanbaravalle/Documents/2026/M1-M1_vip...,apic_62,0.0007,./grid_batch,grid_search_01504,0.166914,0.5
1505,grid_search_01505,/Users/romanbaravalle/Documents/2026/M1-M1_vip...,apic_63,0.0007,./grid_batch,grid_search_01505,0.166914,0.5
1506,grid_search_01506,/Users/romanbaravalle/Documents/2026/M1-M1_vip...,apic_64,0.0007,./grid_batch,grid_search_01506,0.181312,0.5
1507,grid_search_01507,/Users/romanbaravalle/Documents/2026/M1-M1_vip...,apic_65,0.0007,./grid_batch,grid_search_01507,0.169183,0.5
1508,grid_search_01508,/Users/romanbaravalle/Documents/2026/M1-M1_vip...,apic_66,0.0007,./grid_batch,grid_search_01508,0.129574,0.5
1509,grid_search_01509,/Users/romanbaravalle/Documents/2026/M1-M1_vip...,apic_67,0.0007,./grid_batch,grid_search_01509,0.088112,0.5
1510,grid_search_01510,/Users/romanbaravalle/Documents/2026/M1-M1_vip...,apic_68,0.0007,./grid_batch,grid_search_01510,0.068384,0.5
1511,grid_search_01511,/Users/romanbaravalle/Documents/2026/M1-M1_vip...,apic_69,0.0007,./grid_batch,grid_search_01511,0.083684,0.5
1512,grid_search_01512,/Users/romanbaravalle/Documents/2026/M1-M1_vip...,apic_7,0.0007,./grid_batch,grid_search_01512,0.291434,0.5
1513,grid_search_01513,/Users/romanbaravalle/Documents/2026/M1-M1_vip...,apic_70,0.0007,./grid_batch,grid_search_01513,0.078721,0.5
1514,grid_search_01514,/Users/romanbaravalle/Documents/2026/M1-M1_vip...,apic_71,0.0007,./grid_batch,grid_search_01514,0.067767,0.5
1515,grid_search_01515,/Users/romanbaravalle/Documents/2026/M1-M1_vip...,apic_72,0.0007,./grid_batch,grid_search_01515,0.061848,0.5
1516,grid_search_01516,/Users/romanbaravalle/Documents/2026/M1-M1_vip...,apic_73,0.0007,./grid_batch,grid_search_01516,0.05584,0.5
1517,grid_search_01517,/Users/romanbaravalle/Documents/2026/M1-M1_vip...,apic_74,0.0007,./grid_batch,grid_search_01517,0.058197,0.5
1518,grid_search_01518,/Users/romanbaravalle/Documents/2026/M1-M1_vip...,apic_75,0.0007,./grid_batch,grid_search_01518,0.060372,0.5
1519,grid_search_01519,/Users/romanbaravalle/Documents/2026/M1-M1_vip...,apic_76,0.0007,./grid_batch,grid_search_01519,0.060444,0.5
1520,grid_search_01520,/Users/romanbaravalle/Documents/2026/M1-M1_vip...,apic_77,0.0007,./grid_batch,grid_search_01520,0.079631,0.5
1521,grid_search_01521,/Users/romanbaravalle/Documents/2026/M1-M1_vip...,apic_78,0.0007,./grid_batch,grid_search_01521,0.064252,0.5
1522,grid_search_01522,/Users/romanbaravalle/Documents/2026/M1-M1_vip...,apic_79,0.0007,./grid_batch,grid_search_01522,0.043146,0.5
1523,grid_search_01523,/Users/romanbaravalle/Documents/2026/M1-M1_vip...,apic_8,0.0007,./grid_batch,grid_search_01523,0.284695,0.5
1524,grid_search_01524,/Users/romanbaravalle/Documents/2026/M1-M1_vip...,apic_80,0.0007,./grid_batch,grid_search_01524,0.050655,0.5
1525,grid_search_01525,/Users/romanbaravalle/Documents/2026/M1-M1_vip...,apic_81,0.0007,./grid_batch,grid_search_01525,0.045067,0.5
1526,grid_search_01526,/Users/romanbaravalle/Documents/2026/M1-M1_vip...,apic_82,0.0007,./grid_batch,grid_search_01526,0.041096,0.5
1527,grid_search_01527,/Users/romanbaravalle/Documents/2026/M1-M1_vip...,apic_83,0.0007,./grid_batch,grid_search_01527,0.067967,0.5
1528,grid_search_01528,/Users/romanbaravalle/Documents/2026/M1-M1_vip...,apic_84,0.0007,./grid_batch,grid_search_01528,0.054195,0.5
1529,grid_search_01529,/Users/romanbaravalle/Documents/2026/M1-M1_vip...,apic_85,0.0007,./grid_batch,grid_search_01529,0.050277,0.5
1530,grid_search_01530,/Users/romanbaravalle/Documents/2026/M1-M1_vip...,apic_86,0.0007,./grid_batch,grid_search_01530,0.042322,0.5
1531,grid_search_01531,/Users/romanbaravalle/Documents/2026/M1-M1_vip...,apic_87,0.0007,./grid_batch,grid_search_01531,0.038181,0.5
1532,grid_search_01532,/Users/romanbaravalle/Documents/2026/M1-M1_vip...,apic_88,0.0007,./grid_batch,grid_search_01532,0.035047,0.5
1533,grid_search_01533,/Users/romanbaravalle/Documents/2026/M1-M1_vip...,apic_89,0.0007,./grid_batch,grid_search_01533,0.034841,0.5
1534,grid_search_01534,/Users/romanbaravalle/Documents/2026/M1-M1_vip...,apic_9,0.0007,./grid_batch,grid_search_01534,0.269382,0.5
1535,grid_search_01535,/Users/romanbaravalle/Documents/2026/M1-M1_vip...,apic_90,0.0007,./grid_batch,grid_search_01535,0.034889,0.5
1536,grid_search_01536,/Users/romanbaravalle/Documents/2026/M1-M1_vip...,apic_91,0.0007,./grid_batch,grid_search_01536,0.034815,0.5
1537,grid_search_01537,/Users/romanbaravalle/Documents/2026/M1-M1_vip...,apic_92,0.0007,./grid_batch,grid_search_01537,0.040763,0.5
1538,grid_search_01538,/Users/romanbaravalle/Documents/2026/M1-M1_vip...,apic_93,0.0007,./grid_batch,grid_search_01538,0.034393,0.5
1539,grid_search_01539,/Users/romanbaravalle/Documents/2026/M1-M1_vip...,apic_94,0.0007,./grid_batch,grid_search_01539,0.03399,0.5
1540,grid_search_01540,/Users/romanbaravalle/Documents/2026/M1-M1_vip...,apic_95,0.0007,./grid_batch,grid_search_01540,0.045983,0.5
1541,grid_search_01541,/Users/romanbaravalle/Documents/2026/M1-M1_vip...,apic_96,0.0007,./grid_batch,grid_search_01541,0.043349,0.5
1542,grid_search_01542,/Users/romanbaravalle/Documents/2026/M1-M1_vip...,apic_97,0.0007,./grid_batch,grid_search_01542,0.043469,0.5
1543,grid_search_01543,/Users/romanbaravalle/Documents/2026/M1-M1_vip...,apic_98,0.0007,./grid_batch,grid_search_01543,0.076652,0.5
1544,grid_search_01544,/Users/romanbaravalle/Documents/2026/M1-M1_vip...,apic_99,0.0007,./grid_batch,grid_search_01544,0.065366,0.5
1545,grid_search_01545,/Users/romanbaravalle/Documents/2026/M1-M1_vip...,dend_0,0.0007,./grid_batch,grid_search_01545,0.345582,0.5
1546,grid_search_01546,/Users/romanbaravalle/Documents/2026/M1-M1_vip...,dend_1,0.0007,./grid_batch,grid_search_01546,0.336333,0.5
1547,grid_search_01547,/Users/romanbaravalle/Documents/2026/M1-M1_vip...,dend_10,0.0007,./grid_batch,grid_search_01547,0.350617,0.5
1548,grid_search_01548,/Users/romanbaravalle/Documents/2026/M1-M1_vip...,dend_100,0.0007,./grid_batch,grid_search_01548,0.341251,0.5
1549,grid_search_01549,/Users/romanbaravalle/Documents/2026/M1-M1_vip...,dend_101,0.0007,./grid_batch,grid_search_01549,0.332975,0.5
1550,grid_search_01550,/Users/romanbaravalle/Documents/2026/M1-M1_vip...,dend_102,0.0007,./grid_batch,grid_search_01550,0.320519,0.5
1551,grid_search_01551,/Users/romanbaravalle/Documents/2026/M1-M1_vip...,dend_103,0.0007,./grid_batch,grid_search_01551,0.329068,0.5
1552,grid_search_01552,/Users/romanbaravalle/Documents/2026/M1-M1_vip...,dend_104,0.0007,./grid_batch,grid_search_01552,0.33862,0.5
1553,grid_search_01553,/Users/romanbaravalle/Documents/2026/M1-M1_vip...,dend_105,0.0007,./grid_batch,grid_search_01553,0.307107,0.5
1554,grid_search_01554,/Users/romanbaravalle/Documents/2026/M1-M1_vip...,dend_106,0.0007,./grid_batch,grid_search_01554,0.304658,0.5
1555,grid_search_01555,/Users/romanbaravalle/Documents/2026/M1-M1_vip...,dend_107,0.0007,./grid_batch,grid_search_01555,0.297484,0.5
1556,grid_search_01556,/Users/romanbaravalle/Documents/2026/M1-M1_vip...,dend_108,0.0007,./grid_batch,grid_search_01556,0.337613,0.5
1557,grid_search_01557,/Users/romanbaravalle/Documents/2026/M1-M1_vip...,dend_109,0.0007,./grid_batch,grid_search_01557,0.3033,0.5
1558,grid_search_01558,/Users/romanbaravalle/Documents/2026/M1-M1_vip...,dend_11,0.0007,./grid_batch,grid_search_01558,0.336871,0.5
1559,grid_search_01559,/Users/romanbaravalle/Documents/2026/M1-M1_vip...,dend_110,0.0007,./grid_batch,grid_search_01559,0.331947,0.5
1560,grid_search_01560,/Users/romanbaravalle/Documents/2026/M1-M1_vip...,dend_111,0.0007,./grid_batch,grid_search_01560,0.261776,0.5
1561,grid_search_01561,/Users/romanbaravalle/Documents/2026/M1-M1_vip...,dend_112,0.0007,./grid_batch,grid_search_01561,0.261963,0.5
1562,grid_search_01562,/Users/romanbaravalle/Documents/2026/M1-M1_vip...,dend_12,0.0007,./grid_batch,grid_search_01562,0.348106,0.5
1563,grid_search_01563,/Users/romanbaravalle/Documents/2026/M1-M1_vip...,dend_13,0.0007,./grid_batch,grid_search_01563,0.345927,0.5
1564,grid_search_01564,/Users/romanbaravalle/Documents/2026/M1-M1_vip...,dend_14,0.0007,./grid_batch,grid_search_01564,0.325978,0.5
1565,grid_search_01565,/Users/romanbaravalle/Documents/2026/M1-M1_vip...,dend_15,0.0007,./grid_batch,grid_search_01565,0.337807,0.5
1566,grid_search_01566,/Users/romanbaravalle/Documents/2026/M1-M1_vip...,dend_16,0.0007,./grid_batch,grid_search_01566,0.334488,0.5
1567,grid_search_01567,/Users/romanbaravalle/Documents/2026/M1-M1_vip...,dend_17,0.0007,./grid_batch,grid_search_01567,0.350637,0.5
1568,grid_search_01568,/Users/romanbaravalle/Documents/2026/M1-M1_vip...,dend_18,0.0007,./grid_batch,grid_search_01568,0.341544,0.5
1569,grid_search_01569,/Users/romanbaravalle/Documents/2026/M1-M1_vip...,dend_19,0.0007,./grid_batch,grid_search_01569,0.334404,0.5
1570,grid_search_01570,/Users/romanbaravalle/Documents/2026/M1-M1_vip...,dend_2,0.0007,./grid_batch,grid_search_01570,0.334823,0.5
1571,grid_search_01571,/Users/romanbaravalle/Documents/2026/M1-M1_vip...,dend_20,0.0007,./grid_batch,grid_search_01571,0.329893,0.5
1572,grid_search_01572,/Users/romanbaravalle/Documents/2026/M1-M1_vip...,dend_21,0.0007,./grid_batch,grid_search_01572,0.321205,0.5
1573,grid_search_01573,/Users/romanbaravalle/Documents/2026/M1-M1_vip...,dend_22,0.0007,./grid_batch,grid_search_01573,0.321555,0.5
1574,grid_search_01574,/Users/romanbaravalle/Documents/2026/M1-M1_vip...,dend_23,0.0007,./grid_batch,grid_search_01574,0.329987,0.5
1575,grid_search_01575,/Users/romanbaravalle/Documents/2026/M1-M1_vip...,dend_24,0.0007,./grid_batch,grid_search_01575,0.322393,0.5
1576,grid_search_01576,/Users/romanbaravalle/Documents/2026/M1-M1_vip...,dend_25,0.0007,./grid_batch,grid_search_01576,0.318218,0.5
1577,grid_search_01577,/Users/romanbaravalle/Documents/2026/M1-M1_vip...,dend_26,0.0007,./grid_batch,grid_search_01577,0.334538,0.5
1578,grid_search_01578,/Users/romanbaravalle/Documents/2026/M1-M1_vip...,dend_27,0.0007,./grid_batch,grid_search_01578,0.322106,0.5
1579,grid_search_01579,/Users/romanbaravalle/Documents/2026/M1-M1_vip...,dend_28,0.0007,./grid_batch,grid_search_01579,0.327775,0.5
1580,grid_search_01580,/Users/romanbaravalle/Documents/2026/M1-M1_vip...,dend_29,0.0007,./grid_batch,grid_search_01580,0.345818,0.5
1581,grid_search_01581,/Users/romanbaravalle/Documents/2026/M1-M1_vip...,dend_3,0.0007,./grid_batch,grid_search_01581,0.351952,0.5
1582,grid_search_01582,/Users/romanbaravalle/Documents/2026/M1-M1_vip...,dend_30,0.0007,./grid_batch,grid_search_01582,0.335944,0.5
1583,grid_search_01583,/Users/romanbaravalle/Documents/2026/M1-M1_vip...,dend_31,0.0007,./grid_batch,grid_search_01583,0.326248,0.5
1584,grid_search_01584,/Users/romanbaravalle/Documents/2026/M1-M1_vip...,dend_32,0.0007,./grid_batch,grid_search_01584,0.338779,0.5
1585,grid_search_01585,/Users/romanbaravalle/Documents/2026/M1-M1_vip...,dend_33,0.0007,./grid_batch,grid_search_01585,0.324186,0.5
1586,grid_search_01586,/Users/romanbaravalle/Documents/2026/M1-M1_vip...,dend_34,0.0007,./grid_batch,grid_search_01586,0.318955,0.5
1587,grid_search_01587,/Users/romanbaravalle/Documents/2026/M1-M1_vip...,dend_35,0.0007,./grid_batch,grid_search_01587,0.317386,0.5
1588,grid_search_01588,/Users/romanbaravalle/Documents/2026/M1-M1_vip...,dend_36,0.0007,./grid_batch,grid_search_01588,0.30611,0.5
1589,grid_search_01589,/Users/romanbaravalle/Documents/2026/M1-M1_vip...,dend_37,0.0007,./grid_batch,grid_search_01589,0.303183,0.5
1590,grid_search_01590,/Users/romanbaravalle/Documents/2026/M1-M1_vip...,dend_38,0.0007,./grid_batch,grid_search_01590,0.317219,0.5
1591,grid_search_01591,/Users/romanbaravalle/Documents/2026/M1-M1_vip...,dend_39,0.0007,./grid_batch,grid_search_01591,0.311914,0.5
1592,grid_search_01592,/Users/romanbaravalle/Documents/2026/M1-M1_vip...,dend_4,0.0007,./grid_batch,grid_search_01592,0.349227,0.5
1593,grid_search_01593,/Users/romanbaravalle/Documents/2026/M1-M1_vip...,dend_40,0.0007,./grid_batch,grid_search_01593,0.308136,0.5
1594,grid_search_01594,/Users/romanbaravalle/Documents/2026/M1-M1_vip...,dend_41,0.0007,./grid_batch,grid_search_01594,0.294308,0.5
1595,grid_search_01595,/Users/romanbaravalle/Documents/2026/M1-M1_vip...,dend_42,0.0007,./grid_batch,grid_search_01595,0.306071,0.5
1596,grid_search_01596,/Users/romanbaravalle/Documents/2026/M1-M1_vip...,dend_43,0.0007,./grid_batch,grid_search_01596,0.295354,0.5
1597,grid_search_01597,/Users/romanbaravalle/Documents/2026/M1-M1_vip...,dend_44,0.0007,./grid_batch,grid_search_01597,0.298724,0.5
1598,grid_search_01598,/Users/romanbaravalle/Documents/2026/M1-M1_vip...,dend_45,0.0007,./grid_batch,grid_search_01598,0.299791,0.5
1599,grid_search_01599,/Users/romanbaravalle/Documents/2026/M1-M1_vip...,dend_46,0.0007,./grid_batch,grid_search_01599,0.313529,0.5
1600,grid_search_01600,/Users/romanbaravalle/Documents/2026/M1-M1_vip...,dend_47,0.0007,./grid_batch,grid_search_01600,0.302246,0.5
1601,grid_search_01601,/Users/romanbaravalle/Documents/2026/M1-M1_vip...,dend_48,0.0007,./grid_batch,grid_search_01601,0.309449,0.5
1602,grid_search_01602,/Users/romanbaravalle/Documents/2026/M1-M1_vip...,dend_49,0.0007,./grid_batch,grid_search_01602,0.297484,0.5
1603,grid_search_01603,/Users/romanbaravalle/Documents/2026/M1-M1_vip...,dend_5,0.0007,./grid_batch,grid_search_01603,0.250742,0.5
1604,grid_search_01604,/Users/romanbaravalle/Documents/2026/M1-M1_vip...,dend_50,0.0007,./grid_batch,grid_search_01604,0.298976,0.5
1605,grid_search_01605,/Users/romanbaravalle/Documents/2026/M1-M1_vip...,dend_51,0.0007,./grid_batch,grid_search_01605,0.318882,0.5
1606,grid_search_01606,/Users/romanbaravalle/Documents/2026/M1-M1_vip...,dend_52,0.0007,./grid_batch,grid_search_01606,0.316547,0.5
1607,grid_search_01607,/Users/romanbaravalle/Documents/2026/M1-M1_vip...,dend_53,0.0007,./grid_batch,grid_search_01607,0.30373,0.5
1608,grid_search_01608,/Users/romanbaravalle/Documents/2026/M1-M1_vip...,dend_54,0.0007,./grid_batch,grid_search_01608,0.304951,0.5
1609,grid_search_01609,/Users/romanbaravalle/Documents/2026/M1-M1_vip...,dend_55,0.0007,./grid_batch,grid_search_01609,0.305222,0.5
1610,grid_search_01610,/Users/romanbaravalle/Documents/2026/M1-M1_vip...,dend_56,0.0007,./grid_batch,grid_search_01610,0.317309,0.5
1611,grid_search_01611,/Users/romanbaravalle/Documents/2026/M1-M1_vip...,dend_57,0.0007,./grid_batch,grid_search_01611,0.352308,0.5
1612,grid_search_01612,/Users/romanbaravalle/Documents/2026/M1-M1_vip...,dend_58,0.0007,./grid_batch,grid_search_01612,0.344738,0.5
1613,grid_search_01613,/Users/romanbaravalle/Documents/2026/M1-M1_vip...,dend_59,0.0007,./grid_batch,grid_search_01613,0.339268,0.5
1614,grid_search_01614,/Users/romanbaravalle/Documents/2026/M1-M1_vip...,dend_6,0.0007,./grid_batch,grid_search_01614,0.283974,0.5
1615,grid_search_01615,/Users/romanbaravalle/Documents/2026/M1-M1_vip...,dend_60,0.0007,./grid_batch,grid_search_01615,0.349906,0.5
1616,grid_search_01616,/Users/romanbaravalle/Documents/2026/M1-M1_vip...,dend_61,0.0007,./grid_batch,grid_search_01616,0.342267,0.5
1617,grid_search_01617,/Users/romanbaravalle/Documents/2026/M1-M1_vip...,dend_62,0.0007,./grid_batch,grid_search_01617,0.342167,0.5
1618,grid_search_01618,/Users/romanbaravalle/Documents/2026/M1-M1_vip...,dend_63,0.0007,./grid_batch,grid_search_01618,0.350317,0.5
1619,grid_search_01619,/Users/romanbaravalle/Documents/2026/M1-M1_vip...,dend_64,0.0007,./grid_batch,grid_search_01619,0.346728,0.5
1620,grid_search_01620,/Users/romanbaravalle/Documents/2026/M1-M1_vip...,dend_65,0.0007,./grid_batch,grid_search_01620,0.340012,0.5
1621,grid_search_01621,/Users/romanbaravalle/Documents/2026/M1-M1_vip...,dend_66,0.0007,./grid_batch,grid_search_01621,0.34074,0.5
1622,grid_search_01622,/Users/romanbaravalle/Documents/2026/M1-M1_vip...,dend_67,0.0007,./grid_batch,grid_search_01622,0.339049,0.5
1623,grid_search_01623,/Users/romanbaravalle/Documents/2026/M1-M1_vip...,dend_68,0.0007,./grid_batch,grid_search_01623,0.349117,0.5
1624,grid_search_01624,/Users/romanbaravalle/Documents/2026/M1-M1_vip...,dend_69,0.0007,./grid_batch,grid_search_01624,0.342158,0.5
1625,grid_search_01625,/Users/romanbaravalle/Documents/2026/M1-M1_vip...,dend_7,0.0007,./grid_batch,grid_search_01625,0.349591,0.5
1626,grid_search_01626,/Users/romanbaravalle/Documents/2026/M1-M1_vip...,dend_70,0.0007,./grid_batch,grid_search_01626,0.330883,0.5
1627,grid_search_01627,/Users/romanbaravalle/Documents/2026/M1-M1_vip...,dend_71,0.0007,./grid_batch,grid_search_01627,0.274103,0.5
1628,grid_search_01628,/Users/romanbaravalle/Documents/2026/M1-M1_vip...,dend_72,0.0007,./grid_batch,grid_search_01628,0.322393,0.5
1629,grid_search_01629,/Users/romanbaravalle/Documents/2026/M1-M1_vip...,dend_73,0.0007,./grid_batch,grid_search_01629,0.350412,0.5
1630,grid_search_01630,/Users/romanbaravalle/Documents/2026/M1-M1_vip...,dend_74,0.0007,./grid_batch,grid_search_01630,0.344452,0.5
1631,grid_search_01631,/Users/romanbaravalle/Documents/2026/M1-M1_vip...,dend_75,0.0007,./grid_batch,grid_search_01631,0.339251,0.5
1632,grid_search_01632,/Users/romanbaravalle/Documents/2026/M1-M1_vip...,dend_76,0.0007,./grid_batch,grid_search_01632,0.327759,0.5
1633,grid_search_01633,/Users/romanbaravalle/Documents/2026/M1-M1_vip...,dend_77,0.0007,./grid_batch,grid_search_01633,0.336079,0.5
1634,grid_search_01634,/Users/romanbaravalle/Documents/2026/M1-M1_vip...,dend_78,0.0007,./grid_batch,grid_search_01634,0.327244,0.5
1635,grid_search_01635,/Users/romanbaravalle/Documents/2026/M1-M1_vip...,dend_79,0.0007,./grid_batch,grid_search_01635,0.334825,0.5
1636,grid_search_01636,/Users/romanbaravalle/Documents/2026/M1-M1_vip...,dend_8,0.0007,./grid_batch,grid_search_01636,0.338073,0.5
1637,grid_search_01637,/Users/romanbaravalle/Documents/2026/M1-M1_vip...,dend_80,0.0007,./grid_batch,grid_search_01637,0.340833,0.5
1638,grid_search_01638,/Users/romanbaravalle/Documents/2026/M1-M1_vip...,dend_81,0.0007,./grid_batch,grid_search_01638,0.326187,0.5
1639,grid_search_01639,/Users/romanbaravalle/Documents/2026/M1-M1_vip...,dend_82,0.0007,./grid_batch,grid_search_01639,0.334285,0.5
1640,grid_search_01640,/Users/romanbaravalle/Documents/2026/M1-M1_vip...,dend_83,0.0007,./grid_batch,grid_search_01640,0.329273,0.5
1641,grid_search_01641,/Users/romanbaravalle/Documents/2026/M1-M1_vip...,dend_84,0.0007,./grid_batch,grid_search_01641,0.32406,0.5
1642,grid_search_01642,/Users/romanbaravalle/Documents/2026/M1-M1_vip...,dend_85,0.0007,./grid_batch,grid_search_01642,0.316329,0.5
1643,grid_search_01643,/Users/romanbaravalle/Documents/2026/M1-M1_vip...,dend_86,0.0007,./grid_batch,grid_search_01643,0.313819,0.5
1644,grid_search_01644,/Users/romanbaravalle/Documents/2026/M1-M1_vip...,dend_87,0.0007,./grid_batch,grid_search_01644,0.347757,0.5
1645,grid_search_01645,/Users/romanbaravalle/Documents/2026/M1-M1_vip...,dend_88,0.0007,./grid_batch,grid_search_01645,0.341676,0.5
1646,grid_search_01646,/Users/romanbaravalle/Documents/2026/M1-M1_vip...,dend_89,0.0007,./grid_batch,grid_search_01646,0.315312,0.5
1647,grid_search_01647,/Users/romanbaravalle/Documents/2026/M1-M1_vip...,dend_9,0.0007,./grid_batch,grid_search_01647,0.331032,0.5
1648,grid_search_01648,/Users/romanbaravalle/Documents/2026/M1-M1_vip...,dend_90,0.0007,./grid_batch,grid_search_01648,0.329648,0.5
1649,grid_search_01649,/Users/romanbaravalle/Documents/2026/M1-M1_vip...,dend_91,0.0007,./grid_batch,grid_search_01649,0.29043,0.5
1650,grid_search_01650,/Users/romanbaravalle/Documents/2026/M1-M1_vip...,dend_92,0.0007,./grid_batch,grid_search_01650,0.288062,0.5
1651,grid_search_01651,/Users/romanbaravalle/Documents/2026/M1-M1_vip...,dend_93,0.0007,./grid_batch,grid_search_01651,0.346042,0.5
1652,grid_search_01652,/Users/romanbaravalle/Documents/2026/M1-M1_vip...,dend_94,0.0007,./grid_batch,grid_search_01652,0.340406,0.5
1653,grid_search_01653,/Users/romanbaravalle/Documents/2026/M1-M1_vip...,dend_95,0.0007,./grid_batch,grid_search_01653,0.364882,0.5
1654,grid_search_01654,/Users/romanbaravalle/Documents/2026/M1-M1_vip...,dend_96,0.0007,./grid_batch,grid_search_01654,0.09172,0.5
1655,grid_search_01655,/Users/romanbaravalle/Documents/2026/M1-M1_vip...,dend_97,0.0007,./grid_batch,grid_search_01655,0.156563,0.5
1656,grid_search_01656,/Users/romanbaravalle/Documents/2026/M1-M1_vip...,dend_98,0.0007,./grid_batch,grid_search_01656,0.332149,0.5
1657,grid_search_01657,/Users/romanbaravalle/Documents/2026/M1-M1_vip...,dend_99,0.0007,./grid_batch,grid_search_01657,0.334424,0.5
1658,grid_search_01658,/Users/romanbaravalle/Documents/2026/M1-M1_vip...,soma,0.0007,./grid_batch,grid_search_01658,0.352644,0.5
1659,grid_search_01659,/Users/romanbaravalle/Documents/2026/M1-M1_vip...,apic_0,0.0008,./grid_batch,grid_search_01659,0.396993,0.5
1660,grid_search_01660,/Users/romanbaravalle/Documents/2026/M1-M1_vip...,apic_1,0.0008,./grid_batch,grid_search_01660,0.380635,0.5
1661,grid_search_01661,/Users/romanbaravalle/Documents/2026/M1-M1_vip...,apic_10,0.0008,./grid_batch,grid_search_01661,0.31077,0.5
1662,grid_search_01662,/Users/romanbaravalle/Documents/2026/M1-M1_vip...,apic_100,0.0008,./grid_batch,grid_search_01662,0.062857,0.5
1663,grid_search_01663,/Users/romanbaravalle/Documents/2026/M1-M1_vip...,apic_101,0.0008,./grid_batch,grid_search_01663,0.059061,0.5
1664,grid_search_01664,/Users/romanbaravalle/Documents/2026/M1-M1_vip...,apic_102,0.0008,./grid_batch,grid_search_01664,0.059061,0.5
1665,grid_search_01665,/Users/romanbaravalle/Documents/2026/M1-M1_vip...,apic_103,0.0008,./grid_batch,grid_search_01665,0.073277,0.5
1666,grid_search_01666,/Users/romanbaravalle/Documents/2026/M1-M1_vip...,apic_104,0.0008,./grid_batch,grid_search_01666,0.075595,0.5
1667,grid_search_01667,/Users/romanbaravalle/Documents/2026/M1-M1_vip...,apic_105,0.0008,./grid_batch,grid_search_01667,0.07443,0.5
1668,grid_search_01668,/Users/romanbaravalle/Documents/2026/M1-M1_vip...,apic_106,0.0008,./grid_batch,grid_search_01668,0.071331,0.5
1669,grid_search_01669,/Users/romanbaravalle/Documents/2026/M1-M1_vip...,apic_107,0.0008,./grid_batch,grid_search_01669,0.058026,0.5
1670,grid_search_01670,/Users/romanbaravalle/Documents/2026/M1-M1_vip...,apic_108,0.0008,./grid_batch,grid_search_01670,0.046629,0.5
1671,grid_search_01671,/Users/romanbaravalle/Documents/2026/M1-M1_vip...,apic_109,0.0008,./grid_batch,grid_search_01671,0.045212,0.5
1672,grid_search_01672,/Users/romanbaravalle/Documents/2026/M1-M1_vip...,apic_11,0.0008,./grid_batch,grid_search_01672,0.310941,0.5
1673,grid_search_01673,/Users/romanbaravalle/Documents/2026/M1-M1_vip...,apic_110,0.0008,./grid_batch,grid_search_01673,0.045212,0.5
1674,grid_search_01674,/Users/romanbaravalle/Documents/2026/M1-M1_vip...,apic_111,0.0008,./grid_batch,grid_search_01674,0.046857,0.5
1675,grid_search_01675,/Users/romanbaravalle/Documents/2026/M1-M1_vip...,apic_112,0.0008,./grid_batch,grid_search_01675,0.073909,0.5
1676,grid_search_01676,/Users/romanbaravalle/Documents/2026/M1-M1_vip...,apic_113,0.0008,./grid_batch,grid_search_01676,0.317645,0.5
1677,grid_search_01677,/Users/romanbaravalle/Documents/2026/M1-M1_vip...,apic_114,0.0008,./grid_batch,grid_search_01677,0.380816,0.5
1678,grid_search_01678,/Users/romanbaravalle/Documents/2026/M1-M1_vip...,apic_115,0.0008,./grid_batch,grid_search_01678,0.373045,0.5
1679,grid_search_01679,/Users/romanbaravalle/Documents/2026/M1-M1_vip...,apic_116,0.0008,./grid_batch,grid_search_01679,0.371631,0.5
1680,grid_search_01680,/Users/romanbaravalle/Documents/2026/M1-M1_vip...,apic_117,0.0008,./grid_batch,grid_search_01680,0.368304,0.5
1681,grid_search_01681,/Users/romanbaravalle/Documents/2026/M1-M1_vip...,apic_118,0.0008,./grid_batch,grid_search_01681,0.346424,0.5
1682,grid_search_01682,/Users/romanbaravalle/Documents/2026/M1-M1_vip...,apic_119,0.0008,./grid_batch,grid_search_01682,0.343509,0.5
1683,grid_search_01683,/Users/romanbaravalle/Documents/2026/M1-M1_vip...,apic_12,0.0008,./grid_batch,grid_search_01683,0.328064,0.5
1684,grid_search_01684,/Users/romanbaravalle/Documents/2026/M1-M1_vip...,apic_120,0.0008,./grid_batch,grid_search_01684,0.353412,0.5
1685,grid_search_01685,/Users/romanbaravalle/Documents/2026/M1-M1_vip...,apic_121,0.0008,./grid_batch,grid_search_01685,0.356983,0.5
1686,grid_search_01686,/Users/romanbaravalle/Documents/2026/M1-M1_vip...,apic_122,0.0008,./grid_batch,grid_search_01686,0.366259,0.5
1687,grid_search_01687,/Users/romanbaravalle/Documents/2026/M1-M1_vip...,apic_13,0.0008,./grid_batch,grid_search_01687,0.314899,0.5
1688,grid_search_01688,/Users/romanbaravalle/Documents/2026/M1-M1_vip...,apic_14,0.0008,./grid_batch,grid_search_01688,0.319491,0.5
1689,grid_search_01689,/Users/romanbaravalle/Documents/2026/M1-M1_vip...,apic_15,0.0008,./grid_batch,grid_search_01689,0.308566,0.5
1690,grid_search_01690,/Users/romanbaravalle/Documents/2026/M1-M1_vip...,apic_16,0.0008,./grid_batch,grid_search_01690,0.314872,0.5
1691,grid_search_01691,/Users/romanbaravalle/Documents/2026/M1-M1_vip...,apic_17,0.0008,./grid_batch,grid_search_01691,0.335626,0.5
1692,grid_search_01692,/Users/romanbaravalle/Documents/2026/M1-M1_vip...,apic_18,0.0008,./grid_batch,grid_search_01692,0.309882,0.5
1693,grid_search_01693,/Users/romanbaravalle/Documents/2026/M1-M1_vip...,apic_19,0.0008,./grid_batch,grid_search_01693,0.293007,0.5
1694,grid_search_01694,/Users/romanbaravalle/Documents/2026/M1-M1_vip...,apic_2,0.0008,./grid_batch,grid_search_01694,0.347652,0.5
1695,grid_search_01695,/Users/romanbaravalle/Documents/2026/M1-M1_vip...,apic_20,0.0008,./grid_batch,grid_search_01695,0.290802,0.5
1696,grid_search_01696,/Users/romanbaravalle/Documents/2026/M1-M1_vip...,apic_21,0.0008,./grid_batch,grid_search_01696,0.285498,0.5
1697,grid_search_01697,/Users/romanbaravalle/Documents/2026/M1-M1_vip...,apic_22,0.0008,./grid_batch,grid_search_01697,0.2648,0.5
1698,grid_search_01698,/Users/romanbaravalle/Documents/2026/M1-M1_vip...,apic_23,0.0008,./grid_batch,grid_search_01698,0.268529,0.5
1699,grid_search_01699,/Users/romanbaravalle/Documents/2026/M1-M1_vip...,apic_24,0.0008,./grid_batch,grid_search_01699,0.288566,0.5
1700,grid_search_01700,/Users/romanbaravalle/Documents/2026/M1-M1_vip...,apic_25,0.0008,./grid_batch,grid_search_01700,0.276669,0.5
1701,grid_search_01701,/Users/romanbaravalle/Documents/2026/M1-M1_vip...,apic_26,0.0008,./grid_batch,grid_search_01701,0.274217,0.5
1702,grid_search_01702,/Users/romanbaravalle/Documents/2026/M1-M1_vip...,apic_27,0.0008,./grid_batch,grid_search_01702,0.288351,0.5
1703,grid_search_01703,/Users/romanbaravalle/Documents/2026/M1-M1_vip...,apic_28,0.0008,./grid_batch,grid_search_01703,0.276614,0.5
1704,grid_search_01704,/Users/romanbaravalle/Documents/2026/M1-M1_vip...,apic_29,0.0008,./grid_batch,grid_search_01704,0.276764,0.5
1705,grid_search_01705,/Users/romanbaravalle/Documents/2026/M1-M1_vip...,apic_3,0.0008,./grid_batch,grid_search_01705,0.364609,0.5
1706,grid_search_01706,/Users/romanbaravalle/Documents/2026/M1-M1_vip...,apic_30,0.0008,./grid_batch,grid_search_01706,0.286018,0.5
1707,grid_search_01707,/Users/romanbaravalle/Documents/2026/M1-M1_vip...,apic_31,0.0008,./grid_batch,grid_search_01707,0.273836,0.5
1708,grid_search_01708,/Users/romanbaravalle/Documents/2026/M1-M1_vip...,apic_32,0.0008,./grid_batch,grid_search_01708,0.263563,0.5
1709,grid_search_01709,/Users/romanbaravalle/Documents/2026/M1-M1_vip...,apic_33,0.0008,./grid_batch,grid_search_01709,0.260247,0.5
1710,grid_search_01710,/Users/romanbaravalle/Documents/2026/M1-M1_vip...,apic_34,0.0008,./grid_batch,grid_search_01710,0.266851,0.5
1711,grid_search_01711,/Users/romanbaravalle/Documents/2026/M1-M1_vip...,apic_35,0.0008,./grid_batch,grid_search_01711,0.246264,0.5
1712,grid_search_01712,/Users/romanbaravalle/Documents/2026/M1-M1_vip...,apic_36,0.0008,./grid_batch,grid_search_01712,0.250273,0.5
1713,grid_search_01713,/Users/romanbaravalle/Documents/2026/M1-M1_vip...,apic_37,0.0008,./grid_batch,grid_search_01713,0.228577,0.5
1714,grid_search_01714,/Users/romanbaravalle/Documents/2026/M1-M1_vip...,apic_38,0.0008,./grid_batch,grid_search_01714,0.239822,0.5
1715,grid_search_01715,/Users/romanbaravalle/Documents/2026/M1-M1_vip...,apic_39,0.0008,./grid_batch,grid_search_01715,0.22537,0.5
1716,grid_search_01716,/Users/romanbaravalle/Documents/2026/M1-M1_vip...,apic_4,0.0008,./grid_batch,grid_search_01716,0.328921,0.5
1717,grid_search_01717,/Users/romanbaravalle/Documents/2026/M1-M1_vip...,apic_40,0.0008,./grid_batch,grid_search_01717,0.235971,0.5
1718,grid_search_01718,/Users/romanbaravalle/Documents/2026/M1-M1_vip...,apic_41,0.0008,./grid_batch,grid_search_01718,0.232237,0.5
1719,grid_search_01719,/Users/romanbaravalle/Documents/2026/M1-M1_vip...,apic_42,0.0008,./grid_batch,grid_search_01719,0.228792,0.5
1720,grid_search_01720,/Users/romanbaravalle/Documents/2026/M1-M1_vip...,apic_43,0.0008,./grid_batch,grid_search_01720,0.210195,0.5
1721,grid_search_01721,/Users/romanbaravalle/Documents/2026/M1-M1_vip...,apic_44,0.0008,./grid_batch,grid_search_01721,0.195459,0.5
1722,grid_search_01722,/Users/romanbaravalle/Documents/2026/M1-M1_vip...,apic_45,0.0008,./grid_batch,grid_search_01722,0.195459,0.5
1723,grid_search_01723,/Users/romanbaravalle/Documents/2026/M1-M1_vip...,apic_46,0.0008,./grid_batch,grid_search_01723,0.203389,0.5
1724,grid_search_01724,/Users/romanbaravalle/Documents/2026/M1-M1_vip...,apic_47,0.0008,./grid_batch,grid_search_01724,0.216609,0.5
1725,grid_search_01725,/Users/romanbaravalle/Documents/2026/M1-M1_vip...,apic_48,0.0008,./grid_batch,grid_search_01725,0.184958,0.5
1726,grid_search_01726,/Users/romanbaravalle/Documents/2026/M1-M1_vip...,apic_49,0.0008,./grid_batch,grid_search_01726,0.168485,0.5
1727,grid_search_01727,/Users/romanbaravalle/Documents/2026/M1-M1_vip...,apic_5,0.0008,./grid_batch,grid_search_01727,0.351177,0.5
1728,grid_search_01728,/Users/romanbaravalle/Documents/2026/M1-M1_vip...,apic_50,0.0008,./grid_batch,grid_search_01728,0.168485,0.5
1729,grid_search_01729,/Users/romanbaravalle/Documents/2026/M1-M1_vip...,apic_51,0.0008,./grid_batch,grid_search_01729,0.174421,0.5
1730,grid_search_01730,/Users/romanbaravalle/Documents/2026/M1-M1_vip...,apic_52,0.0008,./grid_batch,grid_search_01730,0.23035,0.5
1731,grid_search_01731,/Users/romanbaravalle/Documents/2026/M1-M1_vip...,apic_53,0.0008,./grid_batch,grid_search_01731,0.220346,0.5
1732,grid_search_01732,/Users/romanbaravalle/Documents/2026/M1-M1_vip...,apic_54,0.0008,./grid_batch,grid_search_01732,0.219699,0.5
1733,grid_search_01733,/Users/romanbaravalle/Documents/2026/M1-M1_vip...,apic_55,0.0008,./grid_batch,grid_search_01733,0.208495,0.5
1734,grid_search_01734,/Users/romanbaravalle/Documents/2026/M1-M1_vip...,apic_56,0.0008,./grid_batch,grid_search_01734,0.20252,0.5
1735,grid_search_01735,/Users/romanbaravalle/Documents/2026/M1-M1_vip...,apic_57,0.0008,./grid_batch,grid_search_01735,0.188461,0.5
1736,grid_search_01736,/Users/romanbaravalle/Documents/2026/M1-M1_vip...,apic_58,0.0008,./grid_batch,grid_search_01736,0.189548,0.5
1737,grid_search_01737,/Users/romanbaravalle/Documents/2026/M1-M1_vip...,apic_59,0.0008,./grid_batch,grid_search_01737,0.201454,0.5
1738,grid_search_01738,/Users/romanbaravalle/Documents/2026/M1-M1_vip...,apic_6,0.0008,./grid_batch,grid_search_01738,0.341713,0.5
1739,grid_search_01739,/Users/romanbaravalle/Documents/2026/M1-M1_vip...,apic_60,0.0008,./grid_batch,grid_search_01739,0.191568,0.5
1740,grid_search_01740,/Users/romanbaravalle/Documents/2026/M1-M1_vip...,apic_61,0.0008,./grid_batch,grid_search_01740,0.194863,0.5
1741,grid_search_01741,/Users/romanbaravalle/Documents/2026/M1-M1_vip...,apic_62,0.0008,./grid_batch,grid_search_01741,0.189532,0.5
1742,grid_search_01742,/Users/romanbaravalle/Documents/2026/M1-M1_vip...,apic_63,0.0008,./grid_batch,grid_search_01742,0.189532,0.5
1743,grid_search_01743,/Users/romanbaravalle/Documents/2026/M1-M1_vip...,apic_64,0.0008,./grid_batch,grid_search_01743,0.207025,0.5
1744,grid_search_01744,/Users/romanbaravalle/Documents/2026/M1-M1_vip...,apic_65,0.0008,./grid_batch,grid_search_01744,0.192423,0.5
1745,grid_search_01745,/Users/romanbaravalle/Documents/2026/M1-M1_vip...,apic_66,0.0008,./grid_batch,grid_search_01745,0.147983,0.5
1746,grid_search_01746,/Users/romanbaravalle/Documents/2026/M1-M1_vip...,apic_67,0.0008,./grid_batch,grid_search_01746,0.100678,0.5
1747,grid_search_01747,/Users/romanbaravalle/Documents/2026/M1-M1_vip...,apic_68,0.0008,./grid_batch,grid_search_01747,0.078209,0.5
1748,grid_search_01748,/Users/romanbaravalle/Documents/2026/M1-M1_vip...,apic_69,0.0008,./grid_batch,grid_search_01748,0.095624,0.5
1749,grid_search_01749,/Users/romanbaravalle/Documents/2026/M1-M1_vip...,apic_7,0.0008,./grid_batch,grid_search_01749,0.332414,0.5
1750,grid_search_01750,/Users/romanbaravalle/Documents/2026/M1-M1_vip...,apic_70,0.0008,./grid_batch,grid_search_01750,0.089944,0.5
1751,grid_search_01751,/Users/romanbaravalle/Documents/2026/M1-M1_vip...,apic_71,0.0008,./grid_batch,grid_search_01751,0.077422,0.5
1752,grid_search_01752,/Users/romanbaravalle/Documents/2026/M1-M1_vip...,apic_72,0.0008,./grid_batch,grid_search_01752,0.0707,0.5
1753,grid_search_01753,/Users/romanbaravalle/Documents/2026/M1-M1_vip...,apic_73,0.0008,./grid_batch,grid_search_01753,0.063911,0.5
1754,grid_search_01754,/Users/romanbaravalle/Documents/2026/M1-M1_vip...,apic_74,0.0008,./grid_batch,grid_search_01754,0.066515,0.5
1755,grid_search_01755,/Users/romanbaravalle/Documents/2026/M1-M1_vip...,apic_75,0.0008,./grid_batch,grid_search_01755,0.068949,0.5
1756,grid_search_01756,/Users/romanbaravalle/Documents/2026/M1-M1_vip...,apic_76,0.0008,./grid_batch,grid_search_01756,0.069178,0.5
1757,grid_search_01757,/Users/romanbaravalle/Documents/2026/M1-M1_vip...,apic_77,0.0008,./grid_batch,grid_search_01757,0.090996,0.5
1758,grid_search_01758,/Users/romanbaravalle/Documents/2026/M1-M1_vip...,apic_78,0.0008,./grid_batch,grid_search_01758,0.073403,0.5
1759,grid_search_01759,/Users/romanbaravalle/Documents/2026/M1-M1_vip...,apic_79,0.0008,./grid_batch,grid_search_01759,0.049665,0.5
1760,grid_search_01760,/Users/romanbaravalle/Documents/2026/M1-M1_vip...,apic_8,0.0008,./grid_batch,grid_search_01760,0.324364,0.5
1761,grid_search_01761,/Users/romanbaravalle/Documents/2026/M1-M1_vip...,apic_80,0.0008,./grid_batch,grid_search_01761,0.057971,0.5
1762,grid_search_01762,/Users/romanbaravalle/Documents/2026/M1-M1_vip...,apic_81,0.0008,./grid_batch,grid_search_01762,0.051647,0.5
1763,grid_search_01763,/Users/romanbaravalle/Documents/2026/M1-M1_vip...,apic_82,0.0008,./grid_batch,grid_search_01763,0.047279,0.5
1764,grid_search_01764,/Users/romanbaravalle/Documents/2026/M1-M1_vip...,apic_83,0.0008,./grid_batch,grid_search_01764,0.077656,0.5
1765,grid_search_01765,/Users/romanbaravalle/Documents/2026/M1-M1_vip...,apic_84,0.0008,./grid_batch,grid_search_01765,0.061957,0.5
1766,grid_search_01766,/Users/romanbaravalle/Documents/2026/M1-M1_vip...,apic_85,0.0008,./grid_batch,grid_search_01766,0.057486,0.5
1767,grid_search_01767,/Users/romanbaravalle/Documents/2026/M1-M1_vip...,apic_86,0.0008,./grid_batch,grid_search_01767,0.048474,0.5
1768,grid_search_01768,/Users/romanbaravalle/Documents/2026/M1-M1_vip...,apic_87,0.0008,./grid_batch,grid_search_01768,0.043806,0.5
1769,grid_search_01769,/Users/romanbaravalle/Documents/2026/M1-M1_vip...,apic_88,0.0008,./grid_batch,grid_search_01769,0.040219,0.5
1770,grid_search_01770,/Users/romanbaravalle/Documents/2026/M1-M1_vip...,apic_89,0.0008,./grid_batch,grid_search_01770,0.039974,0.5
1771,grid_search_01771,/Users/romanbaravalle/Documents/2026/M1-M1_vip...,apic_9,0.0008,./grid_batch,grid_search_01771,0.305677,0.5
1772,grid_search_01772,/Users/romanbaravalle/Documents/2026/M1-M1_vip...,apic_90,0.0008,./grid_batch,grid_search_01772,0.040029,0.5
1773,grid_search_01773,/Users/romanbaravalle/Documents/2026/M1-M1_vip...,apic_91,0.0008,./grid_batch,grid_search_01773,0.039961,0.5
1774,grid_search_01774,/Users/romanbaravalle/Documents/2026/M1-M1_vip...,apic_92,0.0008,./grid_batch,grid_search_01774,0.046709,0.5
1775,grid_search_01775,/Users/romanbaravalle/Documents/2026/M1-M1_vip...,apic_93,0.0008,./grid_batch,grid_search_01775,0.039505,0.5
1776,grid_search_01776,/Users/romanbaravalle/Documents/2026/M1-M1_vip...,apic_94,0.0008,./grid_batch,grid_search_01776,0.039061,0.5
1777,grid_search_01777,/Users/romanbaravalle/Documents/2026/M1-M1_vip...,apic_95,0.0008,./grid_batch,grid_search_01777,0.052664,0.5
1778,grid_search_01778,/Users/romanbaravalle/Documents/2026/M1-M1_vip...,apic_96,0.0008,./grid_batch,grid_search_01778,0.049577,0.5
1779,grid_search_01779,/Users/romanbaravalle/Documents/2026/M1-M1_vip...,apic_97,0.0008,./grid_batch,grid_search_01779,0.049713,0.5
1780,grid_search_01780,/Users/romanbaravalle/Documents/2026/M1-M1_vip...,apic_98,0.0008,./grid_batch,grid_search_01780,0.087582,0.5
1781,grid_search_01781,/Users/romanbaravalle/Documents/2026/M1-M1_vip...,apic_99,0.0008,./grid_batch,grid_search_01781,0.074671,0.5
1782,grid_search_01782,/Users/romanbaravalle/Documents/2026/M1-M1_vip...,dend_0,0.0008,./grid_batch,grid_search_01782,0.393951,0.5
1783,grid_search_01783,/Users/romanbaravalle/Documents/2026/M1-M1_vip...,dend_1,0.0008,./grid_batch,grid_search_01783,0.382234,0.5
1784,grid_search_01784,/Users/romanbaravalle/Documents/2026/M1-M1_vip...,dend_10,0.0008,./grid_batch,grid_search_01784,0.400373,0.5
1785,grid_search_01785,/Users/romanbaravalle/Documents/2026/M1-M1_vip...,dend_100,0.0008,./grid_batch,grid_search_01785,0.389405,0.5
1786,grid_search_01786,/Users/romanbaravalle/Documents/2026/M1-M1_vip...,dend_101,0.0008,./grid_batch,grid_search_01786,0.379178,0.5
1787,grid_search_01787,/Users/romanbaravalle/Documents/2026/M1-M1_vip...,dend_102,0.0008,./grid_batch,grid_search_01787,0.363617,0.5
1788,grid_search_01788,/Users/romanbaravalle/Documents/2026/M1-M1_vip...,dend_103,0.0008,./grid_batch,grid_search_01788,0.374279,0.5
1789,grid_search_01789,/Users/romanbaravalle/Documents/2026/M1-M1_vip...,dend_104,0.0008,./grid_batch,grid_search_01789,0.386255,0.5
1790,grid_search_01790,/Users/romanbaravalle/Documents/2026/M1-M1_vip...,dend_105,0.0008,./grid_batch,grid_search_01790,0.347481,0.5
1791,grid_search_01791,/Users/romanbaravalle/Documents/2026/M1-M1_vip...,dend_106,0.0008,./grid_batch,grid_search_01791,0.34444,0.5
1792,grid_search_01792,/Users/romanbaravalle/Documents/2026/M1-M1_vip...,dend_107,0.0008,./grid_batch,grid_search_01792,0.335619,0.5
1793,grid_search_01793,/Users/romanbaravalle/Documents/2026/M1-M1_vip...,dend_108,0.0008,./grid_batch,grid_search_01793,0.384997,0.5
1794,grid_search_01794,/Users/romanbaravalle/Documents/2026/M1-M1_vip...,dend_109,0.0008,./grid_batch,grid_search_01794,0.341839,0.5
1795,grid_search_01795,/Users/romanbaravalle/Documents/2026/M1-M1_vip...,dend_11,0.0008,./grid_batch,grid_search_01795,0.383113,0.5
1796,grid_search_01796,/Users/romanbaravalle/Documents/2026/M1-M1_vip...,dend_110,0.0008,./grid_batch,grid_search_01796,0.37785,0.5
1797,grid_search_01797,/Users/romanbaravalle/Documents/2026/M1-M1_vip...,dend_111,0.0008,./grid_batch,grid_search_01797,0.29356,0.5
1798,grid_search_01798,/Users/romanbaravalle/Documents/2026/M1-M1_vip...,dend_112,0.0008,./grid_batch,grid_search_01798,0.293709,0.5
1799,grid_search_01799,/Users/romanbaravalle/Documents/2026/M1-M1_vip...,dend_12,0.0008,./grid_batch,grid_search_01799,0.397362,0.5
1800,grid_search_01800,/Users/romanbaravalle/Documents/2026/M1-M1_vip...,dend_13,0.0008,./grid_batch,grid_search_01800,0.394698,0.5
1801,grid_search_01801,/Users/romanbaravalle/Documents/2026/M1-M1_vip...,dend_14,0.0008,./grid_batch,grid_search_01801,0.369936,0.5
1802,grid_search_01802,/Users/romanbaravalle/Documents/2026/M1-M1_vip...,dend_15,0.0008,./grid_batch,grid_search_01802,0.38437,0.5
1803,grid_search_01803,/Users/romanbaravalle/Documents/2026/M1-M1_vip...,dend_16,0.0008,./grid_batch,grid_search_01803,0.3804,0.5
1804,grid_search_01804,/Users/romanbaravalle/Documents/2026/M1-M1_vip...,dend_17,0.0008,./grid_batch,grid_search_01804,0.40045,0.5
1805,grid_search_01805,/Users/romanbaravalle/Documents/2026/M1-M1_vip...,dend_18,0.0008,./grid_batch,grid_search_01805,0.389767,0.5
1806,grid_search_01806,/Users/romanbaravalle/Documents/2026/M1-M1_vip...,dend_19,0.0008,./grid_batch,grid_search_01806,0.381305,0.5
1807,grid_search_01807,/Users/romanbaravalle/Documents/2026/M1-M1_vip...,dend_2,0.0008,./grid_batch,grid_search_01807,0.380329,0.5
1808,grid_search_01808,/Users/romanbaravalle/Documents/2026/M1-M1_vip...,dend_20,0.0008,./grid_batch,grid_search_01808,0.37583,0.5
1809,grid_search_01809,/Users/romanbaravalle/Documents/2026/M1-M1_vip...,dend_21,0.0008,./grid_batch,grid_search_01809,0.364965,0.5
1810,grid_search_01810,/Users/romanbaravalle/Documents/2026/M1-M1_vip...,dend_22,0.0008,./grid_batch,grid_search_01810,0.365393,0.5
1811,grid_search_01811,/Users/romanbaravalle/Documents/2026/M1-M1_vip...,dend_23,0.0008,./grid_batch,grid_search_01811,0.375862,0.5
1812,grid_search_01812,/Users/romanbaravalle/Documents/2026/M1-M1_vip...,dend_24,0.0008,./grid_batch,grid_search_01812,0.366203,0.5
1813,grid_search_01813,/Users/romanbaravalle/Documents/2026/M1-M1_vip...,dend_25,0.0008,./grid_batch,grid_search_01813,0.360997,0.5
1814,grid_search_01814,/Users/romanbaravalle/Documents/2026/M1-M1_vip...,dend_26,0.0008,./grid_batch,grid_search_01814,0.381339,0.5
1815,grid_search_01815,/Users/romanbaravalle/Documents/2026/M1-M1_vip...,dend_27,0.0008,./grid_batch,grid_search_01815,0.365633,0.5
1816,grid_search_01816,/Users/romanbaravalle/Documents/2026/M1-M1_vip...,dend_28,0.0008,./grid_batch,grid_search_01816,0.372703,0.5
1817,grid_search_01817,/Users/romanbaravalle/Documents/2026/M1-M1_vip...,dend_29,0.0008,./grid_batch,grid_search_01817,0.394644,0.5
1818,grid_search_01818,/Users/romanbaravalle/Documents/2026/M1-M1_vip...,dend_3,0.0008,./grid_batch,grid_search_01818,0.401939,0.5
1819,grid_search_01819,/Users/romanbaravalle/Documents/2026/M1-M1_vip...,dend_30,0.0008,./grid_batch,grid_search_01819,0.382075,0.5
1820,grid_search_01820,/Users/romanbaravalle/Documents/2026/M1-M1_vip...,dend_31,0.0008,./grid_batch,grid_search_01820,0.370272,0.5
1821,grid_search_01821,/Users/romanbaravalle/Documents/2026/M1-M1_vip...,dend_32,0.0008,./grid_batch,grid_search_01821,0.386855,0.5
1822,grid_search_01822,/Users/romanbaravalle/Documents/2026/M1-M1_vip...,dend_33,0.0008,./grid_batch,grid_search_01822,0.370084,0.5
1823,grid_search_01823,/Users/romanbaravalle/Documents/2026/M1-M1_vip...,dend_34,0.0008,./grid_batch,grid_search_01823,0.364061,0.5
1824,grid_search_01824,/Users/romanbaravalle/Documents/2026/M1-M1_vip...,dend_35,0.0008,./grid_batch,grid_search_01824,0.362206,0.5
1825,grid_search_01825,/Users/romanbaravalle/Documents/2026/M1-M1_vip...,dend_36,0.0008,./grid_batch,grid_search_01825,0.347893,0.5
1826,grid_search_01826,/Users/romanbaravalle/Documents/2026/M1-M1_vip...,dend_37,0.0008,./grid_batch,grid_search_01826,0.344328,0.5
1827,grid_search_01827,/Users/romanbaravalle/Documents/2026/M1-M1_vip...,dend_38,0.0008,./grid_batch,grid_search_01827,0.362042,0.5
1828,grid_search_01828,/Users/romanbaravalle/Documents/2026/M1-M1_vip...,dend_39,0.0008,./grid_batch,grid_search_01828,0.355683,0.5
1829,grid_search_01829,/Users/romanbaravalle/Documents/2026/M1-M1_vip...,dend_4,0.0008,./grid_batch,grid_search_01829,0.398479,0.5
1830,grid_search_01830,/Users/romanbaravalle/Documents/2026/M1-M1_vip...,dend_40,0.0008,./grid_batch,grid_search_01830,0.35113,0.5
1831,grid_search_01831,/Users/romanbaravalle/Documents/2026/M1-M1_vip...,dend_41,0.0008,./grid_batch,grid_search_01831,0.33397,0.5
1832,grid_search_01832,/Users/romanbaravalle/Documents/2026/M1-M1_vip...,dend_42,0.0008,./grid_batch,grid_search_01832,0.348552,0.5
1833,grid_search_01833,/Users/romanbaravalle/Documents/2026/M1-M1_vip...,dend_43,0.0008,./grid_batch,grid_search_01833,0.33508,0.5
1834,grid_search_01834,/Users/romanbaravalle/Documents/2026/M1-M1_vip...,dend_44,0.0008,./grid_batch,grid_search_01834,0.339242,0.5
1835,grid_search_01835,/Users/romanbaravalle/Documents/2026/M1-M1_vip...,dend_45,0.0008,./grid_batch,grid_search_01835,0.340533,0.5
1836,grid_search_01836,/Users/romanbaravalle/Documents/2026/M1-M1_vip...,dend_46,0.0008,./grid_batch,grid_search_01836,0.357643,0.5
1837,grid_search_01837,/Users/romanbaravalle/Documents/2026/M1-M1_vip...,dend_47,0.0008,./grid_batch,grid_search_01837,0.343685,0.5
1838,grid_search_01838,/Users/romanbaravalle/Documents/2026/M1-M1_vip...,dend_48,0.0008,./grid_batch,grid_search_01838,0.35272,0.5
1839,grid_search_01839,/Users/romanbaravalle/Documents/2026/M1-M1_vip...,dend_49,0.0008,./grid_batch,grid_search_01839,0.337797,0.5
1840,grid_search_01840,/Users/romanbaravalle/Documents/2026/M1-M1_vip...,dend_5,0.0008,./grid_batch,grid_search_01840,0.298025,0.5
1841,grid_search_01841,/Users/romanbaravalle/Documents/2026/M1-M1_vip...,dend_50,0.0008,./grid_batch,grid_search_01841,0.339688,0.5
1842,grid_search_01842,/Users/romanbaravalle/Documents/2026/M1-M1_vip...,dend_51,0.0008,./grid_batch,grid_search_01842,0.363922,0.5
1843,grid_search_01843,/Users/romanbaravalle/Documents/2026/M1-M1_vip...,dend_52,0.0008,./grid_batch,grid_search_01843,0.361101,0.5
1844,grid_search_01844,/Users/romanbaravalle/Documents/2026/M1-M1_vip...,dend_53,0.0008,./grid_batch,grid_search_01844,0.345331,0.5
1845,grid_search_01845,/Users/romanbaravalle/Documents/2026/M1-M1_vip...,dend_54,0.0008,./grid_batch,grid_search_01845,0.346444,0.5
1846,grid_search_01846,/Users/romanbaravalle/Documents/2026/M1-M1_vip...,dend_55,0.0008,./grid_batch,grid_search_01846,0.347084,0.5
1847,grid_search_01847,/Users/romanbaravalle/Documents/2026/M1-M1_vip...,dend_56,0.0008,./grid_batch,grid_search_01847,0.361004,0.5
1848,grid_search_01848,/Users/romanbaravalle/Documents/2026/M1-M1_vip...,dend_57,0.0008,./grid_batch,grid_search_01848,0.402365,0.5
1849,grid_search_01849,/Users/romanbaravalle/Documents/2026/M1-M1_vip...,dend_58,0.0008,./grid_batch,grid_search_01849,0.392686,0.5
1850,grid_search_01850,/Users/romanbaravalle/Documents/2026/M1-M1_vip...,dend_59,0.0008,./grid_batch,grid_search_01850,0.385709,0.5
1851,grid_search_01851,/Users/romanbaravalle/Documents/2026/M1-M1_vip...,dend_6,0.0008,./grid_batch,grid_search_01851,0.291728,0.5
1852,grid_search_01852,/Users/romanbaravalle/Documents/2026/M1-M1_vip...,dend_60,0.0008,./grid_batch,grid_search_01852,0.39932,0.5
1853,grid_search_01853,/Users/romanbaravalle/Documents/2026/M1-M1_vip...,dend_61,0.0008,./grid_batch,grid_search_01853,0.389568,0.5
1854,grid_search_01854,/Users/romanbaravalle/Documents/2026/M1-M1_vip...,dend_62,0.0008,./grid_batch,grid_search_01854,0.389437,0.5
1855,grid_search_01855,/Users/romanbaravalle/Documents/2026/M1-M1_vip...,dend_63,0.0008,./grid_batch,grid_search_01855,0.399898,0.5
1856,grid_search_01856,/Users/romanbaravalle/Documents/2026/M1-M1_vip...,dend_64,0.0008,./grid_batch,grid_search_01856,0.395378,0.5
1857,grid_search_01857,/Users/romanbaravalle/Documents/2026/M1-M1_vip...,dend_65,0.0008,./grid_batch,grid_search_01857,0.386804,0.5
1858,grid_search_01858,/Users/romanbaravalle/Documents/2026/M1-M1_vip...,dend_66,0.0008,./grid_batch,grid_search_01858,0.387695,0.5
1859,grid_search_01859,/Users/romanbaravalle/Documents/2026/M1-M1_vip...,dend_67,0.0008,./grid_batch,grid_search_01859,0.385676,0.5
1860,grid_search_01860,/Users/romanbaravalle/Documents/2026/M1-M1_vip...,dend_68,0.0008,./grid_batch,grid_search_01860,0.398597,0.5
1861,grid_search_01861,/Users/romanbaravalle/Documents/2026/M1-M1_vip...,dend_69,0.0008,./grid_batch,grid_search_01861,0.39018,0.5
1862,grid_search_01862,/Users/romanbaravalle/Documents/2026/M1-M1_vip...,dend_7,0.0008,./grid_batch,grid_search_01862,0.399011,0.5
1863,grid_search_01863,/Users/romanbaravalle/Documents/2026/M1-M1_vip...,dend_70,0.0008,./grid_batch,grid_search_01863,0.375916,0.5
1864,grid_search_01864,/Users/romanbaravalle/Documents/2026/M1-M1_vip...,dend_71,0.0008,./grid_batch,grid_search_01864,0.309625,0.5
1865,grid_search_01865,/Users/romanbaravalle/Documents/2026/M1-M1_vip...,dend_72,0.0008,./grid_batch,grid_search_01865,0.366101,0.5
1866,grid_search_01866,/Users/romanbaravalle/Documents/2026/M1-M1_vip...,dend_73,0.0008,./grid_batch,grid_search_01866,0.400217,0.5
1867,grid_search_01867,/Users/romanbaravalle/Documents/2026/M1-M1_vip...,dend_74,0.0008,./grid_batch,grid_search_01867,0.393255,0.5
1868,grid_search_01868,/Users/romanbaravalle/Documents/2026/M1-M1_vip...,dend_75,0.0008,./grid_batch,grid_search_01868,0.387019,0.5
1869,grid_search_01869,/Users/romanbaravalle/Documents/2026/M1-M1_vip...,dend_76,0.0008,./grid_batch,grid_search_01869,0.372587,0.5
1870,grid_search_01870,/Users/romanbaravalle/Documents/2026/M1-M1_vip...,dend_77,0.0008,./grid_batch,grid_search_01870,0.383067,0.5
1871,grid_search_01871,/Users/romanbaravalle/Documents/2026/M1-M1_vip...,dend_78,0.0008,./grid_batch,grid_search_01871,0.37189,0.5
1872,grid_search_01872,/Users/romanbaravalle/Documents/2026/M1-M1_vip...,dend_79,0.0008,./grid_batch,grid_search_01872,0.381466,0.5
1873,grid_search_01873,/Users/romanbaravalle/Documents/2026/M1-M1_vip...,dend_8,0.0008,./grid_batch,grid_search_01873,0.384356,0.5
1874,grid_search_01874,/Users/romanbaravalle/Documents/2026/M1-M1_vip...,dend_80,0.0008,./grid_batch,grid_search_01874,0.38899,0.5
1875,grid_search_01875,/Users/romanbaravalle/Documents/2026/M1-M1_vip...,dend_81,0.0008,./grid_batch,grid_search_01875,0.370783,0.5
1876,grid_search_01876,/Users/romanbaravalle/Documents/2026/M1-M1_vip...,dend_82,0.0008,./grid_batch,grid_search_01876,0.381044,0.5
1877,grid_search_01877,/Users/romanbaravalle/Documents/2026/M1-M1_vip...,dend_83,0.0008,./grid_batch,grid_search_01877,0.3748,0.5
1878,grid_search_01878,/Users/romanbaravalle/Documents/2026/M1-M1_vip...,dend_84,0.0008,./grid_batch,grid_search_01878,0.368136,0.5
1879,grid_search_01879,/Users/romanbaravalle/Documents/2026/M1-M1_vip...,dend_85,0.0008,./grid_batch,grid_search_01879,0.358349,0.5
1880,grid_search_01880,/Users/romanbaravalle/Documents/2026/M1-M1_vip...,dend_86,0.0008,./grid_batch,grid_search_01880,0.355692,0.5
1881,grid_search_01881,/Users/romanbaravalle/Documents/2026/M1-M1_vip...,dend_87,0.0008,./grid_batch,grid_search_01881,0.39713,0.5
1882,grid_search_01882,/Users/romanbaravalle/Documents/2026/M1-M1_vip...,dend_88,0.0008,./grid_batch,grid_search_01882,0.389496,0.5
1883,grid_search_01883,/Users/romanbaravalle/Documents/2026/M1-M1_vip...,dend_89,0.0008,./grid_batch,grid_search_01883,0.355987,0.5
1884,grid_search_01884,/Users/romanbaravalle/Documents/2026/M1-M1_vip...,dend_9,0.0008,./grid_batch,grid_search_01884,0.375762,0.5
1885,grid_search_01885,/Users/romanbaravalle/Documents/2026/M1-M1_vip...,dend_90,0.0008,./grid_batch,grid_search_01885,0.374078,0.5
1886,grid_search_01886,/Users/romanbaravalle/Documents/2026/M1-M1_vip...,dend_91,0.0008,./grid_batch,grid_search_01886,0.3253,0.5
1887,grid_search_01887,/Users/romanbaravalle/Documents/2026/M1-M1_vip...,dend_92,0.0008,./grid_batch,grid_search_01887,0.322436,0.5
1888,grid_search_01888,/Users/romanbaravalle/Documents/2026/M1-M1_vip...,dend_93,0.0008,./grid_batch,grid_search_01888,0.395114,0.5
1889,grid_search_01889,/Users/romanbaravalle/Documents/2026/M1-M1_vip...,dend_94,0.0008,./grid_batch,grid_search_01889,0.38799,0.5
1890,grid_search_01890,/Users/romanbaravalle/Documents/2026/M1-M1_vip...,dend_95,0.0008,./grid_batch,grid_search_01890,0.381968,0.5
1891,grid_search_01891,/Users/romanbaravalle/Documents/2026/M1-M1_vip...,dend_96,0.0008,./grid_batch,grid_search_01891,0.092189,0.5
1892,grid_search_01892,/Users/romanbaravalle/Documents/2026/M1-M1_vip...,dend_97,0.0008,./grid_batch,grid_search_01892,0.158502,0.5
1893,grid_search_01893,/Users/romanbaravalle/Documents/2026/M1-M1_vip...,dend_98,0.0008,./grid_batch,grid_search_01893,0.377441,0.5
1894,grid_search_01894,/Users/romanbaravalle/Documents/2026/M1-M1_vip...,dend_99,0.0008,./grid_batch,grid_search_01894,0.380608,0.5
1895,grid_search_01895,/Users/romanbaravalle/Documents/2026/M1-M1_vip...,soma,0.0008,./grid_batch,grid_search_01895,0.402793,0.5
1896,grid_search_01896,/Users/romanbaravalle/Documents/2026/M1-M1_vip...,apic_0,0.0009,./grid_batch,grid_search_01896,0.446358,0.5
1897,grid_search_01897,/Users/romanbaravalle/Documents/2026/M1-M1_vip...,apic_1,0.0009,./grid_batch,grid_search_01897,0.427952,0.5
1898,grid_search_01898,/Users/romanbaravalle/Documents/2026/M1-M1_vip...,apic_10,0.0009,./grid_batch,grid_search_01898,0.347405,0.5
1899,grid_search_01899,/Users/romanbaravalle/Documents/2026/M1-M1_vip...,apic_100,0.0009,./grid_batch,grid_search_01899,0.070897,0.5
1900,grid_search_01900,/Users/romanbaravalle/Documents/2026/M1-M1_vip...,apic_101,0.0009,./grid_batch,grid_search_01900,0.066786,0.5
1901,grid_search_01901,/Users/romanbaravalle/Documents/2026/M1-M1_vip...,apic_102,0.0009,./grid_batch,grid_search_01901,0.066786,0.5
1902,grid_search_01902,/Users/romanbaravalle/Documents/2026/M1-M1_vip...,apic_103,0.0009,./grid_batch,grid_search_01902,0.082355,0.5
1903,grid_search_01903,/Users/romanbaravalle/Documents/2026/M1-M1_vip...,apic_104,0.0009,./grid_batch,grid_search_01903,0.085018,0.5
1904,grid_search_01904,/Users/romanbaravalle/Documents/2026/M1-M1_vip...,apic_105,0.0009,./grid_batch,grid_search_01904,0.083698,0.5
1905,grid_search_01905,/Users/romanbaravalle/Documents/2026/M1-M1_vip...,apic_106,0.0009,./grid_batch,grid_search_01905,0.080077,0.5
1906,grid_search_01906,/Users/romanbaravalle/Documents/2026/M1-M1_vip...,apic_107,0.0009,./grid_batch,grid_search_01906,0.06543,0.5
1907,grid_search_01907,/Users/romanbaravalle/Documents/2026/M1-M1_vip...,apic_108,0.0009,./grid_batch,grid_search_01907,0.053488,0.5
1908,grid_search_01908,/Users/romanbaravalle/Documents/2026/M1-M1_vip...,apic_109,0.0009,./grid_batch,grid_search_01908,0.051945,0.5
1909,grid_search_01909,/Users/romanbaravalle/Documents/2026/M1-M1_vip...,apic_11,0.0009,./grid_batch,grid_search_01909,0.347606,0.5
1910,grid_search_01910,/Users/romanbaravalle/Documents/2026/M1-M1_vip...,apic_110,0.0009,./grid_batch,grid_search_01910,0.051945,0.5
1911,grid_search_01911,/Users/romanbaravalle/Documents/2026/M1-M1_vip...,apic_111,0.0009,./grid_batch,grid_search_01911,0.053706,0.5
1912,grid_search_01912,/Users/romanbaravalle/Documents/2026/M1-M1_vip...,apic_112,0.0009,./grid_batch,grid_search_01912,0.083018,0.5
1913,grid_search_01913,/Users/romanbaravalle/Documents/2026/M1-M1_vip...,apic_113,0.0009,./grid_batch,grid_search_01913,0.356253,0.5
1914,grid_search_01914,/Users/romanbaravalle/Documents/2026/M1-M1_vip...,apic_114,0.0009,./grid_batch,grid_search_01914,0.427973,0.5
1915,grid_search_01915,/Users/romanbaravalle/Documents/2026/M1-M1_vip...,apic_115,0.0009,./grid_batch,grid_search_01915,0.419035,0.5
1916,grid_search_01916,/Users/romanbaravalle/Documents/2026/M1-M1_vip...,apic_116,0.0009,./grid_batch,grid_search_01916,0.417398,0.5
1917,grid_search_01917,/Users/romanbaravalle/Documents/2026/M1-M1_vip...,apic_117,0.0009,./grid_batch,grid_search_01917,0.413474,0.5
1918,grid_search_01918,/Users/romanbaravalle/Documents/2026/M1-M1_vip...,apic_118,0.0009,./grid_batch,grid_search_01918,0.387192,0.5
1919,grid_search_01919,/Users/romanbaravalle/Documents/2026/M1-M1_vip...,apic_119,0.0009,./grid_batch,grid_search_01919,0.383837,0.5
1920,grid_search_01920,/Users/romanbaravalle/Documents/2026/M1-M1_vip...,apic_12,0.0009,./grid_batch,grid_search_01920,0.368085,0.5
1921,grid_search_01921,/Users/romanbaravalle/Documents/2026/M1-M1_vip...,apic_120,0.0009,./grid_batch,grid_search_01921,0.395709,0.5
1922,grid_search_01922,/Users/romanbaravalle/Documents/2026/M1-M1_vip...,apic_121,0.0009,./grid_batch,grid_search_01922,0.399832,0.5
1923,grid_search_01923,/Users/romanbaravalle/Documents/2026/M1-M1_vip...,apic_122,0.0009,./grid_batch,grid_search_01923,0.410655,0.5
1924,grid_search_01924,/Users/romanbaravalle/Documents/2026/M1-M1_vip...,apic_13,0.0009,./grid_batch,grid_search_01924,0.352285,0.5
1925,grid_search_01925,/Users/romanbaravalle/Documents/2026/M1-M1_vip...,apic_14,0.0009,./grid_batch,grid_search_01925,0.357944,0.5
1926,grid_search_01926,/Users/romanbaravalle/Documents/2026/M1-M1_vip...,apic_15,0.0009,./grid_batch,grid_search_01926,0.344863,0.5
1927,grid_search_01927,/Users/romanbaravalle/Documents/2026/M1-M1_vip...,apic_16,0.0009,./grid_batch,grid_search_01927,0.352308,0.5
1928,grid_search_01928,/Users/romanbaravalle/Documents/2026/M1-M1_vip...,apic_17,0.0009,./grid_batch,grid_search_01928,0.377313,0.5
1929,grid_search_01929,/Users/romanbaravalle/Documents/2026/M1-M1_vip...,apic_18,0.0009,./grid_batch,grid_search_01929,0.348358,0.5
1930,grid_search_01930,/Users/romanbaravalle/Documents/2026/M1-M1_vip...,apic_19,0.0009,./grid_batch,grid_search_01930,0.329369,0.5
1931,grid_search_01931,/Users/romanbaravalle/Documents/2026/M1-M1_vip...,apic_2,0.0009,./grid_batch,grid_search_01931,0.389337,0.5
1932,grid_search_01932,/Users/romanbaravalle/Documents/2026/M1-M1_vip...,apic_20,0.0009,./grid_batch,grid_search_01932,0.326847,0.5
1933,grid_search_01933,/Users/romanbaravalle/Documents/2026/M1-M1_vip...,apic_21,0.0009,./grid_batch,grid_search_01933,0.320642,0.5
1934,grid_search_01934,/Users/romanbaravalle/Documents/2026/M1-M1_vip...,apic_22,0.0009,./grid_batch,grid_search_01934,0.296356,0.5
1935,grid_search_01935,/Users/romanbaravalle/Documents/2026/M1-M1_vip...,apic_23,0.0009,./grid_batch,grid_search_01935,0.300385,0.5
1936,grid_search_01936,/Users/romanbaravalle/Documents/2026/M1-M1_vip...,apic_24,0.0009,./grid_batch,grid_search_01936,0.324235,0.5
1937,grid_search_01937,/Users/romanbaravalle/Documents/2026/M1-M1_vip...,apic_25,0.0009,./grid_batch,grid_search_01937,0.310045,0.5
1938,grid_search_01938,/Users/romanbaravalle/Documents/2026/M1-M1_vip...,apic_26,0.0009,./grid_batch,grid_search_01938,0.307224,0.5
1939,grid_search_01939,/Users/romanbaravalle/Documents/2026/M1-M1_vip...,apic_27,0.0009,./grid_batch,grid_search_01939,0.323951,0.5
1940,grid_search_01940,/Users/romanbaravalle/Documents/2026/M1-M1_vip...,apic_28,0.0009,./grid_batch,grid_search_01940,0.309941,0.5
1941,grid_search_01941,/Users/romanbaravalle/Documents/2026/M1-M1_vip...,apic_29,0.0009,./grid_batch,grid_search_01941,0.310113,0.5
1942,grid_search_01942,/Users/romanbaravalle/Documents/2026/M1-M1_vip...,apic_3,0.0009,./grid_batch,grid_search_01942,0.40992,0.5
1943,grid_search_01943,/Users/romanbaravalle/Documents/2026/M1-M1_vip...,apic_30,0.0009,./grid_batch,grid_search_01943,0.321524,0.5
1944,grid_search_01944,/Users/romanbaravalle/Documents/2026/M1-M1_vip...,apic_31,0.0009,./grid_batch,grid_search_01944,0.307635,0.5
1945,grid_search_01945,/Users/romanbaravalle/Documents/2026/M1-M1_vip...,apic_32,0.0009,./grid_batch,grid_search_01945,0.295288,0.5
1946,grid_search_01946,/Users/romanbaravalle/Documents/2026/M1-M1_vip...,apic_33,0.0009,./grid_batch,grid_search_01946,0.29141,0.5
1947,grid_search_01947,/Users/romanbaravalle/Documents/2026/M1-M1_vip...,apic_34,0.0009,./grid_batch,grid_search_01947,0.299966,0.5
1948,grid_search_01948,/Users/romanbaravalle/Documents/2026/M1-M1_vip...,apic_35,0.0009,./grid_batch,grid_search_01948,0.276129,0.5
1949,grid_search_01949,/Users/romanbaravalle/Documents/2026/M1-M1_vip...,apic_36,0.0009,./grid_batch,grid_search_01949,0.281324,0.5
1950,grid_search_01950,/Users/romanbaravalle/Documents/2026/M1-M1_vip...,apic_37,0.0009,./grid_batch,grid_search_01950,0.256108,0.5
1951,grid_search_01951,/Users/romanbaravalle/Documents/2026/M1-M1_vip...,apic_38,0.0009,./grid_batch,grid_search_01951,0.269575,0.5
1952,grid_search_01952,/Users/romanbaravalle/Documents/2026/M1-M1_vip...,apic_39,0.0009,./grid_batch,grid_search_01952,0.252338,0.5
1953,grid_search_01953,/Users/romanbaravalle/Documents/2026/M1-M1_vip...,apic_4,0.0009,./grid_batch,grid_search_01953,0.367961,0.5
1954,grid_search_01954,/Users/romanbaravalle/Documents/2026/M1-M1_vip...,apic_40,0.0009,./grid_batch,grid_search_01954,0.265246,0.5
1955,grid_search_01955,/Users/romanbaravalle/Documents/2026/M1-M1_vip...,apic_41,0.0009,./grid_batch,grid_search_01955,0.261006,0.5
1956,grid_search_01956,/Users/romanbaravalle/Documents/2026/M1-M1_vip...,apic_42,0.0009,./grid_batch,grid_search_01956,0.256946,0.5
1957,grid_search_01957,/Users/romanbaravalle/Documents/2026/M1-M1_vip...,apic_43,0.0009,./grid_batch,grid_search_01957,0.234898,0.5
1958,grid_search_01958,/Users/romanbaravalle/Documents/2026/M1-M1_vip...,apic_44,0.0009,./grid_batch,grid_search_01958,0.217488,0.5
1959,grid_search_01959,/Users/romanbaravalle/Documents/2026/M1-M1_vip...,apic_45,0.0009,./grid_batch,grid_search_01959,0.217488,0.5
1960,grid_search_01960,/Users/romanbaravalle/Documents/2026/M1-M1_vip...,apic_46,0.0009,./grid_batch,grid_search_01960,0.226827,0.5
1961,grid_search_01961,/Users/romanbaravalle/Documents/2026/M1-M1_vip...,apic_47,0.0009,./grid_batch,grid_search_01961,0.242343,0.5
1962,grid_search_01962,/Users/romanbaravalle/Documents/2026/M1-M1_vip...,apic_48,0.0009,./grid_batch,grid_search_01962,0.205726,0.5
1963,grid_search_01963,/Users/romanbaravalle/Documents/2026/M1-M1_vip...,apic_49,0.0009,./grid_batch,grid_search_01963,0.191421,0.5
1964,grid_search_01964,/Users/romanbaravalle/Documents/2026/M1-M1_vip...,apic_5,0.0009,./grid_batch,grid_search_01964,0.394808,0.5
1965,grid_search_01965,/Users/romanbaravalle/Documents/2026/M1-M1_vip...,apic_50,0.0009,./grid_batch,grid_search_01965,0.191421,0.5
1966,grid_search_01966,/Users/romanbaravalle/Documents/2026/M1-M1_vip...,apic_51,0.0009,./grid_batch,grid_search_01966,0.194653,0.5
1967,grid_search_01967,/Users/romanbaravalle/Documents/2026/M1-M1_vip...,apic_52,0.0009,./grid_batch,grid_search_01967,0.258926,0.5
1968,grid_search_01968,/Users/romanbaravalle/Documents/2026/M1-M1_vip...,apic_53,0.0009,./grid_batch,grid_search_01968,0.247122,0.5
1969,grid_search_01969,/Users/romanbaravalle/Documents/2026/M1-M1_vip...,apic_54,0.0009,./grid_batch,grid_search_01969,0.246947,0.5
1970,grid_search_01970,/Users/romanbaravalle/Documents/2026/M1-M1_vip...,apic_55,0.0009,./grid_batch,grid_search_01970,0.234224,0.5
1971,grid_search_01971,/Users/romanbaravalle/Documents/2026/M1-M1_vip...,apic_56,0.0009,./grid_batch,grid_search_01971,0.227216,0.5
1972,grid_search_01972,/Users/romanbaravalle/Documents/2026/M1-M1_vip...,apic_57,0.0009,./grid_batch,grid_search_01972,0.210397,0.5
1973,grid_search_01973,/Users/romanbaravalle/Documents/2026/M1-M1_vip...,apic_58,0.0009,./grid_batch,grid_search_01973,0.211655,0.5
1974,grid_search_01974,/Users/romanbaravalle/Documents/2026/M1-M1_vip...,apic_59,0.0009,./grid_batch,grid_search_01974,0.226036,0.5
1975,grid_search_01975,/Users/romanbaravalle/Documents/2026/M1-M1_vip...,apic_6,0.0009,./grid_batch,grid_search_01975,0.384092,0.5
1976,grid_search_01976,/Users/romanbaravalle/Documents/2026/M1-M1_vip...,apic_60,0.0009,./grid_batch,grid_search_01976,0.214326,0.5
1977,grid_search_01977,/Users/romanbaravalle/Documents/2026/M1-M1_vip...,apic_61,0.0009,./grid_batch,grid_search_01977,0.218285,0.5
1978,grid_search_01978,/Users/romanbaravalle/Documents/2026/M1-M1_vip...,apic_62,0.0009,./grid_batch,grid_search_01978,0.211883,0.5
1979,grid_search_01979,/Users/romanbaravalle/Documents/2026/M1-M1_vip...,apic_63,0.0009,./grid_batch,grid_search_01979,0.211883,0.5
1980,grid_search_01980,/Users/romanbaravalle/Documents/2026/M1-M1_vip...,apic_64,0.0009,./grid_batch,grid_search_01980,0.232691,0.5
1981,grid_search_01981,/Users/romanbaravalle/Documents/2026/M1-M1_vip...,apic_65,0.0009,./grid_batch,grid_search_01981,0.215452,0.5
1982,grid_search_01982,/Users/romanbaravalle/Documents/2026/M1-M1_vip...,apic_66,0.0009,./grid_batch,grid_search_01982,0.166367,0.5
1983,grid_search_01983,/Users/romanbaravalle/Documents/2026/M1-M1_vip...,apic_67,0.0009,./grid_batch,grid_search_01983,0.113238,0.5
1984,grid_search_01984,/Users/romanbaravalle/Documents/2026/M1-M1_vip...,apic_68,0.0009,./grid_batch,grid_search_01984,0.088054,0.5
1985,grid_search_01985,/Users/romanbaravalle/Documents/2026/M1-M1_vip...,apic_69,0.0009,./grid_batch,grid_search_01985,0.107561,0.5
1986,grid_search_01986,/Users/romanbaravalle/Documents/2026/M1-M1_vip...,apic_7,0.0009,./grid_batch,grid_search_01986,0.373235,0.5
1987,grid_search_01987,/Users/romanbaravalle/Documents/2026/M1-M1_vip...,apic_70,0.0009,./grid_batch,grid_search_01987,0.101162,0.5
1988,grid_search_01988,/Users/romanbaravalle/Documents/2026/M1-M1_vip...,apic_71,0.0009,./grid_batch,grid_search_01988,0.087072,0.5
1989,grid_search_01989,/Users/romanbaravalle/Documents/2026/M1-M1_vip...,apic_72,0.0009,./grid_batch,grid_search_01989,0.079562,0.5
1990,grid_search_01990,/Users/romanbaravalle/Documents/2026/M1-M1_vip...,apic_73,0.0009,./grid_batch,grid_search_01990,0.072021,0.5
1991,grid_search_01991,/Users/romanbaravalle/Documents/2026/M1-M1_vip...,apic_74,0.0009,./grid_batch,grid_search_01991,0.074848,0.5
1992,grid_search_01992,/Users/romanbaravalle/Documents/2026/M1-M1_vip...,apic_75,0.0009,./grid_batch,grid_search_01992,0.077525,0.5
1993,grid_search_01993,/Users/romanbaravalle/Documents/2026/M1-M1_vip...,apic_76,0.0009,./grid_batch,grid_search_01993,0.077942,0.5
1994,grid_search_01994,/Users/romanbaravalle/Documents/2026/M1-M1_vip...,apic_77,0.0009,./grid_batch,grid_search_01994,0.102357,0.5
1995,grid_search_01995,/Users/romanbaravalle/Documents/2026/M1-M1_vip...,apic_78,0.0009,./grid_batch,grid_search_01995,0.082549,0.5
1996,grid_search_01996,/Users/romanbaravalle/Documents/2026/M1-M1_vip...,apic_79,0.0009,./grid_batch,grid_search_01996,0.056311,0.5
1997,grid_search_01997,/Users/romanbaravalle/Documents/2026/M1-M1_vip...,apic_8,0.0009,./grid_batch,grid_search_01997,0.363794,0.5
1998,grid_search_01998,/Users/romanbaravalle/Documents/2026/M1-M1_vip...,apic_80,0.0009,./grid_batch,grid_search_01998,0.065312,0.5
1999,grid_search_01999,/Users/romanbaravalle/Documents/2026/M1-M1_vip...,apic_81,0.0009,./grid_batch,grid_search_01999,0.05828,0.5
2000,grid_search_02000,/Users/romanbaravalle/Documents/2026/M1-M1_vip...,apic_82,0.0009,./grid_batch,grid_search_02000,0.053573,0.5
2001,grid_search_02001,/Users/romanbaravalle/Documents/2026/M1-M1_vip...,apic_83,0.0009,./grid_batch,grid_search_02001,0.087341,0.5
2002,grid_search_02002,/Users/romanbaravalle/Documents/2026/M1-M1_vip...,apic_84,0.0009,./grid_batch,grid_search_02002,0.069725,0.5
2003,grid_search_02003,/Users/romanbaravalle/Documents/2026/M1-M1_vip...,apic_85,0.0009,./grid_batch,grid_search_02003,0.064704,0.5
2004,grid_search_02004,/Users/romanbaravalle/Documents/2026/M1-M1_vip...,apic_86,0.0009,./grid_batch,grid_search_02004,0.054665,0.5
2005,grid_search_02005,/Users/romanbaravalle/Documents/2026/M1-M1_vip...,apic_87,0.0009,./grid_batch,grid_search_02005,0.04948,0.5
2006,grid_search_02006,/Users/romanbaravalle/Documents/2026/M1-M1_vip...,apic_88,0.0009,./grid_batch,grid_search_02006,0.04545,0.5
2007,grid_search_02007,/Users/romanbaravalle/Documents/2026/M1-M1_vip...,apic_89,0.0009,./grid_batch,grid_search_02007,0.045164,0.5
2008,grid_search_02008,/Users/romanbaravalle/Documents/2026/M1-M1_vip...,apic_9,0.0009,./grid_batch,grid_search_02008,0.341482,0.5
2009,grid_search_02009,/Users/romanbaravalle/Documents/2026/M1-M1_vip...,apic_90,0.0009,./grid_batch,grid_search_02009,0.045225,0.5
2010,grid_search_02010,/Users/romanbaravalle/Documents/2026/M1-M1_vip...,apic_91,0.0009,./grid_batch,grid_search_02010,0.045169,0.5
2011,grid_search_02011,/Users/romanbaravalle/Documents/2026/M1-M1_vip...,apic_92,0.0009,./grid_batch,grid_search_02011,0.052688,0.5
2012,grid_search_02012,/Users/romanbaravalle/Documents/2026/M1-M1_vip...,apic_93,0.0009,./grid_batch,grid_search_02012,0.044678,0.5
2013,grid_search_02013,/Users/romanbaravalle/Documents/2026/M1-M1_vip...,apic_94,0.0009,./grid_batch,grid_search_02013,0.044199,0.5
2014,grid_search_02014,/Users/romanbaravalle/Documents/2026/M1-M1_vip...,apic_95,0.0009,./grid_batch,grid_search_02014,0.059378,0.5
2015,grid_search_02015,/Users/romanbaravalle/Documents/2026/M1-M1_vip...,apic_96,0.0009,./grid_batch,grid_search_02015,0.055834,0.5
2016,grid_search_02016,/Users/romanbaravalle/Documents/2026/M1-M1_vip...,apic_97,0.0009,./grid_batch,grid_search_02016,0.055986,0.5
2017,grid_search_02017,/Users/romanbaravalle/Documents/2026/M1-M1_vip...,apic_98,0.0009,./grid_batch,grid_search_02017,0.098507,0.5
2018,grid_search_02018,/Users/romanbaravalle/Documents/2026/M1-M1_vip...,apic_99,0.0009,./grid_batch,grid_search_02018,0.08397,0.5
2019,grid_search_02019,/Users/romanbaravalle/Documents/2026/M1-M1_vip...,dend_0,0.0009,./grid_batch,grid_search_02019,0.442079,0.5
2020,grid_search_02020,/Users/romanbaravalle/Documents/2026/M1-M1_vip...,dend_1,0.0009,./grid_batch,grid_search_02020,0.427635,0.5
2021,grid_search_02021,/Users/romanbaravalle/Documents/2026/M1-M1_vip...,dend_10,0.0009,./grid_batch,grid_search_02021,0.450047,0.5
2022,grid_search_02022,/Users/romanbaravalle/Documents/2026/M1-M1_vip...,dend_100,0.0009,./grid_batch,grid_search_02022,0.437413,0.5
2023,grid_search_02023,/Users/romanbaravalle/Documents/2026/M1-M1_vip...,dend_101,0.0009,./grid_batch,grid_search_02023,0.425055,0.5
2024,grid_search_02024,/Users/romanbaravalle/Documents/2026/M1-M1_vip...,dend_102,0.0009,./grid_batch,grid_search_02024,0.406109,0.5
2025,grid_search_02025,/Users/romanbaravalle/Documents/2026/M1-M1_vip...,dend_103,0.0009,./grid_batch,grid_search_02025,0.419067,0.5
2026,grid_search_02026,/Users/romanbaravalle/Documents/2026/M1-M1_vip...,dend_104,0.0009,./grid_batch,grid_search_02026,0.433709,0.5
2027,grid_search_02027,/Users/romanbaravalle/Documents/2026/M1-M1_vip...,dend_105,0.0009,./grid_batch,grid_search_02027,0.387114,0.5
2028,grid_search_02028,/Users/romanbaravalle/Documents/2026/M1-M1_vip...,dend_106,0.0009,./grid_batch,grid_search_02028,0.383442,0.5
2029,grid_search_02029,/Users/romanbaravalle/Documents/2026/M1-M1_vip...,dend_107,0.0009,./grid_batch,grid_search_02029,0.372893,0.5
2030,grid_search_02030,/Users/romanbaravalle/Documents/2026/M1-M1_vip...,dend_108,0.0009,./grid_batch,grid_search_02030,0.432175,0.5
2031,grid_search_02031,/Users/romanbaravalle/Documents/2026/M1-M1_vip...,dend_109,0.0009,./grid_batch,grid_search_02031,0.37943,0.5
2032,grid_search_02032,/Users/romanbaravalle/Documents/2026/M1-M1_vip...,dend_11,0.0009,./grid_batch,grid_search_02032,0.428914,0.5
2033,grid_search_02033,/Users/romanbaravalle/Documents/2026/M1-M1_vip...,dend_110,0.0009,./grid_batch,grid_search_02033,0.423392,0.5
2034,grid_search_02034,/Users/romanbaravalle/Documents/2026/M1-M1_vip...,dend_111,0.0009,./grid_batch,grid_search_02034,0.326236,0.5
2035,grid_search_02035,/Users/romanbaravalle/Documents/2026/M1-M1_vip...,dend_112,0.0009,./grid_batch,grid_search_02035,0.326255,0.5
2036,grid_search_02036,/Users/romanbaravalle/Documents/2026/M1-M1_vip...,dend_12,0.0009,./grid_batch,grid_search_02036,0.446501,0.5
2037,grid_search_02037,/Users/romanbaravalle/Documents/2026/M1-M1_vip...,dend_13,0.0009,./grid_batch,grid_search_02037,0.443312,0.5
2038,grid_search_02038,/Users/romanbaravalle/Documents/2026/M1-M1_vip...,dend_14,0.0009,./grid_batch,grid_search_02038,0.413304,0.5
2039,grid_search_02039,/Users/romanbaravalle/Documents/2026/M1-M1_vip...,dend_15,0.0009,./grid_batch,grid_search_02039,0.430539,0.5
2040,grid_search_02040,/Users/romanbaravalle/Documents/2026/M1-M1_vip...,dend_16,0.0009,./grid_batch,grid_search_02040,0.425878,0.5
2041,grid_search_02041,/Users/romanbaravalle/Documents/2026/M1-M1_vip...,dend_17,0.0009,./grid_batch,grid_search_02041,0.450193,0.5
2042,grid_search_02042,/Users/romanbaravalle/Documents/2026/M1-M1_vip...,dend_18,0.0009,./grid_batch,grid_search_02042,0.437851,0.5
2043,grid_search_02043,/Users/romanbaravalle/Documents/2026/M1-M1_vip...,dend_19,0.0009,./grid_batch,grid_search_02043,0.427996,0.5
2044,grid_search_02044,/Users/romanbaravalle/Documents/2026/M1-M1_vip...,dend_2,0.0009,./grid_batch,grid_search_02044,0.425304,0.5
2045,grid_search_02045,/Users/romanbaravalle/Documents/2026/M1-M1_vip...,dend_20,0.0009,./grid_batch,grid_search_02045,0.421481,0.5
2046,grid_search_02046,/Users/romanbaravalle/Documents/2026/M1-M1_vip...,dend_21,0.0009,./grid_batch,grid_search_02046,0.408237,0.5
2047,grid_search_02047,/Users/romanbaravalle/Documents/2026/M1-M1_vip...,dend_22,0.0009,./grid_batch,grid_search_02047,0.408749,0.5
2048,grid_search_02048,/Users/romanbaravalle/Documents/2026/M1-M1_vip...,dend_23,0.0009,./grid_batch,grid_search_02048,0.421435,0.5
2049,grid_search_02049,/Users/romanbaravalle/Documents/2026/M1-M1_vip...,dend_24,0.0009,./grid_batch,grid_search_02049,0.409501,0.5
2050,grid_search_02050,/Users/romanbaravalle/Documents/2026/M1-M1_vip...,dend_25,0.0009,./grid_batch,grid_search_02050,0.403174,0.5
2051,grid_search_02051,/Users/romanbaravalle/Documents/2026/M1-M1_vip...,dend_26,0.0009,./grid_batch,grid_search_02051,0.427901,0.5
2052,grid_search_02052,/Users/romanbaravalle/Documents/2026/M1-M1_vip...,dend_27,0.0009,./grid_batch,grid_search_02052,0.408598,0.5
2053,grid_search_02053,/Users/romanbaravalle/Documents/2026/M1-M1_vip...,dend_28,0.0009,./grid_batch,grid_search_02053,0.417194,0.5
2054,grid_search_02054,/Users/romanbaravalle/Documents/2026/M1-M1_vip...,dend_29,0.0009,./grid_batch,grid_search_02054,0.443329,0.5
2055,grid_search_02055,/Users/romanbaravalle/Documents/2026/M1-M1_vip...,dend_3,0.0009,./grid_batch,grid_search_02055,0.451854,0.5
2056,grid_search_02056,/Users/romanbaravalle/Documents/2026/M1-M1_vip...,dend_30,0.0009,./grid_batch,grid_search_02056,0.427775,0.5
2057,grid_search_02057,/Users/romanbaravalle/Documents/2026/M1-M1_vip...,dend_31,0.0009,./grid_batch,grid_search_02057,0.41371,0.5
2058,grid_search_02058,/Users/romanbaravalle/Documents/2026/M1-M1_vip...,dend_32,0.0009,./grid_batch,grid_search_02058,0.434851,0.5
2059,grid_search_02059,/Users/romanbaravalle/Documents/2026/M1-M1_vip...,dend_33,0.0009,./grid_batch,grid_search_02059,0.415881,0.5
2060,grid_search_02060,/Users/romanbaravalle/Documents/2026/M1-M1_vip...,dend_34,0.0009,./grid_batch,grid_search_02060,0.409052,0.5
2061,grid_search_02061,/Users/romanbaravalle/Documents/2026/M1-M1_vip...,dend_35,0.0009,./grid_batch,grid_search_02061,0.406899,0.5
2062,grid_search_02062,/Users/romanbaravalle/Documents/2026/M1-M1_vip...,dend_36,0.0009,./grid_batch,grid_search_02062,0.389229,0.5
2063,grid_search_02063,/Users/romanbaravalle/Documents/2026/M1-M1_vip...,dend_37,0.0009,./grid_batch,grid_search_02063,0.384981,0.5
2064,grid_search_02064,/Users/romanbaravalle/Documents/2026/M1-M1_vip...,dend_38,0.0009,./grid_batch,grid_search_02064,0.406743,0.5
2065,grid_search_02065,/Users/romanbaravalle/Documents/2026/M1-M1_vip...,dend_39,0.0009,./grid_batch,grid_search_02065,0.399261,0.5
2066,grid_search_02066,/Users/romanbaravalle/Documents/2026/M1-M1_vip...,dend_4,0.0009,./grid_batch,grid_search_02066,0.447574,0.5
2067,grid_search_02067,/Users/romanbaravalle/Documents/2026/M1-M1_vip...,dend_40,0.0009,./grid_batch,grid_search_02067,0.393878,0.5
2068,grid_search_02068,/Users/romanbaravalle/Documents/2026/M1-M1_vip...,dend_41,0.0009,./grid_batch,grid_search_02068,0.373105,0.5
2069,grid_search_02069,/Users/romanbaravalle/Documents/2026/M1-M1_vip...,dend_42,0.0009,./grid_batch,grid_search_02069,0.390738,0.5
2070,grid_search_02070,/Users/romanbaravalle/Documents/2026/M1-M1_vip...,dend_43,0.0009,./grid_batch,grid_search_02070,0.374258,0.5
2071,grid_search_02071,/Users/romanbaravalle/Documents/2026/M1-M1_vip...,dend_44,0.0009,./grid_batch,grid_search_02071,0.379272,0.5
2072,grid_search_02072,/Users/romanbaravalle/Documents/2026/M1-M1_vip...,dend_45,0.0009,./grid_batch,grid_search_02072,0.380803,0.5
2073,grid_search_02073,/Users/romanbaravalle/Documents/2026/M1-M1_vip...,dend_46,0.0009,./grid_batch,grid_search_02073,0.401592,0.5
2074,grid_search_02074,/Users/romanbaravalle/Documents/2026/M1-M1_vip...,dend_47,0.0009,./grid_batch,grid_search_02074,0.384723,0.5
2075,grid_search_02075,/Users/romanbaravalle/Documents/2026/M1-M1_vip...,dend_48,0.0009,./grid_batch,grid_search_02075,0.395766,0.5
2076,grid_search_02076,/Users/romanbaravalle/Documents/2026/M1-M1_vip...,dend_49,0.0009,./grid_batch,grid_search_02076,0.377618,0.5
2077,grid_search_02077,/Users/romanbaravalle/Documents/2026/M1-M1_vip...,dend_5,0.0009,./grid_batch,grid_search_02077,0.366105,0.5
2078,grid_search_02078,/Users/romanbaravalle/Documents/2026/M1-M1_vip...,dend_50,0.0009,./grid_batch,grid_search_02078,0.379946,0.5
2079,grid_search_02079,/Users/romanbaravalle/Documents/2026/M1-M1_vip...,dend_51,0.0009,./grid_batch,grid_search_02079,0.408837,0.5
2080,grid_search_02080,/Users/romanbaravalle/Documents/2026/M1-M1_vip...,dend_52,0.0009,./grid_batch,grid_search_02080,0.405493,0.5
2081,grid_search_02081,/Users/romanbaravalle/Documents/2026/M1-M1_vip...,dend_53,0.0009,./grid_batch,grid_search_02081,0.38652,0.5
2082,grid_search_02082,/Users/romanbaravalle/Documents/2026/M1-M1_vip...,dend_54,0.0009,./grid_batch,grid_search_02082,0.387464,0.5
2083,grid_search_02083,/Users/romanbaravalle/Documents/2026/M1-M1_vip...,dend_55,0.0009,./grid_batch,grid_search_02083,0.388542,0.5
2084,grid_search_02084,/Users/romanbaravalle/Documents/2026/M1-M1_vip...,dend_56,0.0009,./grid_batch,grid_search_02084,0.404314,0.5
2085,grid_search_02085,/Users/romanbaravalle/Documents/2026/M1-M1_vip...,dend_57,0.0009,./grid_batch,grid_search_02085,0.452356,0.5
2086,grid_search_02086,/Users/romanbaravalle/Documents/2026/M1-M1_vip...,dend_58,0.0009,./grid_batch,grid_search_02086,0.440325,0.5
2087,grid_search_02087,/Users/romanbaravalle/Documents/2026/M1-M1_vip...,dend_59,0.0009,./grid_batch,grid_search_02087,0.431678,0.5
2088,grid_search_02088,/Users/romanbaravalle/Documents/2026/M1-M1_vip...,dend_6,0.0009,./grid_batch,grid_search_02088,0.298038,0.5
2089,grid_search_02089,/Users/romanbaravalle/Documents/2026/M1-M1_vip...,dend_60,0.0009,./grid_batch,grid_search_02089,0.448592,0.5
2090,grid_search_02090,/Users/romanbaravalle/Documents/2026/M1-M1_vip...,dend_61,0.0009,./grid_batch,grid_search_02090,0.436493,0.5
2091,grid_search_02091,/Users/romanbaravalle/Documents/2026/M1-M1_vip...,dend_62,0.0009,./grid_batch,grid_search_02091,0.436326,0.5
2092,grid_search_02092,/Users/romanbaravalle/Documents/2026/M1-M1_vip...,dend_63,0.0009,./grid_batch,grid_search_02092,0.449364,0.5
2093,grid_search_02093,/Users/romanbaravalle/Documents/2026/M1-M1_vip...,dend_64,0.0009,./grid_batch,grid_search_02093,0.443816,0.5
2094,grid_search_02094,/Users/romanbaravalle/Documents/2026/M1-M1_vip...,dend_65,0.0009,./grid_batch,grid_search_02094,0.43318,0.5
2095,grid_search_02095,/Users/romanbaravalle/Documents/2026/M1-M1_vip...,dend_66,0.0009,./grid_batch,grid_search_02095,0.434242,0.5
2096,grid_search_02096,/Users/romanbaravalle/Documents/2026/M1-M1_vip...,dend_67,0.0009,./grid_batch,grid_search_02096,0.431879,0.5
2097,grid_search_02097,/Users/romanbaravalle/Documents/2026/M1-M1_vip...,dend_68,0.0009,./grid_batch,grid_search_02097,0.44798,0.5
2098,grid_search_02098,/Users/romanbaravalle/Documents/2026/M1-M1_vip...,dend_69,0.0009,./grid_batch,grid_search_02098,0.437992,0.5
2099,grid_search_02099,/Users/romanbaravalle/Documents/2026/M1-M1_vip...,dend_7,0.0009,./grid_batch,grid_search_02099,0.448303,0.5
2100,grid_search_02100,/Users/romanbaravalle/Documents/2026/M1-M1_vip...,dend_70,0.0009,./grid_batch,grid_search_02100,0.420435,0.5
2101,grid_search_02101,/Users/romanbaravalle/Documents/2026/M1-M1_vip...,dend_71,0.0009,./grid_batch,grid_search_02101,0.344721,0.5
2102,grid_search_02102,/Users/romanbaravalle/Documents/2026/M1-M1_vip...,dend_72,0.0009,./grid_batch,grid_search_02102,0.409273,0.5
2103,grid_search_02103,/Users/romanbaravalle/Documents/2026/M1-M1_vip...,dend_73,0.0009,./grid_batch,grid_search_02103,0.449958,0.5
2104,grid_search_02104,/Users/romanbaravalle/Documents/2026/M1-M1_vip...,dend_74,0.0009,./grid_batch,grid_search_02104,0.441958,0.5
2105,grid_search_02105,/Users/romanbaravalle/Documents/2026/M1-M1_vip...,dend_75,0.0009,./grid_batch,grid_search_02105,0.434615,0.5
2106,grid_search_02106,/Users/romanbaravalle/Documents/2026/M1-M1_vip...,dend_76,0.0009,./grid_batch,grid_search_02106,0.416951,0.5
2107,grid_search_02107,/Users/romanbaravalle/Documents/2026/M1-M1_vip...,dend_77,0.0009,./grid_batch,grid_search_02107,0.429809,0.5
2108,grid_search_02108,/Users/romanbaravalle/Documents/2026/M1-M1_vip...,dend_78,0.0009,./grid_batch,grid_search_02108,0.416054,0.5
2109,grid_search_02109,/Users/romanbaravalle/Documents/2026/M1-M1_vip...,dend_79,0.0009,./grid_batch,grid_search_02109,0.427825,0.5
2110,grid_search_02110,/Users/romanbaravalle/Documents/2026/M1-M1_vip...,dend_8,0.0009,./grid_batch,grid_search_02110,0.430173,0.5
2111,grid_search_02111,/Users/romanbaravalle/Documents/2026/M1-M1_vip...,dend_80,0.0009,./grid_batch,grid_search_02111,0.437016,0.5
2112,grid_search_02112,/Users/romanbaravalle/Documents/2026/M1-M1_vip...,dend_81,0.0009,./grid_batch,grid_search_02112,0.414917,0.5
2113,grid_search_02113,/Users/romanbaravalle/Documents/2026/M1-M1_vip...,dend_82,0.0009,./grid_batch,grid_search_02113,0.427563,0.5
2114,grid_search_02114,/Users/romanbaravalle/Documents/2026/M1-M1_vip...,dend_83,0.0009,./grid_batch,grid_search_02114,0.419967,0.5
2115,grid_search_02115,/Users/romanbaravalle/Documents/2026/M1-M1_vip...,dend_84,0.0009,./grid_batch,grid_search_02115,0.411707,0.5
2116,grid_search_02116,/Users/romanbaravalle/Documents/2026/M1-M1_vip...,dend_85,0.0009,./grid_batch,grid_search_02116,0.399677,0.5
2117,grid_search_02117,/Users/romanbaravalle/Documents/2026/M1-M1_vip...,dend_86,0.0009,./grid_batch,grid_search_02117,0.396911,0.5
2118,grid_search_02118,/Users/romanbaravalle/Documents/2026/M1-M1_vip...,dend_87,0.0009,./grid_batch,grid_search_02118,0.446427,0.5
2119,grid_search_02119,/Users/romanbaravalle/Documents/2026/M1-M1_vip...,dend_88,0.0009,./grid_batch,grid_search_02119,0.437077,0.5
2120,grid_search_02120,/Users/romanbaravalle/Documents/2026/M1-M1_vip...,dend_89,0.0009,./grid_batch,grid_search_02120,0.395763,0.5
2121,grid_search_02121,/Users/romanbaravalle/Documents/2026/M1-M1_vip...,dend_9,0.0009,./grid_batch,grid_search_02121,0.419908,0.5
2122,grid_search_02122,/Users/romanbaravalle/Documents/2026/M1-M1_vip...,dend_90,0.0009,./grid_batch,grid_search_02122,0.417908,0.5
2123,grid_search_02123,/Users/romanbaravalle/Documents/2026/M1-M1_vip...,dend_91,0.0009,./grid_batch,grid_search_02123,0.359048,0.5
2124,grid_search_02124,/Users/romanbaravalle/Documents/2026/M1-M1_vip...,dend_92,0.0009,./grid_batch,grid_search_02124,0.355686,0.5
2125,grid_search_02125,/Users/romanbaravalle/Documents/2026/M1-M1_vip...,dend_93,0.0009,./grid_batch,grid_search_02125,0.444096,0.5
2126,grid_search_02126,/Users/romanbaravalle/Documents/2026/M1-M1_vip...,dend_94,0.0009,./grid_batch,grid_search_02126,0.435325,0.5
2127,grid_search_02127,/Users/romanbaravalle/Documents/2026/M1-M1_vip...,dend_95,0.0009,./grid_batch,grid_search_02127,0.394271,0.5
2128,grid_search_02128,/Users/romanbaravalle/Documents/2026/M1-M1_vip...,dend_96,0.0009,./grid_batch,grid_search_02128,0.092548,0.5
2129,grid_search_02129,/Users/romanbaravalle/Documents/2026/M1-M1_vip...,dend_97,0.0009,./grid_batch,grid_search_02129,0.159566,0.5
2130,grid_search_02130,/Users/romanbaravalle/Documents/2026/M1-M1_vip...,dend_98,0.0009,./grid_batch,grid_search_02130,0.422236,0.5
2131,grid_search_02131,/Users/romanbaravalle/Documents/2026/M1-M1_vip...,dend_99,0.0009,./grid_batch,grid_search_02131,0.426414,0.5
2132,grid_search_02132,/Users/romanbaravalle/Documents/2026/M1-M1_vip...,soma,0.0009,./grid_batch,grid_search_02132,0.452884,0.5
2133,grid_search_02133,/Users/romanbaravalle/Documents/2026/M1-M1_vip...,apic_0,0.001,./grid_batch,grid_search_02133,0.495667,0.5
2134,grid_search_02134,/Users/romanbaravalle/Documents/2026/M1-M1_vip...,apic_1,0.001,./grid_batch,grid_search_02134,0.475212,0.5
2135,grid_search_02135,/Users/romanbaravalle/Documents/2026/M1-M1_vip...,apic_10,0.001,./grid_batch,grid_search_02135,0.383599,0.5
2136,grid_search_02136,/Users/romanbaravalle/Documents/2026/M1-M1_vip...,apic_100,0.001,./grid_batch,grid_search_02136,0.079026,0.5
2137,grid_search_02137,/Users/romanbaravalle/Documents/2026/M1-M1_vip...,apic_101,0.001,./grid_batch,grid_search_02137,0.074765,0.5
2138,grid_search_02138,/Users/romanbaravalle/Documents/2026/M1-M1_vip...,apic_102,0.001,./grid_batch,grid_search_02138,0.074765,0.5
2139,grid_search_02139,/Users/romanbaravalle/Documents/2026/M1-M1_vip...,apic_103,0.001,./grid_batch,grid_search_02139,0.091424,0.5
2140,grid_search_02140,/Users/romanbaravalle/Documents/2026/M1-M1_vip...,apic_104,0.001,./grid_batch,grid_search_02140,0.094439,0.5
2141,grid_search_02141,/Users/romanbaravalle/Documents/2026/M1-M1_vip...,apic_105,0.001,./grid_batch,grid_search_02141,0.092964,0.5
2142,grid_search_02142,/Users/romanbaravalle/Documents/2026/M1-M1_vip...,apic_106,0.001,./grid_batch,grid_search_02142,0.088804,0.5
2143,grid_search_02143,/Users/romanbaravalle/Documents/2026/M1-M1_vip...,apic_107,0.001,./grid_batch,grid_search_02143,0.072895,0.5
2144,grid_search_02144,/Users/romanbaravalle/Documents/2026/M1-M1_vip...,apic_108,0.001,./grid_batch,grid_search_02144,0.060832,0.5
2145,grid_search_02145,/Users/romanbaravalle/Documents/2026/M1-M1_vip...,apic_109,0.001,./grid_batch,grid_search_02145,0.059205,0.5
2146,grid_search_02146,/Users/romanbaravalle/Documents/2026/M1-M1_vip...,apic_11,0.001,./grid_batch,grid_search_02146,0.383832,0.5
2147,grid_search_02147,/Users/romanbaravalle/Documents/2026/M1-M1_vip...,apic_110,0.001,./grid_batch,grid_search_02147,0.059205,0.5
2148,grid_search_02148,/Users/romanbaravalle/Documents/2026/M1-M1_vip...,apic_111,0.001,./grid_batch,grid_search_02148,0.061022,0.5
2149,grid_search_02149,/Users/romanbaravalle/Documents/2026/M1-M1_vip...,apic_112,0.001,./grid_batch,grid_search_02149,0.09211,0.5
2150,grid_search_02150,/Users/romanbaravalle/Documents/2026/M1-M1_vip...,apic_113,0.001,./grid_batch,grid_search_02150,0.394629,0.5
2151,grid_search_02151,/Users/romanbaravalle/Documents/2026/M1-M1_vip...,apic_114,0.001,./grid_batch,grid_search_02151,0.475032,0.5
2152,grid_search_02152,/Users/romanbaravalle/Documents/2026/M1-M1_vip...,apic_115,0.001,./grid_batch,grid_search_02152,0.464886,0.5
2153,grid_search_02153,/Users/romanbaravalle/Documents/2026/M1-M1_vip...,apic_116,0.001,./grid_batch,grid_search_02153,0.463016,0.5
2154,grid_search_02154,/Users/romanbaravalle/Documents/2026/M1-M1_vip...,apic_117,0.001,./grid_batch,grid_search_02154,0.458456,0.5
2155,grid_search_02155,/Users/romanbaravalle/Documents/2026/M1-M1_vip...,apic_118,0.001,./grid_batch,grid_search_02155,0.42745,0.5
2156,grid_search_02156,/Users/romanbaravalle/Documents/2026/M1-M1_vip...,apic_119,0.001,./grid_batch,grid_search_02156,0.42365,0.5
2157,grid_search_02157,/Users/romanbaravalle/Documents/2026/M1-M1_vip...,apic_12,0.001,./grid_batch,grid_search_02157,0.407894,0.5
2158,grid_search_02158,/Users/romanbaravalle/Documents/2026/M1-M1_vip...,apic_120,0.001,./grid_batch,grid_search_02158,0.437621,0.5
2159,grid_search_02159,/Users/romanbaravalle/Documents/2026/M1-M1_vip...,apic_121,0.001,./grid_batch,grid_search_02159,0.442316,0.5
2160,grid_search_02160,/Users/romanbaravalle/Documents/2026/M1-M1_vip...,apic_122,0.001,./grid_batch,grid_search_02160,0.454758,0.5
2161,grid_search_02161,/Users/romanbaravalle/Documents/2026/M1-M1_vip...,apic_13,0.001,./grid_batch,grid_search_02161,0.389269,0.5
2162,grid_search_02162,/Users/romanbaravalle/Documents/2026/M1-M1_vip...,apic_14,0.001,./grid_batch,grid_search_02162,0.396085,0.5
2163,grid_search_02163,/Users/romanbaravalle/Documents/2026/M1-M1_vip...,apic_15,0.001,./grid_batch,grid_search_02163,0.38071,0.5
2164,grid_search_02164,/Users/romanbaravalle/Documents/2026/M1-M1_vip...,apic_16,0.001,./grid_batch,grid_search_02164,0.389354,0.5
2165,grid_search_02165,/Users/romanbaravalle/Documents/2026/M1-M1_vip...,apic_17,0.001,./grid_batch,grid_search_02165,0.418941,0.5
2166,grid_search_02166,/Users/romanbaravalle/Documents/2026/M1-M1_vip...,apic_18,0.001,./grid_batch,grid_search_02166,0.386776,0.5
2167,grid_search_02167,/Users/romanbaravalle/Documents/2026/M1-M1_vip...,apic_19,0.001,./grid_batch,grid_search_02167,0.365671,0.5
2168,grid_search_02168,/Users/romanbaravalle/Documents/2026/M1-M1_vip...,apic_2,0.001,./grid_batch,grid_search_02168,0.430658,0.5
2169,grid_search_02169,/Users/romanbaravalle/Documents/2026/M1-M1_vip...,apic_20,0.001,./grid_batch,grid_search_02169,0.362824,0.5
2170,grid_search_02170,/Users/romanbaravalle/Documents/2026/M1-M1_vip...,apic_21,0.001,./grid_batch,grid_search_02170,0.355667,0.5
2171,grid_search_02171,/Users/romanbaravalle/Documents/2026/M1-M1_vip...,apic_22,0.001,./grid_batch,grid_search_02171,0.3276,0.5
2172,grid_search_02172,/Users/romanbaravalle/Documents/2026/M1-M1_vip...,apic_23,0.001,./grid_batch,grid_search_02172,0.331898,0.5
2173,grid_search_02173,/Users/romanbaravalle/Documents/2026/M1-M1_vip...,apic_24,0.001,./grid_batch,grid_search_02173,0.359817,0.5
2174,grid_search_02174,/Users/romanbaravalle/Documents/2026/M1-M1_vip...,apic_25,0.001,./grid_batch,grid_search_02174,0.34317,0.5
2175,grid_search_02175,/Users/romanbaravalle/Documents/2026/M1-M1_vip...,apic_26,0.001,./grid_batch,grid_search_02175,0.339966,0.5
2176,grid_search_02176,/Users/romanbaravalle/Documents/2026/M1-M1_vip...,apic_27,0.001,./grid_batch,grid_search_02176,0.359453,0.5
2177,grid_search_02177,/Users/romanbaravalle/Documents/2026/M1-M1_vip...,apic_28,0.001,./grid_batch,grid_search_02177,0.34301,0.5
2178,grid_search_02178,/Users/romanbaravalle/Documents/2026/M1-M1_vip...,apic_29,0.001,./grid_batch,grid_search_02178,0.343204,0.5
2179,grid_search_02179,/Users/romanbaravalle/Documents/2026/M1-M1_vip...,apic_3,0.001,./grid_batch,grid_search_02179,0.455172,0.5
2180,grid_search_02180,/Users/romanbaravalle/Documents/2026/M1-M1_vip...,apic_30,0.001,./grid_batch,grid_search_02180,0.356976,0.5
2181,grid_search_02181,/Users/romanbaravalle/Documents/2026/M1-M1_vip...,apic_31,0.001,./grid_batch,grid_search_02181,0.34134,0.5
2182,grid_search_02182,/Users/romanbaravalle/Documents/2026/M1-M1_vip...,apic_32,0.001,./grid_batch,grid_search_02182,0.32676,0.5
2183,grid_search_02183,/Users/romanbaravalle/Documents/2026/M1-M1_vip...,apic_33,0.001,./grid_batch,grid_search_02183,0.322294,0.5
2184,grid_search_02184,/Users/romanbaravalle/Documents/2026/M1-M1_vip...,apic_34,0.001,./grid_batch,grid_search_02184,0.333026,0.5
2185,grid_search_02185,/Users/romanbaravalle/Documents/2026/M1-M1_vip...,apic_35,0.001,./grid_batch,grid_search_02185,0.305801,0.5
2186,grid_search_02186,/Users/romanbaravalle/Documents/2026/M1-M1_vip...,apic_36,0.001,./grid_batch,grid_search_02186,0.312324,0.5
2187,grid_search_02187,/Users/romanbaravalle/Documents/2026/M1-M1_vip...,apic_37,0.001,./grid_batch,grid_search_02187,0.283426,0.5
2188,grid_search_02188,/Users/romanbaravalle/Documents/2026/M1-M1_vip...,apic_38,0.001,./grid_batch,grid_search_02188,0.299279,0.5
2189,grid_search_02189,/Users/romanbaravalle/Documents/2026/M1-M1_vip...,apic_39,0.001,./grid_batch,grid_search_02189,0.279062,0.5
2190,grid_search_02190,/Users/romanbaravalle/Documents/2026/M1-M1_vip...,apic_4,0.001,./grid_batch,grid_search_02190,0.406581,0.5
2191,grid_search_02191,/Users/romanbaravalle/Documents/2026/M1-M1_vip...,apic_40,0.001,./grid_batch,grid_search_02191,0.294473,0.5
2192,grid_search_02192,/Users/romanbaravalle/Documents/2026/M1-M1_vip...,apic_41,0.001,./grid_batch,grid_search_02192,0.289717,0.5
2193,grid_search_02193,/Users/romanbaravalle/Documents/2026/M1-M1_vip...,apic_42,0.001,./grid_batch,grid_search_02193,0.285005,0.5
2194,grid_search_02194,/Users/romanbaravalle/Documents/2026/M1-M1_vip...,apic_43,0.001,./grid_batch,grid_search_02194,0.259301,0.5
2195,grid_search_02195,/Users/romanbaravalle/Documents/2026/M1-M1_vip...,apic_44,0.001,./grid_batch,grid_search_02195,0.239132,0.5
2196,grid_search_02196,/Users/romanbaravalle/Documents/2026/M1-M1_vip...,apic_45,0.001,./grid_batch,grid_search_02196,0.239132,0.5
2197,grid_search_02197,/Users/romanbaravalle/Documents/2026/M1-M1_vip...,apic_46,0.001,./grid_batch,grid_search_02197,0.249912,0.5
2198,grid_search_02198,/Users/romanbaravalle/Documents/2026/M1-M1_vip...,apic_47,0.001,./grid_batch,grid_search_02198,0.267813,0.5
2199,grid_search_02199,/Users/romanbaravalle/Documents/2026/M1-M1_vip...,apic_48,0.001,./grid_batch,grid_search_02199,0.226219,0.5
2200,grid_search_02200,/Users/romanbaravalle/Documents/2026/M1-M1_vip...,apic_49,0.001,./grid_batch,grid_search_02200,0.216834,0.5
2201,grid_search_02201,/Users/romanbaravalle/Documents/2026/M1-M1_vip...,apic_5,0.001,./grid_batch,grid_search_02201,0.43838,0.5
2202,grid_search_02202,/Users/romanbaravalle/Documents/2026/M1-M1_vip...,apic_50,0.001,./grid_batch,grid_search_02202,0.216834,0.5
2203,grid_search_02203,/Users/romanbaravalle/Documents/2026/M1-M1_vip...,apic_51,0.001,./grid_batch,grid_search_02203,0.215446,0.5
2204,grid_search_02204,/Users/romanbaravalle/Documents/2026/M1-M1_vip...,apic_52,0.001,./grid_batch,grid_search_02204,0.287454,0.5
2205,grid_search_02205,/Users/romanbaravalle/Documents/2026/M1-M1_vip...,apic_53,0.001,./grid_batch,grid_search_02205,0.273739,0.5
2206,grid_search_02206,/Users/romanbaravalle/Documents/2026/M1-M1_vip...,apic_54,0.001,./grid_batch,grid_search_02206,0.274147,0.5
2207,grid_search_02207,/Users/romanbaravalle/Documents/2026/M1-M1_vip...,apic_55,0.001,./grid_batch,grid_search_02207,0.25988,0.5
2208,grid_search_02208,/Users/romanbaravalle/Documents/2026/M1-M1_vip...,apic_56,0.001,./grid_batch,grid_search_02208,0.251782,0.5
2209,grid_search_02209,/Users/romanbaravalle/Documents/2026/M1-M1_vip...,apic_57,0.001,./grid_batch,grid_search_02209,0.232035,0.5
2210,grid_search_02210,/Users/romanbaravalle/Documents/2026/M1-M1_vip...,apic_58,0.001,./grid_batch,grid_search_02210,0.233471,0.5
2211,grid_search_02211,/Users/romanbaravalle/Documents/2026/M1-M1_vip...,apic_59,0.001,./grid_batch,grid_search_02211,0.250492,0.5
2212,grid_search_02212,/Users/romanbaravalle/Documents/2026/M1-M1_vip...,apic_6,0.001,./grid_batch,grid_search_02212,0.426398,0.5
2213,grid_search_02213,/Users/romanbaravalle/Documents/2026/M1-M1_vip...,apic_60,0.001,./grid_batch,grid_search_02213,0.236851,0.5
2214,grid_search_02214,/Users/romanbaravalle/Documents/2026/M1-M1_vip...,apic_61,0.001,./grid_batch,grid_search_02214,0.241518,0.5
2215,grid_search_02215,/Users/romanbaravalle/Documents/2026/M1-M1_vip...,apic_62,0.001,./grid_batch,grid_search_02215,0.233978,0.5
2216,grid_search_02216,/Users/romanbaravalle/Documents/2026/M1-M1_vip...,apic_63,0.001,./grid_batch,grid_search_02216,0.233978,0.5
2217,grid_search_02217,/Users/romanbaravalle/Documents/2026/M1-M1_vip...,apic_64,0.001,./grid_batch,grid_search_02217,0.258311,0.5
2218,grid_search_02218,/Users/romanbaravalle/Documents/2026/M1-M1_vip...,apic_65,0.001,./grid_batch,grid_search_02218,0.238276,0.5
2219,grid_search_02219,/Users/romanbaravalle/Documents/2026/M1-M1_vip...,apic_66,0.001,./grid_batch,grid_search_02219,0.184726,0.5
2220,grid_search_02220,/Users/romanbaravalle/Documents/2026/M1-M1_vip...,apic_67,0.001,./grid_batch,grid_search_02220,0.125792,0.5
2221,grid_search_02221,/Users/romanbaravalle/Documents/2026/M1-M1_vip...,apic_68,0.001,./grid_batch,grid_search_02221,0.097921,0.5
2222,grid_search_02222,/Users/romanbaravalle/Documents/2026/M1-M1_vip...,apic_69,0.001,./grid_batch,grid_search_02222,0.119495,0.5
2223,grid_search_02223,/Users/romanbaravalle/Documents/2026/M1-M1_vip...,apic_7,0.001,./grid_batch,grid_search_02223,0.413897,0.5
2224,grid_search_02224,/Users/romanbaravalle/Documents/2026/M1-M1_vip...,apic_70,0.001,./grid_batch,grid_search_02224,0.112376,0.5
2225,grid_search_02225,/Users/romanbaravalle/Documents/2026/M1-M1_vip...,apic_71,0.001,./grid_batch,grid_search_02225,0.096721,0.5
2226,grid_search_02226,/Users/romanbaravalle/Documents/2026/M1-M1_vip...,apic_72,0.001,./grid_batch,grid_search_02226,0.088435,0.5
2227,grid_search_02227,/Users/romanbaravalle/Documents/2026/M1-M1_vip...,apic_73,0.001,./grid_batch,grid_search_02227,0.080178,0.5
2228,grid_search_02228,/Users/romanbaravalle/Documents/2026/M1-M1_vip...,apic_74,0.001,./grid_batch,grid_search_02228,0.083201,0.5
2229,grid_search_02229,/Users/romanbaravalle/Documents/2026/M1-M1_vip...,apic_75,0.001,./grid_batch,grid_search_02229,0.086105,0.5
2230,grid_search_02230,/Users/romanbaravalle/Documents/2026/M1-M1_vip...,apic_76,0.001,./grid_batch,grid_search_02230,0.08674,0.5
2231,grid_search_02231,/Users/romanbaravalle/Documents/2026/M1-M1_vip...,apic_77,0.001,./grid_batch,grid_search_02231,0.113715,0.5
2232,grid_search_02232,/Users/romanbaravalle/Documents/2026/M1-M1_vip...,apic_78,0.001,./grid_batch,grid_search_02232,0.091692,0.5
2233,grid_search_02233,/Users/romanbaravalle/Documents/2026/M1-M1_vip...,apic_79,0.001,./grid_batch,grid_search_02233,0.063107,0.5
2234,grid_search_02234,/Users/romanbaravalle/Documents/2026/M1-M1_vip...,apic_8,0.001,./grid_batch,grid_search_02234,0.402986,0.5
2235,grid_search_02235,/Users/romanbaravalle/Documents/2026/M1-M1_vip...,apic_80,0.001,./grid_batch,grid_search_02235,0.072682,0.5
2236,grid_search_02236,/Users/romanbaravalle/Documents/2026/M1-M1_vip...,apic_81,0.001,./grid_batch,grid_search_02236,0.064974,0.5
2237,grid_search_02237,/Users/romanbaravalle/Documents/2026/M1-M1_vip...,apic_82,0.001,./grid_batch,grid_search_02237,0.059997,0.5
2238,grid_search_02238,/Users/romanbaravalle/Documents/2026/M1-M1_vip...,apic_83,0.001,./grid_batch,grid_search_02238,0.097021,0.5
2239,grid_search_02239,/Users/romanbaravalle/Documents/2026/M1-M1_vip...,apic_84,0.001,./grid_batch,grid_search_02239,0.0775,0.5
2240,grid_search_02240,/Users/romanbaravalle/Documents/2026/M1-M1_vip...,apic_85,0.001,./grid_batch,grid_search_02240,0.07193,0.5
2241,grid_search_02241,/Users/romanbaravalle/Documents/2026/M1-M1_vip...,apic_86,0.001,./grid_batch,grid_search_02241,0.060898,0.5
2242,grid_search_02242,/Users/romanbaravalle/Documents/2026/M1-M1_vip...,apic_87,0.001,./grid_batch,grid_search_02242,0.055205,0.5
2243,grid_search_02243,/Users/romanbaravalle/Documents/2026/M1-M1_vip...,apic_88,0.001,./grid_batch,grid_search_02243,0.050746,0.5
2244,grid_search_02244,/Users/romanbaravalle/Documents/2026/M1-M1_vip...,apic_89,0.001,./grid_batch,grid_search_02244,0.050421,0.5
2245,grid_search_02245,/Users/romanbaravalle/Documents/2026/M1-M1_vip...,apic_9,0.001,./grid_batch,grid_search_02245,0.376815,0.5
2246,grid_search_02246,/Users/romanbaravalle/Documents/2026/M1-M1_vip...,apic_90,0.001,./grid_batch,grid_search_02246,0.050486,0.5
2247,grid_search_02247,/Users/romanbaravalle/Documents/2026/M1-M1_vip...,apic_91,0.001,./grid_batch,grid_search_02247,0.050445,0.5
2248,grid_search_02248,/Users/romanbaravalle/Documents/2026/M1-M1_vip...,apic_92,0.001,./grid_batch,grid_search_02248,0.058704,0.5
2249,grid_search_02249,/Users/romanbaravalle/Documents/2026/M1-M1_vip...,apic_93,0.001,./grid_batch,grid_search_02249,0.04992,0.5
2250,grid_search_02250,/Users/romanbaravalle/Documents/2026/M1-M1_vip...,apic_94,0.001,./grid_batch,grid_search_02250,0.049411,0.5
2251,grid_search_02251,/Users/romanbaravalle/Documents/2026/M1-M1_vip...,apic_95,0.001,./grid_batch,grid_search_02251,0.066126,0.5
2252,grid_search_02252,/Users/romanbaravalle/Documents/2026/M1-M1_vip...,apic_96,0.001,./grid_batch,grid_search_02252,0.062128,0.5
2253,grid_search_02253,/Users/romanbaravalle/Documents/2026/M1-M1_vip...,apic_97,0.001,./grid_batch,grid_search_02253,0.062293,0.5
2254,grid_search_02254,/Users/romanbaravalle/Documents/2026/M1-M1_vip...,apic_98,0.001,./grid_batch,grid_search_02254,0.10943,0.5
2255,grid_search_02255,/Users/romanbaravalle/Documents/2026/M1-M1_vip...,apic_99,0.001,./grid_batch,grid_search_02255,0.093268,0.5
2256,grid_search_02256,/Users/romanbaravalle/Documents/2026/M1-M1_vip...,dend_0,0.001,./grid_batch,grid_search_02256,0.489966,0.5
2257,grid_search_02257,/Users/romanbaravalle/Documents/2026/M1-M1_vip...,dend_1,0.001,./grid_batch,grid_search_02257,0.472556,0.5
2258,grid_search_02258,/Users/romanbaravalle/Documents/2026/M1-M1_vip...,dend_10,0.001,./grid_batch,grid_search_02258,0.499639,0.5
2259,grid_search_02259,/Users/romanbaravalle/Documents/2026/M1-M1_vip...,dend_100,0.001,./grid_batch,grid_search_02259,0.485276,0.5
2260,grid_search_02260,/Users/romanbaravalle/Documents/2026/M1-M1_vip...,dend_101,0.001,./grid_batch,grid_search_02260,0.470613,0.5
2261,grid_search_02261,/Users/romanbaravalle/Documents/2026/M1-M1_vip...,dend_102,0.001,./grid_batch,grid_search_02261,0.448017,0.5
2262,grid_search_02262,/Users/romanbaravalle/Documents/2026/M1-M1_vip...,dend_103,0.001,./grid_batch,grid_search_02262,0.463446,0.5
2263,grid_search_02263,/Users/romanbaravalle/Documents/2026/M1-M1_vip...,dend_104,0.001,./grid_batch,grid_search_02263,0.480983,0.5
2264,grid_search_02264,/Users/romanbaravalle/Documents/2026/M1-M1_vip...,dend_105,0.001,./grid_batch,grid_search_02264,0.426043,0.5
2265,grid_search_02265,/Users/romanbaravalle/Documents/2026/M1-M1_vip...,dend_106,0.001,./grid_batch,grid_search_02265,0.42171,0.5
2266,grid_search_02266,/Users/romanbaravalle/Documents/2026/M1-M1_vip...,dend_107,0.001,./grid_batch,grid_search_02266,0.409371,0.5
2267,grid_search_02267,/Users/romanbaravalle/Documents/2026/M1-M1_vip...,dend_108,0.001,./grid_batch,grid_search_02267,0.479149,0.5
2268,grid_search_02268,/Users/romanbaravalle/Documents/2026/M1-M1_vip...,dend_109,0.001,./grid_batch,grid_search_02268,0.416143,0.5
2269,grid_search_02269,/Users/romanbaravalle/Documents/2026/M1-M1_vip...,dend_11,0.001,./grid_batch,grid_search_02269,0.474288,0.5
2270,grid_search_02270,/Users/romanbaravalle/Documents/2026/M1-M1_vip...,dend_110,0.001,./grid_batch,grid_search_02270,0.46858,0.5
2271,grid_search_02271,/Users/romanbaravalle/Documents/2026/M1-M1_vip...,dend_111,0.001,./grid_batch,grid_search_02271,0.361597,0.5
2272,grid_search_02272,/Users/romanbaravalle/Documents/2026/M1-M1_vip...,dend_112,0.001,./grid_batch,grid_search_02272,0.361302,0.5
2273,grid_search_02273,/Users/romanbaravalle/Documents/2026/M1-M1_vip...,dend_12,0.001,./grid_batch,grid_search_02273,0.495523,0.5
2274,grid_search_02274,/Users/romanbaravalle/Documents/2026/M1-M1_vip...,dend_13,0.001,./grid_batch,grid_search_02274,0.491767,0.5
2275,grid_search_02275,/Users/romanbaravalle/Documents/2026/M1-M1_vip...,dend_14,0.001,./grid_batch,grid_search_02275,0.456098,0.5
2276,grid_search_02276,/Users/romanbaravalle/Documents/2026/M1-M1_vip...,dend_15,0.001,./grid_batch,grid_search_02276,0.476314,0.5
2277,grid_search_02277,/Users/romanbaravalle/Documents/2026/M1-M1_vip...,dend_16,0.001,./grid_batch,grid_search_02277,0.470926,0.5
2278,grid_search_02278,/Users/romanbaravalle/Documents/2026/M1-M1_vip...,dend_17,0.001,./grid_batch,grid_search_02278,0.499868,0.5
2279,grid_search_02279,/Users/romanbaravalle/Documents/2026/M1-M1_vip...,dend_18,0.001,./grid_batch,grid_search_02279,0.485795,0.5
2280,grid_search_02280,/Users/romanbaravalle/Documents/2026/M1-M1_vip...,dend_19,0.001,./grid_batch,grid_search_02280,0.474479,0.5
2281,grid_search_02281,/Users/romanbaravalle/Documents/2026/M1-M1_vip...,dend_2,0.001,./grid_batch,grid_search_02281,0.469757,0.5
2282,grid_search_02282,/Users/romanbaravalle/Documents/2026/M1-M1_vip...,dend_20,0.001,./grid_batch,grid_search_02282,0.46685,0.5
2283,grid_search_02283,/Users/romanbaravalle/Documents/2026/M1-M1_vip...,dend_21,0.001,./grid_batch,grid_search_02283,0.451033,0.5
2284,grid_search_02284,/Users/romanbaravalle/Documents/2026/M1-M1_vip...,dend_22,0.001,./grid_batch,grid_search_02284,0.451634,0.5
2285,grid_search_02285,/Users/romanbaravalle/Documents/2026/M1-M1_vip...,dend_23,0.001,./grid_batch,grid_search_02285,0.466712,0.5
2286,grid_search_02286,/Users/romanbaravalle/Documents/2026/M1-M1_vip...,dend_24,0.001,./grid_batch,grid_search_02286,0.452298,0.5
2287,grid_search_02287,/Users/romanbaravalle/Documents/2026/M1-M1_vip...,dend_25,0.001,./grid_batch,grid_search_02287,0.444771,0.5
2288,grid_search_02288,/Users/romanbaravalle/Documents/2026/M1-M1_vip...,dend_26,0.001,./grid_batch,grid_search_02288,0.474228,0.5
2289,grid_search_02289,/Users/romanbaravalle/Documents/2026/M1-M1_vip...,dend_27,0.001,./grid_batch,grid_search_02289,0.451016,0.5
2290,grid_search_02290,/Users/romanbaravalle/Documents/2026/M1-M1_vip...,dend_28,0.001,./grid_batch,grid_search_02290,0.461252,0.5
2291,grid_search_02291,/Users/romanbaravalle/Documents/2026/M1-M1_vip...,dend_29,0.001,./grid_batch,grid_search_02291,0.491873,0.5
2292,grid_search_02292,/Users/romanbaravalle/Documents/2026/M1-M1_vip...,dend_3,0.001,./grid_batch,grid_search_02292,0.501696,0.5
2293,grid_search_02293,/Users/romanbaravalle/Documents/2026/M1-M1_vip...,dend_30,0.001,./grid_batch,grid_search_02293,0.473049,0.5
2294,grid_search_02294,/Users/romanbaravalle/Documents/2026/M1-M1_vip...,dend_31,0.001,./grid_batch,grid_search_02294,0.456584,0.5
2295,grid_search_02295,/Users/romanbaravalle/Documents/2026/M1-M1_vip...,dend_32,0.001,./grid_batch,grid_search_02295,0.482768,0.5
2296,grid_search_02296,/Users/romanbaravalle/Documents/2026/M1-M1_vip...,dend_33,0.001,./grid_batch,grid_search_02296,0.461576,0.5
2297,grid_search_02297,/Users/romanbaravalle/Documents/2026/M1-M1_vip...,dend_34,0.001,./grid_batch,grid_search_02297,0.453931,0.5
2298,grid_search_02298,/Users/romanbaravalle/Documents/2026/M1-M1_vip...,dend_35,0.001,./grid_batch,grid_search_02298,0.451466,0.5
2299,grid_search_02299,/Users/romanbaravalle/Documents/2026/M1-M1_vip...,dend_36,0.001,./grid_batch,grid_search_02299,0.430131,0.5
2300,grid_search_02300,/Users/romanbaravalle/Documents/2026/M1-M1_vip...,dend_37,0.001,./grid_batch,grid_search_02300,0.425159,0.5
2301,grid_search_02301,/Users/romanbaravalle/Documents/2026/M1-M1_vip...,dend_38,0.001,./grid_batch,grid_search_02301,0.451324,0.5
2302,grid_search_02302,/Users/romanbaravalle/Documents/2026/M1-M1_vip...,dend_39,0.001,./grid_batch,grid_search_02302,0.44265,0.5
2303,grid_search_02303,/Users/romanbaravalle/Documents/2026/M1-M1_vip...,dend_4,0.001,./grid_batch,grid_search_02303,0.496514,0.5
2304,grid_search_02304,/Users/romanbaravalle/Documents/2026/M1-M1_vip...,dend_40,0.001,./grid_batch,grid_search_02304,0.436385,0.5
2305,grid_search_02305,/Users/romanbaravalle/Documents/2026/M1-M1_vip...,dend_41,0.001,./grid_batch,grid_search_02305,0.411731,0.5
2306,grid_search_02306,/Users/romanbaravalle/Documents/2026/M1-M1_vip...,dend_42,0.001,./grid_batch,grid_search_02306,0.432634,0.5
2307,grid_search_02307,/Users/romanbaravalle/Documents/2026/M1-M1_vip...,dend_43,0.001,./grid_batch,grid_search_02307,0.41291,0.5
2308,grid_search_02308,/Users/romanbaravalle/Documents/2026/M1-M1_vip...,dend_44,0.001,./grid_batch,grid_search_02308,0.418833,0.5
2309,grid_search_02309,/Users/romanbaravalle/Documents/2026/M1-M1_vip...,dend_45,0.001,./grid_batch,grid_search_02309,0.420615,0.5
2310,grid_search_02310,/Users/romanbaravalle/Documents/2026/M1-M1_vip...,dend_46,0.001,./grid_batch,grid_search_02310,0.445379,0.5
2311,grid_search_02311,/Users/romanbaravalle/Documents/2026/M1-M1_vip...,dend_47,0.001,./grid_batch,grid_search_02311,0.425369,0.5
2312,grid_search_02312,/Users/romanbaravalle/Documents/2026/M1-M1_vip...,dend_48,0.001,./grid_batch,grid_search_02312,0.438589,0.5
2313,grid_search_02313,/Users/romanbaravalle/Documents/2026/M1-M1_vip...,dend_49,0.001,./grid_batch,grid_search_02313,0.416962,0.5
2314,grid_search_02314,/Users/romanbaravalle/Documents/2026/M1-M1_vip...,dend_5,0.001,./grid_batch,grid_search_02314,0.433747,0.5
2315,grid_search_02315,/Users/romanbaravalle/Documents/2026/M1-M1_vip...,dend_50,0.001,./grid_batch,grid_search_02315,0.419761,0.5
2316,grid_search_02316,/Users/romanbaravalle/Documents/2026/M1-M1_vip...,dend_51,0.001,./grid_batch,grid_search_02316,0.453627,0.5
2317,grid_search_02317,/Users/romanbaravalle/Documents/2026/M1-M1_vip...,dend_52,0.001,./grid_batch,grid_search_02317,0.449724,0.5
2318,grid_search_02318,/Users/romanbaravalle/Documents/2026/M1-M1_vip...,dend_53,0.001,./grid_batch,grid_search_02318,0.427306,0.5
2319,grid_search_02319,/Users/romanbaravalle/Documents/2026/M1-M1_vip...,dend_54,0.001,./grid_batch,grid_search_02319,0.428025,0.5
2320,grid_search_02320,/Users/romanbaravalle/Documents/2026/M1-M1_vip...,dend_55,0.001,./grid_batch,grid_search_02320,0.429608,0.5
2321,grid_search_02321,/Users/romanbaravalle/Documents/2026/M1-M1_vip...,dend_56,0.001,./grid_batch,grid_search_02321,0.447251,0.5
2322,grid_search_02322,/Users/romanbaravalle/Documents/2026/M1-M1_vip...,dend_57,0.001,./grid_batch,grid_search_02322,0.502278,0.5
2323,grid_search_02323,/Users/romanbaravalle/Documents/2026/M1-M1_vip...,dend_58,0.001,./grid_batch,grid_search_02323,0.487659,0.5
2324,grid_search_02324,/Users/romanbaravalle/Documents/2026/M1-M1_vip...,dend_59,0.001,./grid_batch,grid_search_02324,0.47719,0.5
2325,grid_search_02325,/Users/romanbaravalle/Documents/2026/M1-M1_vip...,dend_6,0.001,./grid_batch,grid_search_02325,0.303198,0.5
2326,grid_search_02326,/Users/romanbaravalle/Documents/2026/M1-M1_vip...,dend_60,0.001,./grid_batch,grid_search_02326,0.497725,0.5
2327,grid_search_02327,/Users/romanbaravalle/Documents/2026/M1-M1_vip...,dend_61,0.001,./grid_batch,grid_search_02327,0.483044,0.5
2328,grid_search_02328,/Users/romanbaravalle/Documents/2026/M1-M1_vip...,dend_62,0.001,./grid_batch,grid_search_02328,0.482838,0.5
2329,grid_search_02329,/Users/romanbaravalle/Documents/2026/M1-M1_vip...,dend_63,0.001,./grid_batch,grid_search_02329,0.498716,0.5
2330,grid_search_02330,/Users/romanbaravalle/Documents/2026/M1-M1_vip...,dend_64,0.001,./grid_batch,grid_search_02330,0.492041,0.5
2331,grid_search_02331,/Users/romanbaravalle/Documents/2026/M1-M1_vip...,dend_65,0.001,./grid_batch,grid_search_02331,0.479146,0.5
2332,grid_search_02332,/Users/romanbaravalle/Documents/2026/M1-M1_vip...,dend_66,0.001,./grid_batch,grid_search_02332,0.480393,0.5
2333,grid_search_02333,/Users/romanbaravalle/Documents/2026/M1-M1_vip...,dend_67,0.001,./grid_batch,grid_search_02333,0.477669,0.5
2334,grid_search_02334,/Users/romanbaravalle/Documents/2026/M1-M1_vip...,dend_68,0.001,./grid_batch,grid_search_02334,0.497265,0.5
2335,grid_search_02335,/Users/romanbaravalle/Documents/2026/M1-M1_vip...,dend_69,0.001,./grid_batch,grid_search_02335,0.485598,0.5
2336,grid_search_02336,/Users/romanbaravalle/Documents/2026/M1-M1_vip...,dend_7,0.001,./grid_batch,grid_search_02336,0.497466,0.5
2337,grid_search_02337,/Users/romanbaravalle/Documents/2026/M1-M1_vip...,dend_70,0.001,./grid_batch,grid_search_02337,0.464458,0.5
2338,grid_search_02338,/Users/romanbaravalle/Documents/2026/M1-M1_vip...,dend_71,0.001,./grid_batch,grid_search_02338,0.379616,0.5
2339,grid_search_02339,/Users/romanbaravalle/Documents/2026/M1-M1_vip...,dend_72,0.001,./grid_batch,grid_search_02339,0.451928,0.5
2340,grid_search_02340,/Users/romanbaravalle/Documents/2026/M1-M1_vip...,dend_73,0.001,./grid_batch,grid_search_02340,0.499637,0.5
2341,grid_search_02341,/Users/romanbaravalle/Documents/2026/M1-M1_vip...,dend_74,0.001,./grid_batch,grid_search_02341,0.490562,0.5
2342,grid_search_02342,/Users/romanbaravalle/Documents/2026/M1-M1_vip...,dend_75,0.001,./grid_batch,grid_search_02342,0.482044,0.5
2343,grid_search_02343,/Users/romanbaravalle/Documents/2026/M1-M1_vip...,dend_76,0.001,./grid_batch,grid_search_02343,0.460865,0.5
2344,grid_search_02344,/Users/romanbaravalle/Documents/2026/M1-M1_vip...,dend_77,0.001,./grid_batch,grid_search_02344,0.476306,0.5
2345,grid_search_02345,/Users/romanbaravalle/Documents/2026/M1-M1_vip...,dend_78,0.001,./grid_batch,grid_search_02345,0.459743,0.5
2346,grid_search_02346,/Users/romanbaravalle/Documents/2026/M1-M1_vip...,dend_79,0.001,./grid_batch,grid_search_02346,0.473903,0.5
2347,grid_search_02347,/Users/romanbaravalle/Documents/2026/M1-M1_vip...,dend_8,0.001,./grid_batch,grid_search_02347,0.475532,0.5
2348,grid_search_02348,/Users/romanbaravalle/Documents/2026/M1-M1_vip...,dend_80,0.001,./grid_batch,grid_search_02348,0.484911,0.5
2349,grid_search_02349,/Users/romanbaravalle/Documents/2026/M1-M1_vip...,dend_81,0.001,./grid_batch,grid_search_02349,0.458596,0.5
2350,grid_search_02350,/Users/romanbaravalle/Documents/2026/M1-M1_vip...,dend_82,0.001,./grid_batch,grid_search_02350,0.473843,0.5
2351,grid_search_02351,/Users/romanbaravalle/Documents/2026/M1-M1_vip...,dend_83,0.001,./grid_batch,grid_search_02351,0.464784,0.5
2352,grid_search_02352,/Users/romanbaravalle/Documents/2026/M1-M1_vip...,dend_84,0.001,./grid_batch,grid_search_02352,0.454782,0.5
2353,grid_search_02353,/Users/romanbaravalle/Documents/2026/M1-M1_vip...,dend_85,0.001,./grid_batch,grid_search_02353,0.44034,0.5
2354,grid_search_02354,/Users/romanbaravalle/Documents/2026/M1-M1_vip...,dend_86,0.001,./grid_batch,grid_search_02354,0.437505,0.5
2355,grid_search_02355,/Users/romanbaravalle/Documents/2026/M1-M1_vip...,dend_87,0.001,./grid_batch,grid_search_02355,0.495647,0.5
2356,grid_search_02356,/Users/romanbaravalle/Documents/2026/M1-M1_vip...,dend_88,0.001,./grid_batch,grid_search_02356,0.484421,0.5
2357,grid_search_02357,/Users/romanbaravalle/Documents/2026/M1-M1_vip...,dend_89,0.001,./grid_batch,grid_search_02357,0.434693,0.5
2358,grid_search_02358,/Users/romanbaravalle/Documents/2026/M1-M1_vip...,dend_9,0.001,./grid_batch,grid_search_02358,0.463495,0.5
2359,grid_search_02359,/Users/romanbaravalle/Documents/2026/M1-M1_vip...,dend_90,0.001,./grid_batch,grid_search_02359,0.461157,0.5
2360,grid_search_02360,/Users/romanbaravalle/Documents/2026/M1-M1_vip...,dend_91,0.001,./grid_batch,grid_search_02360,0.391796,0.5
2361,grid_search_02361,/Users/romanbaravalle/Documents/2026/M1-M1_vip...,dend_92,0.001,./grid_batch,grid_search_02361,0.387946,0.5
2362,grid_search_02362,/Users/romanbaravalle/Documents/2026/M1-M1_vip...,dend_93,0.001,./grid_batch,grid_search_02362,0.492989,0.5
2363,grid_search_02363,/Users/romanbaravalle/Documents/2026/M1-M1_vip...,dend_94,0.001,./grid_batch,grid_search_02363,0.482411,0.5
2364,grid_search_02364,/Users/romanbaravalle/Documents/2026/M1-M1_vip...,dend_95,0.001,./grid_batch,grid_search_02364,0.40431,0.5
2365,grid_search_02365,/Users/romanbaravalle/Documents/2026/M1-M1_vip...,dend_96,0.001,./grid_batch,grid_search_02365,0.092819,0.5
2366,grid_search_02366,/Users/romanbaravalle/Documents/2026/M1-M1_vip...,dend_97,0.001,./grid_batch,grid_search_02366,0.160115,0.5
2367,grid_search_02367,/Users/romanbaravalle/Documents/2026/M1-M1_vip...,dend_98,0.001,./grid_batch,grid_search_02367,0.466549,0.5
2368,grid_search_02368,/Users/romanbaravalle/Documents/2026/M1-M1_vip...,dend_99,0.001,./grid_batch,grid_search_02368,0.471854,0.5
2369,grid_search_02369,/Users/romanbaravalle/Documents/2026/M1-M1_vip...,soma,0.001,./grid_batch,grid_search_02369,0.502918,0.5
2370,grid_search_02370,/Users/romanbaravalle/Documents/2026/M1-M1_vip...,apic_0,0.0011,./grid_batch,grid_search_02370,0.544918,0.5
2371,grid_search_02371,/Users/romanbaravalle/Documents/2026/M1-M1_vip...,apic_1,0.0011,./grid_batch,grid_search_02371,0.522414,0.5
2372,grid_search_02372,/Users/romanbaravalle/Documents/2026/M1-M1_vip...,apic_10,0.0011,./grid_batch,grid_search_02372,0.419366,0.5
2373,grid_search_02373,/Users/romanbaravalle/Documents/2026/M1-M1_vip...,apic_100,0.0011,./grid_batch,grid_search_02373,0.087266,0.5
2374,grid_search_02374,/Users/romanbaravalle/Documents/2026/M1-M1_vip...,apic_101,0.0011,./grid_batch,grid_search_02374,0.083067,0.5
2375,grid_search_02375,/Users/romanbaravalle/Documents/2026/M1-M1_vip...,apic_102,0.0011,./grid_batch,grid_search_02375,0.083067,0.5
2376,grid_search_02376,/Users/romanbaravalle/Documents/2026/M1-M1_vip...,apic_103,0.0011,./grid_batch,grid_search_02376,0.100487,0.5
2377,grid_search_02377,/Users/romanbaravalle/Documents/2026/M1-M1_vip...,apic_104,0.0011,./grid_batch,grid_search_02377,0.103861,0.5
2378,grid_search_02378,/Users/romanbaravalle/Documents/2026/M1-M1_vip...,apic_105,0.0011,./grid_batch,grid_search_02378,0.102228,0.5
2379,grid_search_02379,/Users/romanbaravalle/Documents/2026/M1-M1_vip...,apic_106,0.0011,./grid_batch,grid_search_02379,0.097518,0.5
2380,grid_search_02380,/Users/romanbaravalle/Documents/2026/M1-M1_vip...,apic_107,0.0011,./grid_batch,grid_search_02380,0.080432,0.5
2381,grid_search_02381,/Users/romanbaravalle/Documents/2026/M1-M1_vip...,apic_108,0.0011,./grid_batch,grid_search_02381,0.068858,0.5
2382,grid_search_02382,/Users/romanbaravalle/Documents/2026/M1-M1_vip...,apic_109,0.0011,./grid_batch,grid_search_02382,0.067159,0.5
2383,grid_search_02383,/Users/romanbaravalle/Documents/2026/M1-M1_vip...,apic_11,0.0011,./grid_batch,grid_search_02383,0.419632,0.5
2384,grid_search_02384,/Users/romanbaravalle/Documents/2026/M1-M1_vip...,apic_110,0.0011,./grid_batch,grid_search_02384,0.067159,0.5
2385,grid_search_02385,/Users/romanbaravalle/Documents/2026/M1-M1_vip...,apic_111,0.0011,./grid_batch,grid_search_02385,0.068987,0.5
2386,grid_search_02386,/Users/romanbaravalle/Documents/2026/M1-M1_vip...,apic_112,0.0011,./grid_batch,grid_search_02386,0.101188,0.5
2387,grid_search_02387,/Users/romanbaravalle/Documents/2026/M1-M1_vip...,apic_113,0.0011,./grid_batch,grid_search_02387,0.432777,0.5
2388,grid_search_02388,/Users/romanbaravalle/Documents/2026/M1-M1_vip...,apic_114,0.0011,./grid_batch,grid_search_02388,0.521993,0.5
2389,grid_search_02389,/Users/romanbaravalle/Documents/2026/M1-M1_vip...,apic_115,0.0011,./grid_batch,grid_search_02389,0.510597,0.5
2390,grid_search_02390,/Users/romanbaravalle/Documents/2026/M1-M1_vip...,apic_116,0.0011,./grid_batch,grid_search_02390,0.508488,0.5
2391,grid_search_02391,/Users/romanbaravalle/Documents/2026/M1-M1_vip...,apic_117,0.0011,./grid_batch,grid_search_02391,0.503252,0.5
2392,grid_search_02392,/Users/romanbaravalle/Documents/2026/M1-M1_vip...,apic_118,0.0011,./grid_batch,grid_search_02392,0.467221,0.5
2393,grid_search_02393,/Users/romanbaravalle/Documents/2026/M1-M1_vip...,apic_119,0.0011,./grid_batch,grid_search_02393,0.462958,0.5
2394,grid_search_02394,/Users/romanbaravalle/Documents/2026/M1-M1_vip...,apic_12,0.0011,./grid_batch,grid_search_02394,0.447497,0.5
2395,grid_search_02395,/Users/romanbaravalle/Documents/2026/M1-M1_vip...,apic_120,0.0011,./grid_batch,grid_search_02395,0.479149,0.5
2396,grid_search_02396,/Users/romanbaravalle/Documents/2026/M1-M1_vip...,apic_121,0.0011,./grid_batch,grid_search_02396,0.484437,0.5
2397,grid_search_02397,/Users/romanbaravalle/Documents/2026/M1-M1_vip...,apic_122,0.0011,./grid_batch,grid_search_02397,0.498571,0.5
2398,grid_search_02398,/Users/romanbaravalle/Documents/2026/M1-M1_vip...,apic_13,0.0011,./grid_batch,grid_search_02398,0.425867,0.5
2399,grid_search_02399,/Users/romanbaravalle/Documents/2026/M1-M1_vip...,apic_14,0.0011,./grid_batch,grid_search_02399,0.433927,0.5
2400,grid_search_02400,/Users/romanbaravalle/Documents/2026/M1-M1_vip...,apic_15,0.0011,./grid_batch,grid_search_02400,0.416122,0.5
2401,grid_search_02401,/Users/romanbaravalle/Documents/2026/M1-M1_vip...,apic_16,0.0011,./grid_batch,grid_search_02401,0.426019,0.5
2402,grid_search_02402,/Users/romanbaravalle/Documents/2026/M1-M1_vip...,apic_17,0.0011,./grid_batch,grid_search_02402,0.460509,0.5
2403,grid_search_02403,/Users/romanbaravalle/Documents/2026/M1-M1_vip...,apic_18,0.0011,./grid_batch,grid_search_02403,0.425137,0.5
2404,grid_search_02404,/Users/romanbaravalle/Documents/2026/M1-M1_vip...,apic_19,0.0011,./grid_batch,grid_search_02404,0.401916,0.5
2405,grid_search_02405,/Users/romanbaravalle/Documents/2026/M1-M1_vip...,apic_2,0.0011,./grid_batch,grid_search_02405,0.471617,0.5
2406,grid_search_02406,/Users/romanbaravalle/Documents/2026/M1-M1_vip...,apic_20,0.0011,./grid_batch,grid_search_02406,0.398735,0.5
2407,grid_search_02407,/Users/romanbaravalle/Documents/2026/M1-M1_vip...,apic_21,0.0011,./grid_batch,grid_search_02407,0.390576,0.5
2408,grid_search_02408,/Users/romanbaravalle/Documents/2026/M1-M1_vip...,apic_22,0.0011,./grid_batch,grid_search_02408,0.358543,0.5
2409,grid_search_02409,/Users/romanbaravalle/Documents/2026/M1-M1_vip...,apic_23,0.0011,./grid_batch,grid_search_02409,0.363078,0.5
2410,grid_search_02410,/Users/romanbaravalle/Documents/2026/M1-M1_vip...,apic_24,0.0011,./grid_batch,grid_search_02410,0.395311,0.5
2411,grid_search_02411,/Users/romanbaravalle/Documents/2026/M1-M1_vip...,apic_25,0.0011,./grid_batch,grid_search_02411,0.37605,0.5
2412,grid_search_02412,/Users/romanbaravalle/Documents/2026/M1-M1_vip...,apic_26,0.0011,./grid_batch,grid_search_02412,0.372452,0.5
2413,grid_search_02413,/Users/romanbaravalle/Documents/2026/M1-M1_vip...,apic_27,0.0011,./grid_batch,grid_search_02413,0.394859,0.5
2414,grid_search_02414,/Users/romanbaravalle/Documents/2026/M1-M1_vip...,apic_28,0.0011,./grid_batch,grid_search_02414,0.375825,0.5
2415,grid_search_02415,/Users/romanbaravalle/Documents/2026/M1-M1_vip...,apic_29,0.0011,./grid_batch,grid_search_02415,0.376042,0.5
2416,grid_search_02416,/Users/romanbaravalle/Documents/2026/M1-M1_vip...,apic_3,0.0011,./grid_batch,grid_search_02416,0.500366,0.5
2417,grid_search_02417,/Users/romanbaravalle/Documents/2026/M1-M1_vip...,apic_30,0.0011,./grid_batch,grid_search_02417,0.392374,0.5
2418,grid_search_02418,/Users/romanbaravalle/Documents/2026/M1-M1_vip...,apic_31,0.0011,./grid_batch,grid_search_02418,0.374951,0.5
2419,grid_search_02419,/Users/romanbaravalle/Documents/2026/M1-M1_vip...,apic_32,0.0011,./grid_batch,grid_search_02419,0.357987,0.5
2420,grid_search_02420,/Users/romanbaravalle/Documents/2026/M1-M1_vip...,apic_33,0.0011,./grid_batch,grid_search_02420,0.352907,0.5
2421,grid_search_02421,/Users/romanbaravalle/Documents/2026/M1-M1_vip...,apic_34,0.0011,./grid_batch,grid_search_02421,0.366033,0.5
2422,grid_search_02422,/Users/romanbaravalle/Documents/2026/M1-M1_vip...,apic_35,0.0011,./grid_batch,grid_search_02422,0.335284,0.5
2423,grid_search_02423,/Users/romanbaravalle/Documents/2026/M1-M1_vip...,apic_36,0.0011,./grid_batch,grid_search_02423,0.343272,0.5
2424,grid_search_02424,/Users/romanbaravalle/Documents/2026/M1-M1_vip...,apic_37,0.0011,./grid_batch,grid_search_02424,0.310536,0.5
2425,grid_search_02425,/Users/romanbaravalle/Documents/2026/M1-M1_vip...,apic_38,0.0011,./grid_batch,grid_search_02425,0.328935,0.5
2426,grid_search_02426,/Users/romanbaravalle/Documents/2026/M1-M1_vip...,apic_39,0.0011,./grid_batch,grid_search_02426,0.305552,0.5
2427,grid_search_02427,/Users/romanbaravalle/Documents/2026/M1-M1_vip...,apic_4,0.0011,./grid_batch,grid_search_02427,0.444792,0.5
2428,grid_search_02428,/Users/romanbaravalle/Documents/2026/M1-M1_vip...,apic_40,0.0011,./grid_batch,grid_search_02428,0.323652,0.5
2429,grid_search_02429,/Users/romanbaravalle/Documents/2026/M1-M1_vip...,apic_41,0.0011,./grid_batch,grid_search_02429,0.318373,0.5
2430,grid_search_02430,/Users/romanbaravalle/Documents/2026/M1-M1_vip...,apic_42,0.0011,./grid_batch,grid_search_02430,0.312969,0.5
2431,grid_search_02431,/Users/romanbaravalle/Documents/2026/M1-M1_vip...,apic_43,0.0011,./grid_batch,grid_search_02431,0.283416,0.5
2432,grid_search_02432,/Users/romanbaravalle/Documents/2026/M1-M1_vip...,apic_44,0.0011,./grid_batch,grid_search_02432,0.260431,0.5
2433,grid_search_02433,/Users/romanbaravalle/Documents/2026/M1-M1_vip...,apic_45,0.0011,./grid_batch,grid_search_02433,0.260431,0.5
2434,grid_search_02434,/Users/romanbaravalle/Documents/2026/M1-M1_vip...,apic_46,0.0011,./grid_batch,grid_search_02434,0.272667,0.5
2435,grid_search_02435,/Users/romanbaravalle/Documents/2026/M1-M1_vip...,apic_47,0.0011,./grid_batch,grid_search_02435,0.293029,0.5
2436,grid_search_02436,/Users/romanbaravalle/Documents/2026/M1-M1_vip...,apic_48,0.0011,./grid_batch,grid_search_02436,0.246504,0.5
2437,grid_search_02437,/Users/romanbaravalle/Documents/2026/M1-M1_vip...,apic_49,0.0011,./grid_batch,grid_search_02437,0.245298,0.5
2438,grid_search_02438,/Users/romanbaravalle/Documents/2026/M1-M1_vip...,apic_5,0.0011,./grid_batch,grid_search_02438,0.481893,0.5
2439,grid_search_02439,/Users/romanbaravalle/Documents/2026/M1-M1_vip...,apic_50,0.0011,./grid_batch,grid_search_02439,0.245298,0.5
2440,grid_search_02440,/Users/romanbaravalle/Documents/2026/M1-M1_vip...,apic_51,0.0011,./grid_batch,grid_search_02440,0.237109,0.5
2441,grid_search_02441,/Users/romanbaravalle/Documents/2026/M1-M1_vip...,apic_52,0.0011,./grid_batch,grid_search_02441,0.315934,0.5
2442,grid_search_02442,/Users/romanbaravalle/Documents/2026/M1-M1_vip...,apic_53,0.0011,./grid_batch,grid_search_02442,0.300199,0.5
2443,grid_search_02443,/Users/romanbaravalle/Documents/2026/M1-M1_vip...,apic_54,0.0011,./grid_batch,grid_search_02443,0.301299,0.5
2444,grid_search_02444,/Users/romanbaravalle/Documents/2026/M1-M1_vip...,apic_55,0.0011,./grid_batch,grid_search_02444,0.285467,0.5
2445,grid_search_02445,/Users/romanbaravalle/Documents/2026/M1-M1_vip...,apic_56,0.0011,./grid_batch,grid_search_02445,0.276221,0.5
2446,grid_search_02446,/Users/romanbaravalle/Documents/2026/M1-M1_vip...,apic_57,0.0011,./grid_batch,grid_search_02446,0.253393,0.5
2447,grid_search_02447,/Users/romanbaravalle/Documents/2026/M1-M1_vip...,apic_58,0.0011,./grid_batch,grid_search_02447,0.255008,0.5
2448,grid_search_02448,/Users/romanbaravalle/Documents/2026/M1-M1_vip...,apic_59,0.0011,./grid_batch,grid_search_02448,0.274825,0.5
2449,grid_search_02449,/Users/romanbaravalle/Documents/2026/M1-M1_vip...,apic_6,0.0011,./grid_batch,grid_search_02449,0.468631,0.5
2450,grid_search_02450,/Users/romanbaravalle/Documents/2026/M1-M1_vip...,apic_60,0.0011,./grid_batch,grid_search_02450,0.259153,0.5
2451,grid_search_02451,/Users/romanbaravalle/Documents/2026/M1-M1_vip...,apic_61,0.0011,./grid_batch,grid_search_02451,0.264568,0.5
2452,grid_search_02452,/Users/romanbaravalle/Documents/2026/M1-M1_vip...,apic_62,0.0011,./grid_batch,grid_search_02452,0.255829,0.5
2453,grid_search_02453,/Users/romanbaravalle/Documents/2026/M1-M1_vip...,apic_63,0.0011,./grid_batch,grid_search_02453,0.255829,0.5
2454,grid_search_02454,/Users/romanbaravalle/Documents/2026/M1-M1_vip...,apic_64,0.0011,./grid_batch,grid_search_02454,0.283884,0.5
2455,grid_search_02455,/Users/romanbaravalle/Documents/2026/M1-M1_vip...,apic_65,0.0011,./grid_batch,grid_search_02455,0.260902,0.5
2456,grid_search_02456,/Users/romanbaravalle/Documents/2026/M1-M1_vip...,apic_66,0.0011,./grid_batch,grid_search_02456,0.20306,0.5
2457,grid_search_02457,/Users/romanbaravalle/Documents/2026/M1-M1_vip...,apic_67,0.0011,./grid_batch,grid_search_02457,0.138342,0.5
2458,grid_search_02458,/Users/romanbaravalle/Documents/2026/M1-M1_vip...,apic_68,0.0011,./grid_batch,grid_search_02458,0.107813,0.5
2459,grid_search_02459,/Users/romanbaravalle/Documents/2026/M1-M1_vip...,apic_69,0.0011,./grid_batch,grid_search_02459,0.131425,0.5
2460,grid_search_02460,/Users/romanbaravalle/Documents/2026/M1-M1_vip...,apic_7,0.0011,./grid_batch,grid_search_02460,0.454404,0.5
2461,grid_search_02461,/Users/romanbaravalle/Documents/2026/M1-M1_vip...,apic_70,0.0011,./grid_batch,grid_search_02461,0.123584,0.5
2462,grid_search_02462,/Users/romanbaravalle/Documents/2026/M1-M1_vip...,apic_71,0.0011,./grid_batch,grid_search_02462,0.106367,0.5
2463,grid_search_02463,/Users/romanbaravalle/Documents/2026/M1-M1_vip...,apic_72,0.0011,./grid_batch,grid_search_02463,0.097322,0.5
2464,grid_search_02464,/Users/romanbaravalle/Documents/2026/M1-M1_vip...,apic_73,0.0011,./grid_batch,grid_search_02464,0.08839,0.5
2465,grid_search_02465,/Users/romanbaravalle/Documents/2026/M1-M1_vip...,apic_74,0.0011,./grid_batch,grid_search_02465,0.091582,0.5
2466,grid_search_02466,/Users/romanbaravalle/Documents/2026/M1-M1_vip...,apic_75,0.0011,./grid_batch,grid_search_02466,0.094692,0.5
2467,grid_search_02467,/Users/romanbaravalle/Documents/2026/M1-M1_vip...,apic_76,0.0011,./grid_batch,grid_search_02467,0.095574,0.5
2468,grid_search_02468,/Users/romanbaravalle/Documents/2026/M1-M1_vip...,apic_77,0.0011,./grid_batch,grid_search_02468,0.125071,0.5
2469,grid_search_02469,/Users/romanbaravalle/Documents/2026/M1-M1_vip...,apic_78,0.0011,./grid_batch,grid_search_02469,0.100832,0.5
2470,grid_search_02470,/Users/romanbaravalle/Documents/2026/M1-M1_vip...,apic_79,0.0011,./grid_batch,grid_search_02470,0.07008,0.5
2471,grid_search_02471,/Users/romanbaravalle/Documents/2026/M1-M1_vip...,apic_8,0.0011,./grid_batch,grid_search_02471,0.441945,0.5
2472,grid_search_02472,/Users/romanbaravalle/Documents/2026/M1-M1_vip...,apic_80,0.0011,./grid_batch,grid_search_02472,0.080082,0.5
2473,grid_search_02473,/Users/romanbaravalle/Documents/2026/M1-M1_vip...,apic_81,0.0011,./grid_batch,grid_search_02473,0.071737,0.5
2474,grid_search_02474,/Users/romanbaravalle/Documents/2026/M1-M1_vip...,apic_82,0.0011,./grid_batch,grid_search_02474,0.066572,0.5
2475,grid_search_02475,/Users/romanbaravalle/Documents/2026/M1-M1_vip...,apic_83,0.0011,./grid_batch,grid_search_02475,0.106698,0.5
2476,grid_search_02476,/Users/romanbaravalle/Documents/2026/M1-M1_vip...,apic_84,0.0011,./grid_batch,grid_search_02476,0.085282,0.5
2477,grid_search_02477,/Users/romanbaravalle/Documents/2026/M1-M1_vip...,apic_85,0.0011,./grid_batch,grid_search_02477,0.079167,0.5
2478,grid_search_02478,/Users/romanbaravalle/Documents/2026/M1-M1_vip...,apic_86,0.0011,./grid_batch,grid_search_02478,0.067182,0.5
2479,grid_search_02479,/Users/romanbaravalle/Documents/2026/M1-M1_vip...,apic_87,0.0011,./grid_batch,grid_search_02479,0.060984,0.5
2480,grid_search_02480,/Users/romanbaravalle/Documents/2026/M1-M1_vip...,apic_88,0.0011,./grid_batch,grid_search_02480,0.056115,0.5
2481,grid_search_02481,/Users/romanbaravalle/Documents/2026/M1-M1_vip...,apic_89,0.0011,./grid_batch,grid_search_02481,0.055752,0.5
2482,grid_search_02482,/Users/romanbaravalle/Documents/2026/M1-M1_vip...,apic_9,0.0011,./grid_batch,grid_search_02482,0.411692,0.5
2483,grid_search_02483,/Users/romanbaravalle/Documents/2026/M1-M1_vip...,apic_90,0.0011,./grid_batch,grid_search_02483,0.055818,0.5
2484,grid_search_02484,/Users/romanbaravalle/Documents/2026/M1-M1_vip...,apic_91,0.0011,./grid_batch,grid_search_02484,0.0558,0.5
2485,grid_search_02485,/Users/romanbaravalle/Documents/2026/M1-M1_vip...,apic_92,0.0011,./grid_batch,grid_search_02485,0.064758,0.5
2486,grid_search_02486,/Users/romanbaravalle/Documents/2026/M1-M1_vip...,apic_93,0.0011,./grid_batch,grid_search_02486,0.055237,0.5
2487,grid_search_02487,/Users/romanbaravalle/Documents/2026/M1-M1_vip...,apic_94,0.0011,./grid_batch,grid_search_02487,0.054704,0.5
2488,grid_search_02488,/Users/romanbaravalle/Documents/2026/M1-M1_vip...,apic_95,0.0011,./grid_batch,grid_search_02488,0.072912,0.5
2489,grid_search_02489,/Users/romanbaravalle/Documents/2026/M1-M1_vip...,apic_96,0.0011,./grid_batch,grid_search_02489,0.068467,0.5
2490,grid_search_02490,/Users/romanbaravalle/Documents/2026/M1-M1_vip...,apic_97,0.0011,./grid_batch,grid_search_02490,0.068643,0.5
2491,grid_search_02491,/Users/romanbaravalle/Documents/2026/M1-M1_vip...,apic_98,0.0011,./grid_batch,grid_search_02491,0.120349,0.5
2492,grid_search_02492,/Users/romanbaravalle/Documents/2026/M1-M1_vip...,apic_99,0.0011,./grid_batch,grid_search_02492,0.102565,0.5
2493,grid_search_02493,/Users/romanbaravalle/Documents/2026/M1-M1_vip...,dend_0,0.0011,./grid_batch,grid_search_02493,0.537616,0.5
2494,grid_search_02494,/Users/romanbaravalle/Documents/2026/M1-M1_vip...,dend_1,0.0011,./grid_batch,grid_search_02494,0.517002,0.5
2495,grid_search_02495,/Users/romanbaravalle/Documents/2026/M1-M1_vip...,dend_10,0.0011,./grid_batch,grid_search_02495,0.549149,0.5
2496,grid_search_02496,/Users/romanbaravalle/Documents/2026/M1-M1_vip...,dend_100,0.0011,./grid_batch,grid_search_02496,0.532994,0.5
2497,grid_search_02497,/Users/romanbaravalle/Documents/2026/M1-M1_vip...,dend_101,0.0011,./grid_batch,grid_search_02497,0.515859,0.5
2498,grid_search_02498,/Users/romanbaravalle/Documents/2026/M1-M1_vip...,dend_102,0.0011,./grid_batch,grid_search_02498,0.489363,0.5
2499,grid_search_02499,/Users/romanbaravalle/Documents/2026/M1-M1_vip...,dend_103,0.0011,./grid_batch,grid_search_02499,0.507421,0.5
2500,grid_search_02500,/Users/romanbaravalle/Documents/2026/M1-M1_vip...,dend_104,0.0011,./grid_batch,grid_search_02500,0.52808,0.5
2501,grid_search_02501,/Users/romanbaravalle/Documents/2026/M1-M1_vip...,dend_105,0.0011,./grid_batch,grid_search_02501,0.464306,0.5
2502,grid_search_02502,/Users/romanbaravalle/Documents/2026/M1-M1_vip...,dend_106,0.0011,./grid_batch,grid_search_02502,0.459283,0.5
2503,grid_search_02503,/Users/romanbaravalle/Documents/2026/M1-M1_vip...,dend_107,0.0011,./grid_batch,grid_search_02503,0.445117,0.5
2504,grid_search_02504,/Users/romanbaravalle/Documents/2026/M1-M1_vip...,dend_108,0.0011,./grid_batch,grid_search_02504,0.525924,0.5
2505,grid_search_02505,/Users/romanbaravalle/Documents/2026/M1-M1_vip...,dend_109,0.0011,./grid_batch,grid_search_02505,0.452044,0.5
2506,grid_search_02506,/Users/romanbaravalle/Documents/2026/M1-M1_vip...,dend_11,0.0011,./grid_batch,grid_search_02506,0.519236,0.5
2507,grid_search_02507,/Users/romanbaravalle/Documents/2026/M1-M1_vip...,dend_110,0.0011,./grid_batch,grid_search_02507,0.513425,0.5
2508,grid_search_02508,/Users/romanbaravalle/Documents/2026/M1-M1_vip...,dend_111,0.0011,./grid_batch,grid_search_02508,0.40166,0.5
2509,grid_search_02509,/Users/romanbaravalle/Documents/2026/M1-M1_vip...,dend_112,0.0011,./grid_batch,grid_search_02509,0.400825,0.5
2510,grid_search_02510,/Users/romanbaravalle/Documents/2026/M1-M1_vip...,dend_12,0.0011,./grid_batch,grid_search_02510,0.544429,0.5
2511,grid_search_02511,/Users/romanbaravalle/Documents/2026/M1-M1_vip...,dend_13,0.0011,./grid_batch,grid_search_02511,0.540066,0.5
2512,grid_search_02512,/Users/romanbaravalle/Documents/2026/M1-M1_vip...,dend_14,0.0011,./grid_batch,grid_search_02512,0.498343,0.5
2513,grid_search_02513,/Users/romanbaravalle/Documents/2026/M1-M1_vip...,dend_15,0.0011,./grid_batch,grid_search_02513,0.521708,0.5
2514,grid_search_02514,/Users/romanbaravalle/Documents/2026/M1-M1_vip...,dend_16,0.0011,./grid_batch,grid_search_02514,0.515557,0.5
2515,grid_search_02515,/Users/romanbaravalle/Documents/2026/M1-M1_vip...,dend_17,0.0011,./grid_batch,grid_search_02515,0.549473,0.5
2516,grid_search_02516,/Users/romanbaravalle/Documents/2026/M1-M1_vip...,dend_18,0.0011,./grid_batch,grid_search_02516,0.533601,0.5
2517,grid_search_02517,/Users/romanbaravalle/Documents/2026/M1-M1_vip...,dend_19,0.0011,./grid_batch,grid_search_02517,0.520754,0.5
2518,grid_search_02518,/Users/romanbaravalle/Documents/2026/M1-M1_vip...,dend_2,0.0011,./grid_batch,grid_search_02518,0.513709,0.5
2519,grid_search_02519,/Users/romanbaravalle/Documents/2026/M1-M1_vip...,dend_20,0.0011,./grid_batch,grid_search_02519,0.511941,0.5
2520,grid_search_02520,/Users/romanbaravalle/Documents/2026/M1-M1_vip...,dend_21,0.0011,./grid_batch,grid_search_02520,0.493368,0.5
2521,grid_search_02521,/Users/romanbaravalle/Documents/2026/M1-M1_vip...,dend_22,0.0011,./grid_batch,grid_search_02521,0.494064,0.5
2522,grid_search_02522,/Users/romanbaravalle/Documents/2026/M1-M1_vip...,dend_23,0.0011,./grid_batch,grid_search_02522,0.511696,0.5
2523,grid_search_02523,/Users/romanbaravalle/Documents/2026/M1-M1_vip...,dend_24,0.0011,./grid_batch,grid_search_02523,0.494615,0.5
2524,grid_search_02524,/Users/romanbaravalle/Documents/2026/M1-M1_vip...,dend_25,0.0011,./grid_batch,grid_search_02524,0.485811,0.5
2525,grid_search_02525,/Users/romanbaravalle/Documents/2026/M1-M1_vip...,dend_26,0.0011,./grid_batch,grid_search_02525,0.520322,0.5
2526,grid_search_02526,/Users/romanbaravalle/Documents/2026/M1-M1_vip...,dend_27,0.0011,./grid_batch,grid_search_02526,0.492908,0.5
2527,grid_search_02527,/Users/romanbaravalle/Documents/2026/M1-M1_vip...,dend_28,0.0011,./grid_batch,grid_search_02527,0.504893,0.5
2528,grid_search_02528,/Users/romanbaravalle/Documents/2026/M1-M1_vip...,dend_29,0.0011,./grid_batch,grid_search_02528,0.540278,0.5
2529,grid_search_02529,/Users/romanbaravalle/Documents/2026/M1-M1_vip...,dend_3,0.0011,./grid_batch,grid_search_02529,0.551466,0.5
2530,grid_search_02530,/Users/romanbaravalle/Documents/2026/M1-M1_vip...,dend_30,0.0011,./grid_batch,grid_search_02530,0.517908,0.5
2531,grid_search_02531,/Users/romanbaravalle/Documents/2026/M1-M1_vip...,dend_31,0.0011,./grid_batch,grid_search_02531,0.49891,0.5
2532,grid_search_02532,/Users/romanbaravalle/Documents/2026/M1-M1_vip...,dend_32,0.0011,./grid_batch,grid_search_02532,0.530606,0.5
2533,grid_search_02533,/Users/romanbaravalle/Documents/2026/M1-M1_vip...,dend_33,0.0011,./grid_batch,grid_search_02533,0.507169,0.5
2534,grid_search_02534,/Users/romanbaravalle/Documents/2026/M1-M1_vip...,dend_34,0.0011,./grid_batch,grid_search_02534,0.498697,0.5
2535,grid_search_02535,/Users/romanbaravalle/Documents/2026/M1-M1_vip...,dend_35,0.0011,./grid_batch,grid_search_02535,0.495907,0.5
2536,grid_search_02536,/Users/romanbaravalle/Documents/2026/M1-M1_vip...,dend_36,0.0011,./grid_batch,grid_search_02536,0.470611,0.5
2537,grid_search_02537,/Users/romanbaravalle/Documents/2026/M1-M1_vip...,dend_37,0.0011,./grid_batch,grid_search_02537,0.464875,0.5
2538,grid_search_02538,/Users/romanbaravalle/Documents/2026/M1-M1_vip...,dend_38,0.0011,./grid_batch,grid_search_02538,0.495785,0.5
2539,grid_search_02539,/Users/romanbaravalle/Documents/2026/M1-M1_vip...,dend_39,0.0011,./grid_batch,grid_search_02539,0.485854,0.5
2540,grid_search_02540,/Users/romanbaravalle/Documents/2026/M1-M1_vip...,dend_4,0.0011,./grid_batch,grid_search_02540,0.545301,0.5
2541,grid_search_02541,/Users/romanbaravalle/Documents/2026/M1-M1_vip...,dend_40,0.0011,./grid_batch,grid_search_02541,0.478655,0.5
2542,grid_search_02542,/Users/romanbaravalle/Documents/2026/M1-M1_vip...,dend_41,0.0011,./grid_batch,grid_search_02542,0.449868,0.5
2543,grid_search_02543,/Users/romanbaravalle/Documents/2026/M1-M1_vip...,dend_42,0.0011,./grid_batch,grid_search_02543,0.474248,0.5
2544,grid_search_02544,/Users/romanbaravalle/Documents/2026/M1-M1_vip...,dend_43,0.0011,./grid_batch,grid_search_02544,0.451058,0.5
2545,grid_search_02545,/Users/romanbaravalle/Documents/2026/M1-M1_vip...,dend_44,0.0011,./grid_batch,grid_search_02545,0.457937,0.5
2546,grid_search_02546,/Users/romanbaravalle/Documents/2026/M1-M1_vip...,dend_45,0.0011,./grid_batch,grid_search_02546,0.459983,0.5
2547,grid_search_02547,/Users/romanbaravalle/Documents/2026/M1-M1_vip...,dend_46,0.0011,./grid_batch,grid_search_02547,0.489005,0.5
2548,grid_search_02548,/Users/romanbaravalle/Documents/2026/M1-M1_vip...,dend_47,0.0011,./grid_batch,grid_search_02548,0.465633,0.5
2549,grid_search_02549,/Users/romanbaravalle/Documents/2026/M1-M1_vip...,dend_48,0.0011,./grid_batch,grid_search_02549,0.481192,0.5
2550,grid_search_02550,/Users/romanbaravalle/Documents/2026/M1-M1_vip...,dend_49,0.0011,./grid_batch,grid_search_02550,0.455846,0.5
2551,grid_search_02551,/Users/romanbaravalle/Documents/2026/M1-M1_vip...,dend_5,0.0011,./grid_batch,grid_search_02551,0.465838,0.5
2552,grid_search_02552,/Users/romanbaravalle/Documents/2026/M1-M1_vip...,dend_50,0.0011,./grid_batch,grid_search_02552,0.45915,0.5
2553,grid_search_02553,/Users/romanbaravalle/Documents/2026/M1-M1_vip...,dend_51,0.0011,./grid_batch,grid_search_02553,0.498292,0.5
2554,grid_search_02554,/Users/romanbaravalle/Documents/2026/M1-M1_vip...,dend_52,0.0011,./grid_batch,grid_search_02554,0.493795,0.5
2555,grid_search_02555,/Users/romanbaravalle/Documents/2026/M1-M1_vip...,dend_53,0.0011,./grid_batch,grid_search_02555,0.467701,0.5
2556,grid_search_02556,/Users/romanbaravalle/Documents/2026/M1-M1_vip...,dend_54,0.0011,./grid_batch,grid_search_02556,0.468143,0.5
2557,grid_search_02557,/Users/romanbaravalle/Documents/2026/M1-M1_vip...,dend_55,0.0011,./grid_batch,grid_search_02557,0.470289,0.5
2558,grid_search_02558,/Users/romanbaravalle/Documents/2026/M1-M1_vip...,dend_56,0.0011,./grid_batch,grid_search_02558,0.489819,0.5
2559,grid_search_02559,/Users/romanbaravalle/Documents/2026/M1-M1_vip...,dend_57,0.0011,./grid_batch,grid_search_02559,0.552134,0.5
2560,grid_search_02560,/Users/romanbaravalle/Documents/2026/M1-M1_vip...,dend_58,0.0011,./grid_batch,grid_search_02560,0.53469,0.5
2561,grid_search_02561,/Users/romanbaravalle/Documents/2026/M1-M1_vip...,dend_59,0.0011,./grid_batch,grid_search_02561,0.522251,0.5
2562,grid_search_02562,/Users/romanbaravalle/Documents/2026/M1-M1_vip...,dend_6,0.0011,./grid_batch,grid_search_02562,0.307432,0.5
2563,grid_search_02563,/Users/romanbaravalle/Documents/2026/M1-M1_vip...,dend_60,0.0011,./grid_batch,grid_search_02563,0.546718,0.5
2564,grid_search_02564,/Users/romanbaravalle/Documents/2026/M1-M1_vip...,dend_61,0.0011,./grid_batch,grid_search_02564,0.529237,0.5
2565,grid_search_02565,/Users/romanbaravalle/Documents/2026/M1-M1_vip...,dend_62,0.0011,./grid_batch,grid_search_02565,0.528988,0.5
2566,grid_search_02566,/Users/romanbaravalle/Documents/2026/M1-M1_vip...,dend_63,0.0011,./grid_batch,grid_search_02566,0.547956,0.5
2567,grid_search_02567,/Users/romanbaravalle/Documents/2026/M1-M1_vip...,dend_64,0.0011,./grid_batch,grid_search_02567,0.540055,0.5
2568,grid_search_02568,/Users/romanbaravalle/Documents/2026/M1-M1_vip...,dend_65,0.0011,./grid_batch,grid_search_02568,0.524712,0.5
2569,grid_search_02569,/Users/romanbaravalle/Documents/2026/M1-M1_vip...,dend_66,0.0011,./grid_batch,grid_search_02569,0.526157,0.5
2570,grid_search_02570,/Users/romanbaravalle/Documents/2026/M1-M1_vip...,dend_67,0.0011,./grid_batch,grid_search_02570,0.523049,0.5
2571,grid_search_02571,/Users/romanbaravalle/Documents/2026/M1-M1_vip...,dend_68,0.0011,./grid_batch,grid_search_02571,0.546454,0.5
2572,grid_search_02572,/Users/romanbaravalle/Documents/2026/M1-M1_vip...,dend_69,0.0011,./grid_batch,grid_search_02572,0.532999,0.5
2573,grid_search_02573,/Users/romanbaravalle/Documents/2026/M1-M1_vip...,dend_7,0.0011,./grid_batch,grid_search_02573,0.546503,0.5
2574,grid_search_02574,/Users/romanbaravalle/Documents/2026/M1-M1_vip...,dend_70,0.0011,./grid_batch,grid_search_02574,0.507993,0.5
2575,grid_search_02575,/Users/romanbaravalle/Documents/2026/M1-M1_vip...,dend_71,0.0011,./grid_batch,grid_search_02575,0.414607,0.5
2576,grid_search_02576,/Users/romanbaravalle/Documents/2026/M1-M1_vip...,dend_72,0.0011,./grid_batch,grid_search_02576,0.494079,0.5
2577,grid_search_02577,/Users/romanbaravalle/Documents/2026/M1-M1_vip...,dend_73,0.0011,./grid_batch,grid_search_02577,0.549252,0.5
2578,grid_search_02578,/Users/romanbaravalle/Documents/2026/M1-M1_vip...,dend_74,0.0011,./grid_batch,grid_search_02578,0.539067,0.5
2579,grid_search_02579,/Users/romanbaravalle/Documents/2026/M1-M1_vip...,dend_75,0.0011,./grid_batch,grid_search_02579,0.529305,0.5
2580,grid_search_02580,/Users/romanbaravalle/Documents/2026/M1-M1_vip...,dend_76,0.0011,./grid_batch,grid_search_02580,0.504337,0.5
2581,grid_search_02581,/Users/romanbaravalle/Documents/2026/M1-M1_vip...,dend_77,0.0011,./grid_batch,grid_search_02581,0.522561,0.5
2582,grid_search_02582,/Users/romanbaravalle/Documents/2026/M1-M1_vip...,dend_78,0.0011,./grid_batch,grid_search_02582,0.502974,0.5
2583,grid_search_02583,/Users/romanbaravalle/Documents/2026/M1-M1_vip...,dend_79,0.0011,./grid_batch,grid_search_02583,0.519702,0.5
2584,grid_search_02584,/Users/romanbaravalle/Documents/2026/M1-M1_vip...,dend_8,0.0011,./grid_batch,grid_search_02584,0.520447,0.5
2585,grid_search_02585,/Users/romanbaravalle/Documents/2026/M1-M1_vip...,dend_80,0.0011,./grid_batch,grid_search_02585,0.532676,0.5
2586,grid_search_02586,/Users/romanbaravalle/Documents/2026/M1-M1_vip...,dend_81,0.0011,./grid_batch,grid_search_02586,0.501836,0.5
2587,grid_search_02587,/Users/romanbaravalle/Documents/2026/M1-M1_vip...,dend_82,0.0011,./grid_batch,grid_search_02587,0.519891,0.5
2588,grid_search_02588,/Users/romanbaravalle/Documents/2026/M1-M1_vip...,dend_83,0.0011,./grid_batch,grid_search_02588,0.509258,0.5
2589,grid_search_02589,/Users/romanbaravalle/Documents/2026/M1-M1_vip...,dend_84,0.0011,./grid_batch,grid_search_02589,0.497379,0.5
2590,grid_search_02590,/Users/romanbaravalle/Documents/2026/M1-M1_vip...,dend_85,0.0011,./grid_batch,grid_search_02590,0.480368,0.5
2591,grid_search_02591,/Users/romanbaravalle/Documents/2026/M1-M1_vip...,dend_86,0.0011,./grid_batch,grid_search_02591,0.477497,0.5
2592,grid_search_02592,/Users/romanbaravalle/Documents/2026/M1-M1_vip...,dend_87,0.0011,./grid_batch,grid_search_02592,0.544792,0.5
2593,grid_search_02593,/Users/romanbaravalle/Documents/2026/M1-M1_vip...,dend_88,0.0011,./grid_batch,grid_search_02593,0.531533,0.5
2594,grid_search_02594,/Users/romanbaravalle/Documents/2026/M1-M1_vip...,dend_89,0.0011,./grid_batch,grid_search_02594,0.472829,0.5
2595,grid_search_02595,/Users/romanbaravalle/Documents/2026/M1-M1_vip...,dend_9,0.0011,./grid_batch,grid_search_02595,0.506533,0.5
2596,grid_search_02596,/Users/romanbaravalle/Documents/2026/M1-M1_vip...,dend_90,0.0011,./grid_batch,grid_search_02596,0.503848,0.5
2597,grid_search_02597,/Users/romanbaravalle/Documents/2026/M1-M1_vip...,dend_91,0.0011,./grid_batch,grid_search_02597,0.423664,0.5
2598,grid_search_02598,/Users/romanbaravalle/Documents/2026/M1-M1_vip...,dend_92,0.0011,./grid_batch,grid_search_02598,0.419338,0.5
2599,grid_search_02599,/Users/romanbaravalle/Documents/2026/M1-M1_vip...,dend_93,0.0011,./grid_batch,grid_search_02599,0.541792,0.5
2600,grid_search_02600,/Users/romanbaravalle/Documents/2026/M1-M1_vip...,dend_94,0.0011,./grid_batch,grid_search_02600,0.52925,0.5
2601,grid_search_02601,/Users/romanbaravalle/Documents/2026/M1-M1_vip...,dend_95,0.0011,./grid_batch,grid_search_02601,0.412734,0.5
2602,grid_search_02602,/Users/romanbaravalle/Documents/2026/M1-M1_vip...,dend_96,0.0011,./grid_batch,grid_search_02602,0.093018,0.5
2603,grid_search_02603,/Users/romanbaravalle/Documents/2026/M1-M1_vip...,dend_97,0.0011,./grid_batch,grid_search_02603,0.160356,0.5
2604,grid_search_02604,/Users/romanbaravalle/Documents/2026/M1-M1_vip...,dend_98,0.0011,./grid_batch,grid_search_02604,0.510389,0.5
2605,grid_search_02605,/Users/romanbaravalle/Documents/2026/M1-M1_vip...,dend_99,0.0011,./grid_batch,grid_search_02605,0.516931,0.5
2606,grid_search_02606,/Users/romanbaravalle/Documents/2026/M1-M1_vip...,soma,0.0011,./grid_batch,grid_search_02606,0.552895,0.5
2607,grid_search_02607,/Users/romanbaravalle/Documents/2026/M1-M1_vip...,apic_0,0.0012,./grid_batch,grid_search_02607,0.594112,0.5
2608,grid_search_02608,/Users/romanbaravalle/Documents/2026/M1-M1_vip...,apic_1,0.0012,./grid_batch,grid_search_02608,0.569558,0.5
2609,grid_search_02609,/Users/romanbaravalle/Documents/2026/M1-M1_vip...,apic_10,0.0012,./grid_batch,grid_search_02609,0.454723,0.5
2610,grid_search_02610,/Users/romanbaravalle/Documents/2026/M1-M1_vip...,apic_100,0.0012,./grid_batch,grid_search_02610,0.095644,0.5
2611,grid_search_02611,/Users/romanbaravalle/Documents/2026/M1-M1_vip...,apic_101,0.0012,./grid_batch,grid_search_02611,0.091767,0.5
2612,grid_search_02612,/Users/romanbaravalle/Documents/2026/M1-M1_vip...,apic_102,0.0012,./grid_batch,grid_search_02612,0.091767,0.5
2613,grid_search_02613,/Users/romanbaravalle/Documents/2026/M1-M1_vip...,apic_103,0.0012,./grid_batch,grid_search_02613,0.109546,0.5
2614,grid_search_02614,/Users/romanbaravalle/Documents/2026/M1-M1_vip...,apic_104,0.0012,./grid_batch,grid_search_02614,0.113284,0.5
2615,grid_search_02615,/Users/romanbaravalle/Documents/2026/M1-M1_vip...,apic_105,0.0012,./grid_batch,grid_search_02615,0.111494,0.5
2616,grid_search_02616,/Users/romanbaravalle/Documents/2026/M1-M1_vip...,apic_106,0.0012,./grid_batch,grid_search_02616,0.106224,0.5
2617,grid_search_02617,/Users/romanbaravalle/Documents/2026/M1-M1_vip...,apic_107,0.0012,./grid_batch,grid_search_02617,0.088055,0.5
2618,grid_search_02618,/Users/romanbaravalle/Documents/2026/M1-M1_vip...,apic_108,0.0012,./grid_batch,grid_search_02618,0.077896,0.5
2619,grid_search_02619,/Users/romanbaravalle/Documents/2026/M1-M1_vip...,apic_109,0.0012,./grid_batch,grid_search_02619,0.076054,0.5
2620,grid_search_02620,/Users/romanbaravalle/Documents/2026/M1-M1_vip...,apic_11,0.0012,./grid_batch,grid_search_02620,0.455023,0.5
2621,grid_search_02621,/Users/romanbaravalle/Documents/2026/M1-M1_vip...,apic_110,0.0012,./grid_batch,grid_search_02621,0.076054,0.5
2622,grid_search_02622,/Users/romanbaravalle/Documents/2026/M1-M1_vip...,apic_111,0.0012,./grid_batch,grid_search_02622,0.077903,0.5
2623,grid_search_02623,/Users/romanbaravalle/Documents/2026/M1-M1_vip...,apic_112,0.0012,./grid_batch,grid_search_02623,0.110256,0.5
2624,grid_search_02624,/Users/romanbaravalle/Documents/2026/M1-M1_vip...,apic_113,0.0012,./grid_batch,grid_search_02624,0.470699,0.5
2625,grid_search_02625,/Users/romanbaravalle/Documents/2026/M1-M1_vip...,apic_114,0.0012,./grid_batch,grid_search_02625,0.568857,0.5
2626,grid_search_02626,/Users/romanbaravalle/Documents/2026/M1-M1_vip...,apic_115,0.0012,./grid_batch,grid_search_02626,0.55617,0.5
2627,grid_search_02627,/Users/romanbaravalle/Documents/2026/M1-M1_vip...,apic_116,0.0012,./grid_batch,grid_search_02627,0.553813,0.5
2628,grid_search_02628,/Users/romanbaravalle/Documents/2026/M1-M1_vip...,apic_117,0.0012,./grid_batch,grid_search_02628,0.547863,0.5
2629,grid_search_02629,/Users/romanbaravalle/Documents/2026/M1-M1_vip...,apic_118,0.0012,./grid_batch,grid_search_02629,0.506514,0.5
2630,grid_search_02630,/Users/romanbaravalle/Documents/2026/M1-M1_vip...,apic_119,0.0012,./grid_batch,grid_search_02630,0.501779,0.5
2631,grid_search_02631,/Users/romanbaravalle/Documents/2026/M1-M1_vip...,apic_12,0.0012,./grid_batch,grid_search_02631,0.486896,0.5
2632,grid_search_02632,/Users/romanbaravalle/Documents/2026/M1-M1_vip...,apic_120,0.0012,./grid_batch,grid_search_02632,0.520311,0.5
2633,grid_search_02633,/Users/romanbaravalle/Documents/2026/M1-M1_vip...,apic_121,0.0012,./grid_batch,grid_search_02633,0.526208,0.5
2634,grid_search_02634,/Users/romanbaravalle/Documents/2026/M1-M1_vip...,apic_122,0.0012,./grid_batch,grid_search_02634,0.542104,0.5
2635,grid_search_02635,/Users/romanbaravalle/Documents/2026/M1-M1_vip...,apic_13,0.0012,./grid_batch,grid_search_02635,0.462087,0.5
2636,grid_search_02636,/Users/romanbaravalle/Documents/2026/M1-M1_vip...,apic_14,0.0012,./grid_batch,grid_search_02636,0.47147,0.5
2637,grid_search_02637,/Users/romanbaravalle/Documents/2026/M1-M1_vip...,apic_15,0.0012,./grid_batch,grid_search_02637,0.451111,0.5
2638,grid_search_02638,/Users/romanbaravalle/Documents/2026/M1-M1_vip...,apic_16,0.0012,./grid_batch,grid_search_02638,0.462318,0.5
2639,grid_search_02639,/Users/romanbaravalle/Documents/2026/M1-M1_vip...,apic_17,0.0012,./grid_batch,grid_search_02639,0.50202,0.5
2640,grid_search_02640,/Users/romanbaravalle/Documents/2026/M1-M1_vip...,apic_18,0.0012,./grid_batch,grid_search_02640,0.463442,0.5
2641,grid_search_02641,/Users/romanbaravalle/Documents/2026/M1-M1_vip...,apic_19,0.0012,./grid_batch,grid_search_02641,0.438102,0.5
2642,grid_search_02642,/Users/romanbaravalle/Documents/2026/M1-M1_vip...,apic_2,0.0012,./grid_batch,grid_search_02642,0.512228,0.5
2643,grid_search_02643,/Users/romanbaravalle/Documents/2026/M1-M1_vip...,apic_20,0.0012,./grid_batch,grid_search_02643,0.43458,0.5
2644,grid_search_02644,/Users/romanbaravalle/Documents/2026/M1-M1_vip...,apic_21,0.0012,./grid_batch,grid_search_02644,0.425368,0.5
2645,grid_search_02645,/Users/romanbaravalle/Documents/2026/M1-M1_vip...,apic_22,0.0012,./grid_batch,grid_search_02645,0.38919,0.5
2646,grid_search_02646,/Users/romanbaravalle/Documents/2026/M1-M1_vip...,apic_23,0.0012,./grid_batch,grid_search_02646,0.393937,0.5
2647,grid_search_02647,/Users/romanbaravalle/Documents/2026/M1-M1_vip...,apic_24,0.0012,./grid_batch,grid_search_02647,0.430721,0.5
2648,grid_search_02648,/Users/romanbaravalle/Documents/2026/M1-M1_vip...,apic_25,0.0012,./grid_batch,grid_search_02648,0.408689,0.5
2649,grid_search_02649,/Users/romanbaravalle/Documents/2026/M1-M1_vip...,apic_26,0.0012,./grid_batch,grid_search_02649,0.404685,0.5
2650,grid_search_02650,/Users/romanbaravalle/Documents/2026/M1-M1_vip...,apic_27,0.0012,./grid_batch,grid_search_02650,0.430171,0.5
2651,grid_search_02651,/Users/romanbaravalle/Documents/2026/M1-M1_vip...,apic_28,0.0012,./grid_batch,grid_search_02651,0.408393,0.5
2652,grid_search_02652,/Users/romanbaravalle/Documents/2026/M1-M1_vip...,apic_29,0.0012,./grid_batch,grid_search_02652,0.408632,0.5
2653,grid_search_02653,/Users/romanbaravalle/Documents/2026/M1-M1_vip...,apic_3,0.0012,./grid_batch,grid_search_02653,0.545501,0.5
2654,grid_search_02654,/Users/romanbaravalle/Documents/2026/M1-M1_vip...,apic_30,0.0012,./grid_batch,grid_search_02654,0.427718,0.5
2655,grid_search_02655,/Users/romanbaravalle/Documents/2026/M1-M1_vip...,apic_31,0.0012,./grid_batch,grid_search_02655,0.40847,0.5
2656,grid_search_02656,/Users/romanbaravalle/Documents/2026/M1-M1_vip...,apic_32,0.0012,./grid_batch,grid_search_02656,0.388972,0.5
2657,grid_search_02657,/Users/romanbaravalle/Documents/2026/M1-M1_vip...,apic_33,0.0012,./grid_batch,grid_search_02657,0.383254,0.5
2658,grid_search_02658,/Users/romanbaravalle/Documents/2026/M1-M1_vip...,apic_34,0.0012,./grid_batch,grid_search_02658,0.398987,0.5
2659,grid_search_02659,/Users/romanbaravalle/Documents/2026/M1-M1_vip...,apic_35,0.0012,./grid_batch,grid_search_02659,0.364583,0.5
2660,grid_search_02660,/Users/romanbaravalle/Documents/2026/M1-M1_vip...,apic_36,0.0012,./grid_batch,grid_search_02660,0.37417,0.5
2661,grid_search_02661,/Users/romanbaravalle/Documents/2026/M1-M1_vip...,apic_37,0.0012,./grid_batch,grid_search_02661,0.337441,0.5
2662,grid_search_02662,/Users/romanbaravalle/Documents/2026/M1-M1_vip...,apic_38,0.0012,./grid_batch,grid_search_02662,0.358541,0.5
2663,grid_search_02663,/Users/romanbaravalle/Documents/2026/M1-M1_vip...,apic_39,0.0012,./grid_batch,grid_search_02663,0.331812,0.5
2664,grid_search_02664,/Users/romanbaravalle/Documents/2026/M1-M1_vip...,apic_4,0.0012,./grid_batch,grid_search_02664,0.482603,0.5
2665,grid_search_02665,/Users/romanbaravalle/Documents/2026/M1-M1_vip...,apic_40,0.0012,./grid_batch,grid_search_02665,0.352782,0.5
2666,grid_search_02666,/Users/romanbaravalle/Documents/2026/M1-M1_vip...,apic_41,0.0012,./grid_batch,grid_search_02666,0.346972,0.5
2667,grid_search_02667,/Users/romanbaravalle/Documents/2026/M1-M1_vip...,apic_42,0.0012,./grid_batch,grid_search_02667,0.34084,0.5
2668,grid_search_02668,/Users/romanbaravalle/Documents/2026/M1-M1_vip...,apic_43,0.0012,./grid_batch,grid_search_02668,0.307257,0.5
2669,grid_search_02669,/Users/romanbaravalle/Documents/2026/M1-M1_vip...,apic_44,0.0012,./grid_batch,grid_search_02669,0.281423,0.5
2670,grid_search_02670,/Users/romanbaravalle/Documents/2026/M1-M1_vip...,apic_45,0.0012,./grid_batch,grid_search_02670,0.281423,0.5
2671,grid_search_02671,/Users/romanbaravalle/Documents/2026/M1-M1_vip...,apic_46,0.0012,./grid_batch,grid_search_02671,0.295115,0.5
2672,grid_search_02672,/Users/romanbaravalle/Documents/2026/M1-M1_vip...,apic_47,0.0012,./grid_batch,grid_search_02672,0.318,0.5
2673,grid_search_02673,/Users/romanbaravalle/Documents/2026/M1-M1_vip...,apic_48,0.0012,./grid_batch,grid_search_02673,0.266652,0.5
2674,grid_search_02674,/Users/romanbaravalle/Documents/2026/M1-M1_vip...,apic_49,0.0012,./grid_batch,grid_search_02674,0.277169,0.5
2675,grid_search_02675,/Users/romanbaravalle/Documents/2026/M1-M1_vip...,apic_5,0.0012,./grid_batch,grid_search_02675,0.525348,0.5
2676,grid_search_02676,/Users/romanbaravalle/Documents/2026/M1-M1_vip...,apic_50,0.0012,./grid_batch,grid_search_02676,0.277168,0.5
2677,grid_search_02677,/Users/romanbaravalle/Documents/2026/M1-M1_vip...,apic_51,0.0012,./grid_batch,grid_search_02677,0.259908,0.5
2678,grid_search_02678,/Users/romanbaravalle/Documents/2026/M1-M1_vip...,apic_52,0.0012,./grid_batch,grid_search_02678,0.344366,0.5
2679,grid_search_02679,/Users/romanbaravalle/Documents/2026/M1-M1_vip...,apic_53,0.0012,./grid_batch,grid_search_02679,0.326505,0.5
2680,grid_search_02680,/Users/romanbaravalle/Documents/2026/M1-M1_vip...,apic_54,0.0012,./grid_batch,grid_search_02680,0.328405,0.5
2681,grid_search_02681,/Users/romanbaravalle/Documents/2026/M1-M1_vip...,apic_55,0.0012,./grid_batch,grid_search_02681,0.310982,0.5
2682,grid_search_02682,/Users/romanbaravalle/Documents/2026/M1-M1_vip...,apic_56,0.0012,./grid_batch,grid_search_02682,0.300535,0.5
2683,grid_search_02683,/Users/romanbaravalle/Documents/2026/M1-M1_vip...,apic_57,0.0012,./grid_batch,grid_search_02683,0.274487,0.5
2684,grid_search_02684,/Users/romanbaravalle/Documents/2026/M1-M1_vip...,apic_58,0.0012,./grid_batch,grid_search_02684,0.276285,0.5
2685,grid_search_02685,/Users/romanbaravalle/Documents/2026/M1-M1_vip...,apic_59,0.0012,./grid_batch,grid_search_02685,0.299035,0.5
2686,grid_search_02686,/Users/romanbaravalle/Documents/2026/M1-M1_vip...,apic_6,0.0012,./grid_batch,grid_search_02686,0.510791,0.5
2687,grid_search_02687,/Users/romanbaravalle/Documents/2026/M1-M1_vip...,apic_60,0.0012,./grid_batch,grid_search_02687,0.281241,0.5
2688,grid_search_02688,/Users/romanbaravalle/Documents/2026/M1-M1_vip...,apic_61,0.0012,./grid_batch,grid_search_02688,0.28744,0.5
2689,grid_search_02689,/Users/romanbaravalle/Documents/2026/M1-M1_vip...,apic_62,0.0012,./grid_batch,grid_search_02689,0.277446,0.5
2690,grid_search_02690,/Users/romanbaravalle/Documents/2026/M1-M1_vip...,apic_63,0.0012,./grid_batch,grid_search_02690,0.277446,0.5
2691,grid_search_02691,/Users/romanbaravalle/Documents/2026/M1-M1_vip...,apic_64,0.0012,./grid_batch,grid_search_02691,0.309413,0.5
2692,grid_search_02692,/Users/romanbaravalle/Documents/2026/M1-M1_vip...,apic_65,0.0012,./grid_batch,grid_search_02692,0.283336,0.5
2693,grid_search_02693,/Users/romanbaravalle/Documents/2026/M1-M1_vip...,apic_66,0.0012,./grid_batch,grid_search_02693,0.221369,0.5
2694,grid_search_02694,/Users/romanbaravalle/Documents/2026/M1-M1_vip...,apic_67,0.0012,./grid_batch,grid_search_02694,0.150887,0.5
2695,grid_search_02695,/Users/romanbaravalle/Documents/2026/M1-M1_vip...,apic_68,0.0012,./grid_batch,grid_search_02695,0.117732,0.5
2696,grid_search_02696,/Users/romanbaravalle/Documents/2026/M1-M1_vip...,apic_69,0.0012,./grid_batch,grid_search_02696,0.143353,0.5
2697,grid_search_02697,/Users/romanbaravalle/Documents/2026/M1-M1_vip...,apic_7,0.0012,./grid_batch,grid_search_02697,0.494757,0.5
2698,grid_search_02698,/Users/romanbaravalle/Documents/2026/M1-M1_vip...,apic_70,0.0012,./grid_batch,grid_search_02698,0.134789,0.5
2699,grid_search_02699,/Users/romanbaravalle/Documents/2026/M1-M1_vip...,apic_71,0.0012,./grid_batch,grid_search_02699,0.116013,0.5
2700,grid_search_02700,/Users/romanbaravalle/Documents/2026/M1-M1_vip...,apic_72,0.0012,./grid_batch,grid_search_02700,0.106224,0.5
2701,grid_search_02701,/Users/romanbaravalle/Documents/2026/M1-M1_vip...,apic_73,0.0012,./grid_batch,grid_search_02701,0.096666,0.5
2702,grid_search_02702,/Users/romanbaravalle/Documents/2026/M1-M1_vip...,apic_74,0.0012,./grid_batch,grid_search_02702,0.099995,0.5
2703,grid_search_02703,/Users/romanbaravalle/Documents/2026/M1-M1_vip...,apic_75,0.0012,./grid_batch,grid_search_02703,0.103292,0.5
2704,grid_search_02704,/Users/romanbaravalle/Documents/2026/M1-M1_vip...,apic_76,0.0012,./grid_batch,grid_search_02704,0.104448,0.5
2705,grid_search_02705,/Users/romanbaravalle/Documents/2026/M1-M1_vip...,apic_77,0.0012,./grid_batch,grid_search_02705,0.136426,0.5
2706,grid_search_02706,/Users/romanbaravalle/Documents/2026/M1-M1_vip...,apic_78,0.0012,./grid_batch,grid_search_02706,0.10997,0.5
2707,grid_search_02707,/Users/romanbaravalle/Documents/2026/M1-M1_vip...,apic_79,0.0012,./grid_batch,grid_search_02707,0.077264,0.5
2708,grid_search_02708,/Users/romanbaravalle/Documents/2026/M1-M1_vip...,apic_8,0.0012,./grid_batch,grid_search_02708,0.480677,0.5
2709,grid_search_02709,/Users/romanbaravalle/Documents/2026/M1-M1_vip...,apic_80,0.0012,./grid_batch,grid_search_02709,0.087516,0.5
2710,grid_search_02710,/Users/romanbaravalle/Documents/2026/M1-M1_vip...,apic_81,0.0012,./grid_batch,grid_search_02710,0.078579,0.5
2711,grid_search_02711,/Users/romanbaravalle/Documents/2026/M1-M1_vip...,apic_82,0.0012,./grid_batch,grid_search_02711,0.073326,0.5
2712,grid_search_02712,/Users/romanbaravalle/Documents/2026/M1-M1_vip...,apic_83,0.0012,./grid_batch,grid_search_02712,0.116373,0.5
2713,grid_search_02713,/Users/romanbaravalle/Documents/2026/M1-M1_vip...,apic_84,0.0012,./grid_batch,grid_search_02713,0.093072,0.5
2714,grid_search_02714,/Users/romanbaravalle/Documents/2026/M1-M1_vip...,apic_85,0.0012,./grid_batch,grid_search_02714,0.086414,0.5
2715,grid_search_02715,/Users/romanbaravalle/Documents/2026/M1-M1_vip...,apic_86,0.0012,./grid_batch,grid_search_02715,0.073522,0.5
2716,grid_search_02716,/Users/romanbaravalle/Documents/2026/M1-M1_vip...,apic_87,0.0012,./grid_batch,grid_search_02716,0.066821,0.5
2717,grid_search_02717,/Users/romanbaravalle/Documents/2026/M1-M1_vip...,apic_88,0.0012,./grid_batch,grid_search_02717,0.061566,0.5
2718,grid_search_02718,/Users/romanbaravalle/Documents/2026/M1-M1_vip...,apic_89,0.0012,./grid_batch,grid_search_02718,0.061169,0.5
2719,grid_search_02719,/Users/romanbaravalle/Documents/2026/M1-M1_vip...,apic_9,0.0012,./grid_batch,grid_search_02719,0.446129,0.5
2720,grid_search_02720,/Users/romanbaravalle/Documents/2026/M1-M1_vip...,apic_90,0.0012,./grid_batch,grid_search_02720,0.061232,0.5
2721,grid_search_02721,/Users/romanbaravalle/Documents/2026/M1-M1_vip...,apic_91,0.0012,./grid_batch,grid_search_02721,0.061244,0.5
2722,grid_search_02722,/Users/romanbaravalle/Documents/2026/M1-M1_vip...,apic_92,0.0012,./grid_batch,grid_search_02722,0.070853,0.5
2723,grid_search_02723,/Users/romanbaravalle/Documents/2026/M1-M1_vip...,apic_93,0.0012,./grid_batch,grid_search_02723,0.060637,0.5
2724,grid_search_02724,/Users/romanbaravalle/Documents/2026/M1-M1_vip...,apic_94,0.0012,./grid_batch,grid_search_02724,0.060087,0.5
2725,grid_search_02725,/Users/romanbaravalle/Documents/2026/M1-M1_vip...,apic_95,0.0012,./grid_batch,grid_search_02725,0.079737,0.5
2726,grid_search_02726,/Users/romanbaravalle/Documents/2026/M1-M1_vip...,apic_96,0.0012,./grid_batch,grid_search_02726,0.07486,0.5
2727,grid_search_02727,/Users/romanbaravalle/Documents/2026/M1-M1_vip...,apic_97,0.0012,./grid_batch,grid_search_02727,0.075044,0.5
2728,grid_search_02728,/Users/romanbaravalle/Documents/2026/M1-M1_vip...,apic_98,0.0012,./grid_batch,grid_search_02728,0.131266,0.5
2729,grid_search_02729,/Users/romanbaravalle/Documents/2026/M1-M1_vip...,apic_99,0.0012,./grid_batch,grid_search_02729,0.111864,0.5
2730,grid_search_02730,/Users/romanbaravalle/Documents/2026/M1-M1_vip...,dend_0,0.0012,./grid_batch,grid_search_02730,0.585035,0.5
2731,grid_search_02731,/Users/romanbaravalle/Documents/2026/M1-M1_vip...,dend_1,0.0012,./grid_batch,grid_search_02731,0.560992,0.5
2732,grid_search_02732,/Users/romanbaravalle/Documents/2026/M1-M1_vip...,dend_10,0.0012,./grid_batch,grid_search_02732,0.598577,0.5
2733,grid_search_02733,/Users/romanbaravalle/Documents/2026/M1-M1_vip...,dend_100,0.0012,./grid_batch,grid_search_02733,0.580569,0.5
2734,grid_search_02734,/Users/romanbaravalle/Documents/2026/M1-M1_vip...,dend_101,0.0012,./grid_batch,grid_search_02734,0.560794,0.5
2735,grid_search_02735,/Users/romanbaravalle/Documents/2026/M1-M1_vip...,dend_102,0.0012,./grid_batch,grid_search_02735,0.530166,0.5
2736,grid_search_02736,/Users/romanbaravalle/Documents/2026/M1-M1_vip...,dend_103,0.0012,./grid_batch,grid_search_02736,0.551003,0.5
2737,grid_search_02737,/Users/romanbaravalle/Documents/2026/M1-M1_vip...,dend_104,0.0012,./grid_batch,grid_search_02737,0.575002,0.5
2738,grid_search_02738,/Users/romanbaravalle/Documents/2026/M1-M1_vip...,dend_105,0.0012,./grid_batch,grid_search_02738,0.50194,0.5
2739,grid_search_02739,/Users/romanbaravalle/Documents/2026/M1-M1_vip...,dend_106,0.0012,./grid_batch,grid_search_02739,0.496202,0.5
2740,grid_search_02740,/Users/romanbaravalle/Documents/2026/M1-M1_vip...,dend_107,0.0012,./grid_batch,grid_search_02740,0.480191,0.5
2741,grid_search_02741,/Users/romanbaravalle/Documents/2026/M1-M1_vip...,dend_108,0.0012,./grid_batch,grid_search_02741,0.572498,0.5
2742,grid_search_02742,/Users/romanbaravalle/Documents/2026/M1-M1_vip...,dend_109,0.0012,./grid_batch,grid_search_02742,0.487192,0.5
2743,grid_search_02743,/Users/romanbaravalle/Documents/2026/M1-M1_vip...,dend_11,0.0012,./grid_batch,grid_search_02743,0.563778,0.5
2744,grid_search_02744,/Users/romanbaravalle/Documents/2026/M1-M1_vip...,dend_110,0.0012,./grid_batch,grid_search_02744,0.557929,0.5
2745,grid_search_02745,/Users/romanbaravalle/Documents/2026/M1-M1_vip...,dend_111,0.0012,./grid_batch,grid_search_02745,0.445345,0.5
2746,grid_search_02746,/Users/romanbaravalle/Documents/2026/M1-M1_vip...,dend_112,0.0012,./grid_batch,grid_search_02746,0.443984,0.5
2747,grid_search_02747,/Users/romanbaravalle/Documents/2026/M1-M1_vip...,dend_12,0.0012,./grid_batch,grid_search_02747,0.59322,0.5
2748,grid_search_02748,/Users/romanbaravalle/Documents/2026/M1-M1_vip...,dend_13,0.0012,./grid_batch,grid_search_02748,0.588212,0.5
2749,grid_search_02749,/Users/romanbaravalle/Documents/2026/M1-M1_vip...,dend_14,0.0012,./grid_batch,grid_search_02749,0.540052,0.5
2750,grid_search_02750,/Users/romanbaravalle/Documents/2026/M1-M1_vip...,dend_15,0.0012,./grid_batch,grid_search_02750,0.566728,0.5
2751,grid_search_02751,/Users/romanbaravalle/Documents/2026/M1-M1_vip...,dend_16,0.0012,./grid_batch,grid_search_02751,0.559778,0.5
2752,grid_search_02752,/Users/romanbaravalle/Documents/2026/M1-M1_vip...,dend_17,0.0012,./grid_batch,grid_search_02752,0.599009,0.5
2753,grid_search_02753,/Users/romanbaravalle/Documents/2026/M1-M1_vip...,dend_18,0.0012,./grid_batch,grid_search_02753,0.58127,0.5
2754,grid_search_02754,/Users/romanbaravalle/Documents/2026/M1-M1_vip...,dend_19,0.0012,./grid_batch,grid_search_02754,0.566824,0.5
2755,grid_search_02755,/Users/romanbaravalle/Documents/2026/M1-M1_vip...,dend_2,0.0012,./grid_batch,grid_search_02755,0.557169,0.5
2756,grid_search_02756,/Users/romanbaravalle/Documents/2026/M1-M1_vip...,dend_20,0.0012,./grid_batch,grid_search_02756,0.556761,0.5
2757,grid_search_02757,/Users/romanbaravalle/Documents/2026/M1-M1_vip...,dend_21,0.0012,./grid_batch,grid_search_02757,0.535251,0.5
2758,grid_search_02758,/Users/romanbaravalle/Documents/2026/M1-M1_vip...,dend_22,0.0012,./grid_batch,grid_search_02758,0.536047,0.5
2759,grid_search_02759,/Users/romanbaravalle/Documents/2026/M1-M1_vip...,dend_23,0.0012,./grid_batch,grid_search_02759,0.556389,0.5
2760,grid_search_02760,/Users/romanbaravalle/Documents/2026/M1-M1_vip...,dend_24,0.0012,./grid_batch,grid_search_02760,0.536458,0.5
2761,grid_search_02761,/Users/romanbaravalle/Documents/2026/M1-M1_vip...,dend_25,0.0012,./grid_batch,grid_search_02761,0.526311,0.5
2762,grid_search_02762,/Users/romanbaravalle/Documents/2026/M1-M1_vip...,dend_26,0.0012,./grid_batch,grid_search_02762,0.566184,0.5
2763,grid_search_02763,/Users/romanbaravalle/Documents/2026/M1-M1_vip...,dend_27,0.0012,./grid_batch,grid_search_02763,0.534288,0.5
2764,grid_search_02764,/Users/romanbaravalle/Documents/2026/M1-M1_vip...,dend_28,0.0012,./grid_batch,grid_search_02764,0.548121,0.5
2765,grid_search_02765,/Users/romanbaravalle/Documents/2026/M1-M1_vip...,dend_29,0.0012,./grid_batch,grid_search_02765,0.588546,0.5
2766,grid_search_02766,/Users/romanbaravalle/Documents/2026/M1-M1_vip...,dend_3,0.0012,./grid_batch,grid_search_02766,0.601164,0.5
2767,grid_search_02767,/Users/romanbaravalle/Documents/2026/M1-M1_vip...,dend_30,0.0012,./grid_batch,grid_search_02767,0.562363,0.5
2768,grid_search_02768,/Users/romanbaravalle/Documents/2026/M1-M1_vip...,dend_31,0.0012,./grid_batch,grid_search_02768,0.540704,0.5
2769,grid_search_02769,/Users/romanbaravalle/Documents/2026/M1-M1_vip...,dend_32,0.0012,./grid_batch,grid_search_02769,0.578364,0.5
2770,grid_search_02770,/Users/romanbaravalle/Documents/2026/M1-M1_vip...,dend_33,0.0012,./grid_batch,grid_search_02770,0.552662,0.5
2771,grid_search_02771,/Users/romanbaravalle/Documents/2026/M1-M1_vip...,dend_34,0.0012,./grid_batch,grid_search_02771,0.543352,0.5
2772,grid_search_02772,/Users/romanbaravalle/Documents/2026/M1-M1_vip...,dend_35,0.0012,./grid_batch,grid_search_02772,0.540224,0.5
2773,grid_search_02773,/Users/romanbaravalle/Documents/2026/M1-M1_vip...,dend_36,0.0012,./grid_batch,grid_search_02773,0.510679,0.5
2774,grid_search_02774,/Users/romanbaravalle/Documents/2026/M1-M1_vip...,dend_37,0.0012,./grid_batch,grid_search_02774,0.504145,0.5
2775,grid_search_02775,/Users/romanbaravalle/Documents/2026/M1-M1_vip...,dend_38,0.0012,./grid_batch,grid_search_02775,0.540128,0.5
2776,grid_search_02776,/Users/romanbaravalle/Documents/2026/M1-M1_vip...,dend_39,0.0012,./grid_batch,grid_search_02776,0.528872,0.5
2777,grid_search_02777,/Users/romanbaravalle/Documents/2026/M1-M1_vip...,dend_4,0.0012,./grid_batch,grid_search_02777,0.593935,0.5
2778,grid_search_02778,/Users/romanbaravalle/Documents/2026/M1-M1_vip...,dend_40,0.0012,./grid_batch,grid_search_02778,0.520689,0.5
2779,grid_search_02779,/Users/romanbaravalle/Documents/2026/M1-M1_vip...,dend_41,0.0012,./grid_batch,grid_search_02779,0.487534,0.5
2780,grid_search_02780,/Users/romanbaravalle/Documents/2026/M1-M1_vip...,dend_42,0.0012,./grid_batch,grid_search_02780,0.515582,0.5
2781,grid_search_02781,/Users/romanbaravalle/Documents/2026/M1-M1_vip...,dend_43,0.0012,./grid_batch,grid_search_02781,0.48872,0.5
2782,grid_search_02782,/Users/romanbaravalle/Documents/2026/M1-M1_vip...,dend_44,0.0012,./grid_batch,grid_search_02782,0.496601,0.5
2783,grid_search_02783,/Users/romanbaravalle/Documents/2026/M1-M1_vip...,dend_45,0.0012,./grid_batch,grid_search_02783,0.498922,0.5
2784,grid_search_02784,/Users/romanbaravalle/Documents/2026/M1-M1_vip...,dend_46,0.0012,./grid_batch,grid_search_02784,0.532471,0.5
2785,grid_search_02785,/Users/romanbaravalle/Documents/2026/M1-M1_vip...,dend_47,0.0012,./grid_batch,grid_search_02785,0.505527,0.5
2786,grid_search_02786,/Users/romanbaravalle/Documents/2026/M1-M1_vip...,dend_48,0.0012,./grid_batch,grid_search_02786,0.523581,0.5
2787,grid_search_02787,/Users/romanbaravalle/Documents/2026/M1-M1_vip...,dend_49,0.0012,./grid_batch,grid_search_02787,0.494288,0.5
2788,grid_search_02788,/Users/romanbaravalle/Documents/2026/M1-M1_vip...,dend_5,0.0012,./grid_batch,grid_search_02788,0.486847,0.5
2789,grid_search_02789,/Users/romanbaravalle/Documents/2026/M1-M1_vip...,dend_50,0.0012,./grid_batch,grid_search_02789,0.498124,0.5
2790,grid_search_02790,/Users/romanbaravalle/Documents/2026/M1-M1_vip...,dend_51,0.0012,./grid_batch,grid_search_02790,0.542833,0.5
2791,grid_search_02791,/Users/romanbaravalle/Documents/2026/M1-M1_vip...,dend_52,0.0012,./grid_batch,grid_search_02791,0.53771,0.5
2792,grid_search_02792,/Users/romanbaravalle/Documents/2026/M1-M1_vip...,dend_53,0.0012,./grid_batch,grid_search_02792,0.507716,0.5
2793,grid_search_02793,/Users/romanbaravalle/Documents/2026/M1-M1_vip...,dend_54,0.0012,./grid_batch,grid_search_02793,0.507828,0.5
2794,grid_search_02794,/Users/romanbaravalle/Documents/2026/M1-M1_vip...,dend_55,0.0012,./grid_batch,grid_search_02794,0.510599,0.5
2795,grid_search_02795,/Users/romanbaravalle/Documents/2026/M1-M1_vip...,dend_56,0.0012,./grid_batch,grid_search_02795,0.53203,0.5
2796,grid_search_02796,/Users/romanbaravalle/Documents/2026/M1-M1_vip...,dend_57,0.0012,./grid_batch,grid_search_02796,0.601922,0.5
2797,grid_search_02797,/Users/romanbaravalle/Documents/2026/M1-M1_vip...,dend_58,0.0012,./grid_batch,grid_search_02797,0.581422,0.5
2798,grid_search_02798,/Users/romanbaravalle/Documents/2026/M1-M1_vip...,dend_59,0.0012,./grid_batch,grid_search_02798,0.566875,0.5
2799,grid_search_02799,/Users/romanbaravalle/Documents/2026/M1-M1_vip...,dend_6,0.0012,./grid_batch,grid_search_02799,0.310913,0.5
2800,grid_search_02800,/Users/romanbaravalle/Documents/2026/M1-M1_vip...,dend_60,0.0012,./grid_batch,grid_search_02800,0.595572,0.5
2801,grid_search_02801,/Users/romanbaravalle/Documents/2026/M1-M1_vip...,dend_61,0.0012,./grid_batch,grid_search_02801,0.57507,0.5
2802,grid_search_02802,/Users/romanbaravalle/Documents/2026/M1-M1_vip...,dend_62,0.0012,./grid_batch,grid_search_02802,0.574775,0.5
2803,grid_search_02803,/Users/romanbaravalle/Documents/2026/M1-M1_vip...,dend_63,0.0012,./grid_batch,grid_search_02803,0.597082,0.5
2804,grid_search_02804,/Users/romanbaravalle/Documents/2026/M1-M1_vip...,dend_64,0.0012,./grid_batch,grid_search_02804,0.58786,0.5
2805,grid_search_02805,/Users/romanbaravalle/Documents/2026/M1-M1_vip...,dend_65,0.0012,./grid_batch,grid_search_02805,0.569886,0.5
2806,grid_search_02806,/Users/romanbaravalle/Documents/2026/M1-M1_vip...,dend_66,0.0012,./grid_batch,grid_search_02806,0.571535,0.5
2807,grid_search_02807,/Users/romanbaravalle/Documents/2026/M1-M1_vip...,dend_67,0.0012,./grid_batch,grid_search_02807,0.568035,0.5
2808,grid_search_02808,/Users/romanbaravalle/Documents/2026/M1-M1_vip...,dend_68,0.0012,./grid_batch,grid_search_02808,0.595546,0.5
2809,grid_search_02809,/Users/romanbaravalle/Documents/2026/M1-M1_vip...,dend_69,0.0012,./grid_batch,grid_search_02809,0.5802,0.5
2810,grid_search_02810,/Users/romanbaravalle/Documents/2026/M1-M1_vip...,dend_7,0.0012,./grid_batch,grid_search_02810,0.595415,0.5
2811,grid_search_02811,/Users/romanbaravalle/Documents/2026/M1-M1_vip...,dend_70,0.0012,./grid_batch,grid_search_02811,0.55106,0.5
2812,grid_search_02812,/Users/romanbaravalle/Documents/2026/M1-M1_vip...,dend_71,0.0012,./grid_batch,grid_search_02812,0.450128,0.5
2813,grid_search_02813,/Users/romanbaravalle/Documents/2026/M1-M1_vip...,dend_72,0.0012,./grid_batch,grid_search_02813,0.53574,0.5
2814,grid_search_02814,/Users/romanbaravalle/Documents/2026/M1-M1_vip...,dend_73,0.0012,./grid_batch,grid_search_02814,0.598805,0.5
2815,grid_search_02815,/Users/romanbaravalle/Documents/2026/M1-M1_vip...,dend_74,0.0012,./grid_batch,grid_search_02815,0.587472,0.5
2816,grid_search_02816,/Users/romanbaravalle/Documents/2026/M1-M1_vip...,dend_75,0.0012,./grid_batch,grid_search_02816,0.5764,0.5
2817,grid_search_02817,/Users/romanbaravalle/Documents/2026/M1-M1_vip...,dend_76,0.0012,./grid_batch,grid_search_02817,0.547381,0.5
2818,grid_search_02818,/Users/romanbaravalle/Documents/2026/M1-M1_vip...,dend_77,0.0012,./grid_batch,grid_search_02818,0.568577,0.5
2819,grid_search_02819,/Users/romanbaravalle/Documents/2026/M1-M1_vip...,dend_78,0.0012,./grid_batch,grid_search_02819,0.545755,0.5
2820,grid_search_02820,/Users/romanbaravalle/Documents/2026/M1-M1_vip...,dend_79,0.0012,./grid_batch,grid_search_02820,0.565226,0.5
2821,grid_search_02821,/Users/romanbaravalle/Documents/2026/M1-M1_vip...,dend_8,0.0012,./grid_batch,grid_search_02821,0.564925,0.5
2822,grid_search_02822,/Users/romanbaravalle/Documents/2026/M1-M1_vip...,dend_80,0.0012,./grid_batch,grid_search_02822,0.580312,0.5
2823,grid_search_02823,/Users/romanbaravalle/Documents/2026/M1-M1_vip...,dend_81,0.0012,./grid_batch,grid_search_02823,0.544643,0.5
2824,grid_search_02824,/Users/romanbaravalle/Documents/2026/M1-M1_vip...,dend_82,0.0012,./grid_batch,grid_search_02824,0.565706,0.5
2825,grid_search_02825,/Users/romanbaravalle/Documents/2026/M1-M1_vip...,dend_83,0.0012,./grid_batch,grid_search_02825,0.553391,0.5
2826,grid_search_02826,/Users/romanbaravalle/Documents/2026/M1-M1_vip...,dend_84,0.0012,./grid_batch,grid_search_02826,0.53951,0.5
2827,grid_search_02827,/Users/romanbaravalle/Documents/2026/M1-M1_vip...,dend_85,0.0012,./grid_batch,grid_search_02827,0.519787,0.5
2828,grid_search_02828,/Users/romanbaravalle/Documents/2026/M1-M1_vip...,dend_86,0.0012,./grid_batch,grid_search_02828,0.516915,0.5
2829,grid_search_02829,/Users/romanbaravalle/Documents/2026/M1-M1_vip...,dend_87,0.0012,./grid_batch,grid_search_02829,0.593861,0.5
2830,grid_search_02830,/Users/romanbaravalle/Documents/2026/M1-M1_vip...,dend_88,0.0012,./grid_batch,grid_search_02830,0.578414,0.5
2831,grid_search_02831,/Users/romanbaravalle/Documents/2026/M1-M1_vip...,dend_89,0.0012,./grid_batch,grid_search_02831,0.510213,0.5
2832,grid_search_02832,/Users/romanbaravalle/Documents/2026/M1-M1_vip...,dend_9,0.0012,./grid_batch,grid_search_02832,0.549041,0.5
2833,grid_search_02833,/Users/romanbaravalle/Documents/2026/M1-M1_vip...,dend_90,0.0012,./grid_batch,grid_search_02833,0.545997,0.5
2834,grid_search_02834,/Users/romanbaravalle/Documents/2026/M1-M1_vip...,dend_91,0.0012,./grid_batch,grid_search_02834,0.454754,0.5
2835,grid_search_02835,/Users/romanbaravalle/Documents/2026/M1-M1_vip...,dend_92,0.0012,./grid_batch,grid_search_02835,0.449975,0.5
2836,grid_search_02836,/Users/romanbaravalle/Documents/2026/M1-M1_vip...,dend_93,0.0012,./grid_batch,grid_search_02836,0.590506,0.5
2837,grid_search_02837,/Users/romanbaravalle/Documents/2026/M1-M1_vip...,dend_94,0.0012,./grid_batch,grid_search_02837,0.575845,0.5
2838,grid_search_02838,/Users/romanbaravalle/Documents/2026/M1-M1_vip...,dend_95,0.0012,./grid_batch,grid_search_02838,0.419862,0.5
2839,grid_search_02839,/Users/romanbaravalle/Documents/2026/M1-M1_vip...,dend_96,0.0012,./grid_batch,grid_search_02839,0.093158,0.5
2840,grid_search_02840,/Users/romanbaravalle/Documents/2026/M1-M1_vip...,dend_97,0.0012,./grid_batch,grid_search_02840,0.160419,0.5
2841,grid_search_02841,/Users/romanbaravalle/Documents/2026/M1-M1_vip...,dend_98,0.0012,./grid_batch,grid_search_02841,0.553774,0.5
2842,grid_search_02842,/Users/romanbaravalle/Documents/2026/M1-M1_vip...,dend_99,0.0012,./grid_batch,grid_search_02842,0.561651,0.5
2843,grid_search_02843,/Users/romanbaravalle/Documents/2026/M1-M1_vip...,soma,0.0012,./grid_batch,grid_search_02843,0.602816,0.5
2844,grid_search_02844,/Users/romanbaravalle/Documents/2026/M1-M1_vip...,apic_0,0.0013,./grid_batch,grid_search_02844,0.643249,0.5
2845,grid_search_02845,/Users/romanbaravalle/Documents/2026/M1-M1_vip...,apic_1,0.0013,./grid_batch,grid_search_02845,0.616645,0.5
2846,grid_search_02846,/Users/romanbaravalle/Documents/2026/M1-M1_vip...,apic_10,0.0013,./grid_batch,grid_search_02846,0.48968,0.5
2847,grid_search_02847,/Users/romanbaravalle/Documents/2026/M1-M1_vip...,apic_100,0.0013,./grid_batch,grid_search_02847,0.104192,0.5
2848,grid_search_02848,/Users/romanbaravalle/Documents/2026/M1-M1_vip...,apic_101,0.0013,./grid_batch,grid_search_02848,0.100939,0.5
2849,grid_search_02849,/Users/romanbaravalle/Documents/2026/M1-M1_vip...,apic_102,0.0013,./grid_batch,grid_search_02849,0.100939,0.5
2850,grid_search_02850,/Users/romanbaravalle/Documents/2026/M1-M1_vip...,apic_103,0.0013,./grid_batch,grid_search_02850,0.118605,0.5
2851,grid_search_02851,/Users/romanbaravalle/Documents/2026/M1-M1_vip...,apic_104,0.0013,./grid_batch,grid_search_02851,0.122709,0.5
2852,grid_search_02852,/Users/romanbaravalle/Documents/2026/M1-M1_vip...,apic_105,0.0013,./grid_batch,grid_search_02852,0.120762,0.5
2853,grid_search_02853,/Users/romanbaravalle/Documents/2026/M1-M1_vip...,apic_106,0.0013,./grid_batch,grid_search_02853,0.114928,0.5
2854,grid_search_02854,/Users/romanbaravalle/Documents/2026/M1-M1_vip...,apic_107,0.0013,./grid_batch,grid_search_02854,0.095777,0.5
2855,grid_search_02855,/Users/romanbaravalle/Documents/2026/M1-M1_vip...,apic_108,0.0013,./grid_batch,grid_search_02855,0.088581,0.5
2856,grid_search_02856,/Users/romanbaravalle/Documents/2026/M1-M1_vip...,apic_109,0.0013,./grid_batch,grid_search_02856,0.086284,0.5
2857,grid_search_02857,/Users/romanbaravalle/Documents/2026/M1-M1_vip...,apic_11,0.0013,./grid_batch,grid_search_02857,0.490014,0.5
2858,grid_search_02858,/Users/romanbaravalle/Documents/2026/M1-M1_vip...,apic_110,0.0013,./grid_batch,grid_search_02858,0.086284,0.5
2859,grid_search_02859,/Users/romanbaravalle/Documents/2026/M1-M1_vip...,apic_111,0.0013,./grid_batch,grid_search_02859,0.088327,0.5
2860,grid_search_02860,/Users/romanbaravalle/Documents/2026/M1-M1_vip...,apic_112,0.0013,./grid_batch,grid_search_02860,0.119317,0.5
2861,grid_search_02861,/Users/romanbaravalle/Documents/2026/M1-M1_vip...,apic_113,0.0013,./grid_batch,grid_search_02861,0.508401,0.5
2862,grid_search_02862,/Users/romanbaravalle/Documents/2026/M1-M1_vip...,apic_114,0.0013,./grid_batch,grid_search_02862,0.615625,0.5
2863,grid_search_02871,/Users/romanbaravalle/Documents/2026/M1-M1_vip...,apic_122,0.0013,./grid_batch,grid_search_02871,0.585356,0.5
2864,grid_search_02872,/Users/romanbaravalle/Documents/2026/M1-M1_vip...,apic_13,0.0013,./grid_batch,grid_search_02872,0.497938,0.5
2865,grid_search_02873,/Users/romanbaravalle/Documents/2026/M1-M1_vip...,apic_14,0.0013,./grid_batch,grid_search_02873,0.508725,0.5
2866,grid_search_02874,/Users/romanbaravalle/Documents/2026/M1-M1_vip...,apic_15,0.0013,./grid_batch,grid_search_02874,0.485692,0.5
2867,grid_search_02875,/Users/romanbaravalle/Documents/2026/M1-M1_vip...,apic_16,0.0013,./grid_batch,grid_search_02875,0.498257,0.5
2868,grid_search_02876,/Users/romanbaravalle/Documents/2026/M1-M1_vip...,apic_17,0.0013,./grid_batch,grid_search_02876,0.543471,0.5
2869,grid_search_02877,/Users/romanbaravalle/Documents/2026/M1-M1_vip...,apic_18,0.0013,./grid_batch,grid_search_02877,0.501689,0.5
2870,grid_search_02878,/Users/romanbaravalle/Documents/2026/M1-M1_vip...,apic_19,0.0013,./grid_batch,grid_search_02878,0.474231,0.5
2871,grid_search_02879,/Users/romanbaravalle/Documents/2026/M1-M1_vip...,apic_2,0.0013,./grid_batch,grid_search_02879,0.552491,0.5
2872,grid_search_02880,/Users/romanbaravalle/Documents/2026/M1-M1_vip...,apic_20,0.0013,./grid_batch,grid_search_02880,0.47036,0.5
2873,grid_search_02881,/Users/romanbaravalle/Documents/2026/M1-M1_vip...,apic_21,0.0013,./grid_batch,grid_search_02881,0.460048,0.5
2874,grid_search_02882,/Users/romanbaravalle/Documents/2026/M1-M1_vip...,apic_22,0.0013,./grid_batch,grid_search_02882,0.41955,0.5
2875,grid_search_02883,/Users/romanbaravalle/Documents/2026/M1-M1_vip...,apic_23,0.0013,./grid_batch,grid_search_02883,0.424485,0.5
2876,grid_search_02884,/Users/romanbaravalle/Documents/2026/M1-M1_vip...,apic_24,0.0013,./grid_batch,grid_search_02884,0.466044,0.5
2877,grid_search_02885,/Users/romanbaravalle/Documents/2026/M1-M1_vip...,apic_25,0.0013,./grid_batch,grid_search_02885,0.441092,0.5
2878,grid_search_02886,/Users/romanbaravalle/Documents/2026/M1-M1_vip...,apic_26,0.0013,./grid_batch,grid_search_02886,0.436674,0.5
2879,grid_search_02887,/Users/romanbaravalle/Documents/2026/M1-M1_vip...,apic_27,0.0013,./grid_batch,grid_search_02887,0.465388,0.5
2880,grid_search_02888,/Users/romanbaravalle/Documents/2026/M1-M1_vip...,apic_28,0.0013,./grid_batch,grid_search_02888,0.440717,0.5
2881,grid_search_02889,/Users/romanbaravalle/Documents/2026/M1-M1_vip...,apic_29,0.0013,./grid_batch,grid_search_02889,0.440981,0.5
2882,grid_search_02890,/Users/romanbaravalle/Documents/2026/M1-M1_vip...,apic_3,0.0013,./grid_batch,grid_search_02890,0.590578,0.5
2883,grid_search_02891,/Users/romanbaravalle/Documents/2026/M1-M1_vip...,apic_30,0.0013,./grid_batch,grid_search_02891,0.463008,0.5
2884,grid_search_02892,/Users/romanbaravalle/Documents/2026/M1-M1_vip...,apic_31,0.0013,./grid_batch,grid_search_02892,0.441897,0.5
2885,grid_search_02893,/Users/romanbaravalle/Documents/2026/M1-M1_vip...,apic_32,0.0013,./grid_batch,grid_search_02893,0.419724,0.5
2886,grid_search_02894,/Users/romanbaravalle/Documents/2026/M1-M1_vip...,apic_33,0.0013,./grid_batch,grid_search_02894,0.413342,0.5
2887,grid_search_02895,/Users/romanbaravalle/Documents/2026/M1-M1_vip...,apic_34,0.0013,./grid_batch,grid_search_02895,0.431888,0.5
2888,grid_search_02896,/Users/romanbaravalle/Documents/2026/M1-M1_vip...,apic_35,0.0013,./grid_batch,grid_search_02896,0.393699,0.5
2889,grid_search_02897,/Users/romanbaravalle/Documents/2026/M1-M1_vip...,apic_36,0.0013,./grid_batch,grid_search_02897,0.405017,0.5
2890,grid_search_02898,/Users/romanbaravalle/Documents/2026/M1-M1_vip...,apic_37,0.0013,./grid_batch,grid_search_02898,0.364149,0.5
2891,grid_search_02899,/Users/romanbaravalle/Documents/2026/M1-M1_vip...,apic_38,0.0013,./grid_batch,grid_search_02899,0.388099,0.5
2892,grid_search_02900,/Users/romanbaravalle/Documents/2026/M1-M1_vip...,apic_39,0.0013,./grid_batch,grid_search_02900,0.357848,0.5
2893,grid_search_02901,/Users/romanbaravalle/Documents/2026/M1-M1_vip...,apic_4,0.0013,./grid_batch,grid_search_02901,0.520029,0.5
2894,grid_search_02902,/Users/romanbaravalle/Documents/2026/M1-M1_vip...,apic_40,0.0013,./grid_batch,grid_search_02902,0.381864,0.5
2895,grid_search_02903,/Users/romanbaravalle/Documents/2026/M1-M1_vip...,apic_41,0.0013,./grid_batch,grid_search_02903,0.375515,0.5
2896,grid_search_02904,/Users/romanbaravalle/Documents/2026/M1-M1_vip...,apic_42,0.0013,./grid_batch,grid_search_02904,0.368618,0.5
2897,grid_search_02905,/Users/romanbaravalle/Documents/2026/M1-M1_vip...,apic_43,0.0013,./grid_batch,grid_search_02905,0.330836,0.5
2898,grid_search_02906,/Users/romanbaravalle/Documents/2026/M1-M1_vip...,apic_44,0.0013,./grid_batch,grid_search_02906,0.302144,0.5
2899,grid_search_02907,/Users/romanbaravalle/Documents/2026/M1-M1_vip...,apic_45,0.0013,./grid_batch,grid_search_02907,0.302144,0.5
2900,grid_search_02908,/Users/romanbaravalle/Documents/2026/M1-M1_vip...,apic_46,0.0013,./grid_batch,grid_search_02908,0.31728,0.5
2901,grid_search_02909,/Users/romanbaravalle/Documents/2026/M1-M1_vip...,apic_47,0.0013,./grid_batch,grid_search_02909,0.342734,0.5
2902,grid_search_02910,/Users/romanbaravalle/Documents/2026/M1-M1_vip...,apic_48,0.0013,./grid_batch,grid_search_02910,0.286734,0.5
2903,grid_search_02911,/Users/romanbaravalle/Documents/2026/M1-M1_vip...,apic_49,0.0013,./grid_batch,grid_search_02911,0.31275,0.5
2904,grid_search_02912,/Users/romanbaravalle/Documents/2026/M1-M1_vip...,apic_5,0.0013,./grid_batch,grid_search_02912,0.568745,0.5
2905,grid_search_02913,/Users/romanbaravalle/Documents/2026/M1-M1_vip...,apic_50,0.0013,./grid_batch,grid_search_02913,0.312749,0.5
2906,grid_search_02914,/Users/romanbaravalle/Documents/2026/M1-M1_vip...,apic_51,0.0013,./grid_batch,grid_search_02914,0.284049,0.5
2907,grid_search_02915,/Users/romanbaravalle/Documents/2026/M1-M1_vip...,apic_52,0.0013,./grid_batch,grid_search_02915,0.372751,0.5
2908,grid_search_02916,/Users/romanbaravalle/Documents/2026/M1-M1_vip...,apic_53,0.0013,./grid_batch,grid_search_02916,0.352659,0.5
2909,grid_search_02917,/Users/romanbaravalle/Documents/2026/M1-M1_vip...,apic_54,0.0013,./grid_batch,grid_search_02917,0.355465,0.5
2910,grid_search_02918,/Users/romanbaravalle/Documents/2026/M1-M1_vip...,apic_55,0.0013,./grid_batch,grid_search_02918,0.336426,0.5
2911,grid_search_02919,/Users/romanbaravalle/Documents/2026/M1-M1_vip...,apic_56,0.0013,./grid_batch,grid_search_02919,0.324726,0.5
2912,grid_search_02920,/Users/romanbaravalle/Documents/2026/M1-M1_vip...,apic_57,0.0013,./grid_batch,grid_search_02920,0.295331,0.5
2913,grid_search_02921,/Users/romanbaravalle/Documents/2026/M1-M1_vip...,apic_58,0.0013,./grid_batch,grid_search_02921,0.297313,0.5
2914,grid_search_02922,/Users/romanbaravalle/Documents/2026/M1-M1_vip...,apic_59,0.0013,./grid_batch,grid_search_02922,0.323127,0.5
2915,grid_search_02923,/Users/romanbaravalle/Documents/2026/M1-M1_vip...,apic_6,0.0013,./grid_batch,grid_search_02923,0.552877,0.5
2916,grid_search_02924,/Users/romanbaravalle/Documents/2026/M1-M1_vip...,apic_60,0.0013,./grid_batch,grid_search_02924,0.303123,0.5
2917,grid_search_02925,/Users/romanbaravalle/Documents/2026/M1-M1_vip...,apic_61,0.0013,./grid_batch,grid_search_02925,0.310139,0.5
2918,grid_search_02926,/Users/romanbaravalle/Documents/2026/M1-M1_vip...,apic_62,0.0013,./grid_batch,grid_search_02926,0.298842,0.5
2919,grid_search_02927,/Users/romanbaravalle/Documents/2026/M1-M1_vip...,apic_63,0.0013,./grid_batch,grid_search_02927,0.298842,0.5
2920,grid_search_02928,/Users/romanbaravalle/Documents/2026/M1-M1_vip...,apic_64,0.0013,./grid_batch,grid_search_02928,0.334895,0.5
2921,grid_search_02929,/Users/romanbaravalle/Documents/2026/M1-M1_vip...,apic_65,0.0013,./grid_batch,grid_search_02929,0.305585,0.5
2922,grid_search_02930,/Users/romanbaravalle/Documents/2026/M1-M1_vip...,apic_66,0.0013,./grid_batch,grid_search_02930,0.239655,0.5
2923,grid_search_02931,/Users/romanbaravalle/Documents/2026/M1-M1_vip...,apic_67,0.0013,./grid_batch,grid_search_02931,0.163428,0.5
2924,grid_search_02932,/Users/romanbaravalle/Documents/2026/M1-M1_vip...,apic_68,0.0013,./grid_batch,grid_search_02932,0.127681,0.5
2925,grid_search_02933,/Users/romanbaravalle/Documents/2026/M1-M1_vip...,apic_69,0.0013,./grid_batch,grid_search_02933,0.155278,0.5
2926,grid_search_02934,/Users/romanbaravalle/Documents/2026/M1-M1_vip...,apic_7,0.0013,./grid_batch,grid_search_02934,0.534956,0.5
2927,grid_search_02935,/Users/romanbaravalle/Documents/2026/M1-M1_vip...,apic_70,0.0013,./grid_batch,grid_search_02935,0.145989,0.5
2928,grid_search_02936,/Users/romanbaravalle/Documents/2026/M1-M1_vip...,apic_71,0.0013,./grid_batch,grid_search_02936,0.12566,0.5
2929,grid_search_02937,/Users/romanbaravalle/Documents/2026/M1-M1_vip...,apic_72,0.0013,./grid_batch,grid_search_02937,0.115145,0.5
2930,grid_search_02938,/Users/romanbaravalle/Documents/2026/M1-M1_vip...,apic_73,0.0013,./grid_batch,grid_search_02938,0.105017,0.5
2931,grid_search_02939,/Users/romanbaravalle/Documents/2026/M1-M1_vip...,apic_74,0.0013,./grid_batch,grid_search_02939,0.108449,0.5
2932,grid_search_02940,/Users/romanbaravalle/Documents/2026/M1-M1_vip...,apic_75,0.0013,./grid_batch,grid_search_02940,0.111909,0.5
2933,grid_search_02941,/Users/romanbaravalle/Documents/2026/M1-M1_vip...,apic_76,0.0013,./grid_batch,grid_search_02941,0.113364,0.5
2934,grid_search_02942,/Users/romanbaravalle/Documents/2026/M1-M1_vip...,apic_77,0.0013,./grid_batch,grid_search_02942,0.147778,0.5
2935,grid_search_02943,/Users/romanbaravalle/Documents/2026/M1-M1_vip...,apic_78,0.0013,./grid_batch,grid_search_02943,0.119108,0.5
2936,grid_search_02944,/Users/romanbaravalle/Documents/2026/M1-M1_vip...,apic_79,0.0013,./grid_batch,grid_search_02944,0.084703,0.5
2937,grid_search_02945,/Users/romanbaravalle/Documents/2026/M1-M1_vip...,apic_8,0.0013,./grid_batch,grid_search_02945,0.519182,0.5
2938,grid_search_02946,/Users/romanbaravalle/Documents/2026/M1-M1_vip...,apic_80,0.0013,./grid_batch,grid_search_02946,0.094986,0.5
2939,grid_search_02947,/Users/romanbaravalle/Documents/2026/M1-M1_vip...,apic_81,0.0013,./grid_batch,grid_search_02947,0.08551,0.5
2940,grid_search_02948,/Users/romanbaravalle/Documents/2026/M1-M1_vip...,apic_82,0.0013,./grid_batch,grid_search_02948,0.080291,0.5
2941,grid_search_02949,/Users/romanbaravalle/Documents/2026/M1-M1_vip...,apic_83,0.0013,./grid_batch,grid_search_02949,0.126044,0.5
2942,grid_search_02950,/Users/romanbaravalle/Documents/2026/M1-M1_vip...,apic_84,0.0013,./grid_batch,grid_search_02950,0.100871,0.5
2943,grid_search_02951,/Users/romanbaravalle/Documents/2026/M1-M1_vip...,apic_85,0.0013,./grid_batch,grid_search_02951,0.093673,0.5
2944,grid_search_02952,/Users/romanbaravalle/Documents/2026/M1-M1_vip...,apic_86,0.0013,./grid_batch,grid_search_02952,0.079926,0.5
2945,grid_search_02953,/Users/romanbaravalle/Documents/2026/M1-M1_vip...,apic_87,0.0013,./grid_batch,grid_search_02953,0.072719,0.5
2946,grid_search_02954,/Users/romanbaravalle/Documents/2026/M1-M1_vip...,apic_88,0.0013,./grid_batch,grid_search_02954,0.06711,0.5
2947,grid_search_02955,/Users/romanbaravalle/Documents/2026/M1-M1_vip...,apic_89,0.0013,./grid_batch,grid_search_02955,0.066681,0.5
2948,grid_search_02956,/Users/romanbaravalle/Documents/2026/M1-M1_vip...,apic_9,0.0013,./grid_batch,grid_search_02956,0.480143,0.5
2949,grid_search_02957,/Users/romanbaravalle/Documents/2026/M1-M1_vip...,apic_90,0.0013,./grid_batch,grid_search_02957,0.066738,0.5
2950,grid_search_02958,/Users/romanbaravalle/Documents/2026/M1-M1_vip...,apic_91,0.0013,./grid_batch,grid_search_02958,0.066789,0.5
2951,grid_search_02959,/Users/romanbaravalle/Documents/2026/M1-M1_vip...,apic_92,0.0013,./grid_batch,grid_search_02959,0.07699,0.5
2952,grid_search_02960,/Users/romanbaravalle/Documents/2026/M1-M1_vip...,apic_93,0.0013,./grid_batch,grid_search_02960,0.066128,0.5
2953,grid_search_02961,/Users/romanbaravalle/Documents/2026/M1-M1_vip...,apic_94,0.0013,./grid_batch,grid_search_02961,0.06557,0.5
2954,grid_search_02962,/Users/romanbaravalle/Documents/2026/M1-M1_vip...,apic_95,0.0013,./grid_batch,grid_search_02962,0.086605,0.5
2955,grid_search_02963,/Users/romanbaravalle/Documents/2026/M1-M1_vip...,apic_96,0.0013,./grid_batch,grid_search_02963,0.081317,0.5
2956,grid_search_02964,/Users/romanbaravalle/Documents/2026/M1-M1_vip...,apic_97,0.0013,./grid_batch,grid_search_02964,0.081505,0.5
2957,grid_search_02965,/Users/romanbaravalle/Documents/2026/M1-M1_vip...,apic_98,0.0013,./grid_batch,grid_search_02965,0.142181,0.5
2958,grid_search_02966,/Users/romanbaravalle/Documents/2026/M1-M1_vip...,apic_99,0.0013,./grid_batch,grid_search_02966,0.121167,0.5
2959,grid_search_02967,/Users/romanbaravalle/Documents/2026/M1-M1_vip...,dend_0,0.0013,./grid_batch,grid_search_02967,0.632222,0.5
2960,grid_search_02968,/Users/romanbaravalle/Documents/2026/M1-M1_vip...,dend_1,0.0013,./grid_batch,grid_search_02968,0.604531,0.5
2961,grid_search_02969,/Users/romanbaravalle/Documents/2026/M1-M1_vip...,dend_10,0.0013,./grid_batch,grid_search_02969,0.647924,0.5
2962,grid_search_02970,/Users/romanbaravalle/Documents/2026/M1-M1_vip...,dend_100,0.0013,./grid_batch,grid_search_02970,0.628002,0.5
2963,grid_search_02971,/Users/romanbaravalle/Documents/2026/M1-M1_vip...,dend_101,0.0013,./grid_batch,grid_search_02971,0.605423,0.5
2964,grid_search_02972,/Users/romanbaravalle/Documents/2026/M1-M1_vip...,dend_102,0.0013,./grid_batch,grid_search_02972,0.570443,0.5
2965,grid_search_02973,/Users/romanbaravalle/Documents/2026/M1-M1_vip...,dend_103,0.0013,./grid_batch,grid_search_02973,0.594202,0.5
2966,grid_search_02974,/Users/romanbaravalle/Documents/2026/M1-M1_vip...,dend_104,0.0013,./grid_batch,grid_search_02974,0.62175,0.5
2967,grid_search_02975,/Users/romanbaravalle/Documents/2026/M1-M1_vip...,dend_105,0.0013,./grid_batch,grid_search_02975,0.538978,0.5
2968,grid_search_02976,/Users/romanbaravalle/Documents/2026/M1-M1_vip...,dend_106,0.0013,./grid_batch,grid_search_02976,0.532508,0.5
2969,grid_search_02977,/Users/romanbaravalle/Documents/2026/M1-M1_vip...,dend_107,0.0013,./grid_batch,grid_search_02977,0.514656,0.5
2970,grid_search_02978,/Users/romanbaravalle/Documents/2026/M1-M1_vip...,dend_108,0.0013,./grid_batch,grid_search_02978,0.618875,0.5
2971,grid_search_02979,/Users/romanbaravalle/Documents/2026/M1-M1_vip...,dend_109,0.0013,./grid_batch,grid_search_02979,0.521651,0.5
2972,grid_search_02980,/Users/romanbaravalle/Documents/2026/M1-M1_vip...,dend_11,0.0013,./grid_batch,grid_search_02980,0.607913,0.5
2973,grid_search_02981,/Users/romanbaravalle/Documents/2026/M1-M1_vip...,dend_110,0.0013,./grid_batch,grid_search_02981,0.602098,0.5
2974,grid_search_02982,/Users/romanbaravalle/Documents/2026/M1-M1_vip...,dend_111,0.0013,./grid_batch,grid_search_02982,0.489953,0.5
2975,grid_search_02983,/Users/romanbaravalle/Documents/2026/M1-M1_vip...,dend_112,0.0013,./grid_batch,grid_search_02983,0.488104,0.5
2976,grid_search_02984,/Users/romanbaravalle/Documents/2026/M1-M1_vip...,dend_12,0.0013,./grid_batch,grid_search_02984,0.641896,0.5
2977,grid_search_02985,/Users/romanbaravalle/Documents/2026/M1-M1_vip...,dend_13,0.0013,./grid_batch,grid_search_02985,0.636204,0.5
2978,grid_search_02986,/Users/romanbaravalle/Documents/2026/M1-M1_vip...,dend_14,0.0013,./grid_batch,grid_search_02986,0.581241,0.5
2979,grid_search_02987,/Users/romanbaravalle/Documents/2026/M1-M1_vip...,dend_15,0.0013,./grid_batch,grid_search_02987,0.611376,0.5
2980,grid_search_02988,/Users/romanbaravalle/Documents/2026/M1-M1_vip...,dend_16,0.0013,./grid_batch,grid_search_02988,0.603599,0.5
2981,grid_search_02989,/Users/romanbaravalle/Documents/2026/M1-M1_vip...,dend_17,0.0013,./grid_batch,grid_search_02989,0.648477,0.5
2982,grid_search_02990,/Users/romanbaravalle/Documents/2026/M1-M1_vip...,dend_18,0.0013,./grid_batch,grid_search_02990,0.628803,0.5
2983,grid_search_02991,/Users/romanbaravalle/Documents/2026/M1-M1_vip...,dend_19,0.0013,./grid_batch,grid_search_02991,0.612691,0.5
2984,grid_search_02992,/Users/romanbaravalle/Documents/2026/M1-M1_vip...,dend_2,0.0013,./grid_batch,grid_search_02992,0.60015,0.5
2985,grid_search_02993,/Users/romanbaravalle/Documents/2026/M1-M1_vip...,dend_20,0.0013,./grid_batch,grid_search_02993,0.601311,0.5
2986,grid_search_02994,/Users/romanbaravalle/Documents/2026/M1-M1_vip...,dend_21,0.0013,./grid_batch,grid_search_02994,0.576699,0.5
2987,grid_search_02995,/Users/romanbaravalle/Documents/2026/M1-M1_vip...,dend_22,0.0013,./grid_batch,grid_search_02995,0.577598,0.5
2988,grid_search_02996,/Users/romanbaravalle/Documents/2026/M1-M1_vip...,dend_23,0.0013,./grid_batch,grid_search_02996,0.6008,0.5
2989,grid_search_02997,/Users/romanbaravalle/Documents/2026/M1-M1_vip...,dend_24,0.0013,./grid_batch,grid_search_02997,0.577848,0.5
2990,grid_search_02998,/Users/romanbaravalle/Documents/2026/M1-M1_vip...,dend_25,0.0013,./grid_batch,grid_search_02998,0.566288,0.5
2991,grid_search_02999,/Users/romanbaravalle/Documents/2026/M1-M1_vip...,dend_26,0.0013,./grid_batch,grid_search_02999,0.611817,0.5
2992,grid_search_03000,/Users/romanbaravalle/Documents/2026/M1-M1_vip...,dend_27,0.0013,./grid_batch,grid_search_03000,0.575169,0.5
2993,grid_search_03001,/Users/romanbaravalle/Documents/2026/M1-M1_vip...,dend_28,0.0013,./grid_batch,grid_search_03001,0.590951,0.5
2994,grid_search_03002,/Users/romanbaravalle/Documents/2026/M1-M1_vip...,dend_29,0.0013,./grid_batch,grid_search_03002,0.636675,0.5
2995,grid_search_03003,/Users/romanbaravalle/Documents/2026/M1-M1_vip...,dend_3,0.0013,./grid_batch,grid_search_03003,0.650791,0.5
2996,grid_search_03004,/Users/romanbaravalle/Documents/2026/M1-M1_vip...,dend_30,0.0013,./grid_batch,grid_search_03004,0.606418,0.5
2997,grid_search_03005,/Users/romanbaravalle/Documents/2026/M1-M1_vip...,dend_31,0.0013,./grid_batch,grid_search_03005,0.581986,0.5
2998,grid_search_03006,/Users/romanbaravalle/Documents/2026/M1-M1_vip...,dend_32,0.0013,./grid_batch,grid_search_03006,0.626044,0.5
2999,grid_search_03007,/Users/romanbaravalle/Documents/2026/M1-M1_vip...,dend_33,0.0013,./grid_batch,grid_search_03007,0.598055,0.5
3000,grid_search_03008,/Users/romanbaravalle/Documents/2026/M1-M1_vip...,dend_34,0.0013,./grid_batch,grid_search_03008,0.587896,0.5
3001,grid_search_03009,/Users/romanbaravalle/Documents/2026/M1-M1_vip...,dend_35,0.0013,./grid_batch,grid_search_03009,0.584415,0.5
3002,grid_search_03010,/Users/romanbaravalle/Documents/2026/M1-M1_vip...,dend_36,0.0013,./grid_batch,grid_search_03010,0.550351,0.5
3003,grid_search_03011,/Users/romanbaravalle/Documents/2026/M1-M1_vip...,dend_37,0.0013,./grid_batch,grid_search_03011,0.542983,0.5
3004,grid_search_03012,/Users/romanbaravalle/Documents/2026/M1-M1_vip...,dend_38,0.0013,./grid_batch,grid_search_03012,0.584352,0.5
3005,grid_search_03013,/Users/romanbaravalle/Documents/2026/M1-M1_vip...,dend_39,0.0013,./grid_batch,grid_search_03013,0.571707,0.5
3006,grid_search_03014,/Users/romanbaravalle/Documents/2026/M1-M1_vip...,dend_4,0.0013,./grid_batch,grid_search_03014,0.642418,0.5
3007,grid_search_03015,/Users/romanbaravalle/Documents/2026/M1-M1_vip...,dend_40,0.0013,./grid_batch,grid_search_03015,0.562491,0.5
3008,grid_search_03016,/Users/romanbaravalle/Documents/2026/M1-M1_vip...,dend_41,0.0013,./grid_batch,grid_search_03016,0.524749,0.5
3009,grid_search_03017,/Users/romanbaravalle/Documents/2026/M1-M1_vip...,dend_42,0.0013,./grid_batch,grid_search_03017,0.556643,0.5
3010,grid_search_03018,/Users/romanbaravalle/Documents/2026/M1-M1_vip...,dend_43,0.0013,./grid_batch,grid_search_03018,0.525914,0.5
3011,grid_search_03019,/Users/romanbaravalle/Documents/2026/M1-M1_vip...,dend_44,0.0013,./grid_batch,grid_search_03019,0.534841,0.5
3012,grid_search_03020,/Users/romanbaravalle/Documents/2026/M1-M1_vip...,dend_45,0.0013,./grid_batch,grid_search_03020,0.537445,0.5
3013,grid_search_03021,/Users/romanbaravalle/Documents/2026/M1-M1_vip...,dend_46,0.0013,./grid_batch,grid_search_03021,0.575778,0.5
3014,grid_search_03022,/Users/romanbaravalle/Documents/2026/M1-M1_vip...,dend_47,0.0013,./grid_batch,grid_search_03022,0.545056,0.5
3015,grid_search_03023,/Users/romanbaravalle/Documents/2026/M1-M1_vip...,dend_48,0.0013,./grid_batch,grid_search_03023,0.565757,0.5
3016,grid_search_03024,/Users/romanbaravalle/Documents/2026/M1-M1_vip...,dend_49,0.0013,./grid_batch,grid_search_03024,0.532301,0.5
3017,grid_search_03025,/Users/romanbaravalle/Documents/2026/M1-M1_vip...,dend_5,0.0013,./grid_batch,grid_search_03025,0.502954,0.5
3018,grid_search_03026,/Users/romanbaravalle/Documents/2026/M1-M1_vip...,dend_50,0.0013,./grid_batch,grid_search_03026,0.536695,0.5
3019,grid_search_03027,/Users/romanbaravalle/Documents/2026/M1-M1_vip...,dend_51,0.0013,./grid_batch,grid_search_03027,0.587251,0.5
3020,grid_search_03028,/Users/romanbaravalle/Documents/2026/M1-M1_vip...,dend_52,0.0013,./grid_batch,grid_search_03028,0.581467,0.5
3021,grid_search_03029,/Users/romanbaravalle/Documents/2026/M1-M1_vip...,dend_53,0.0013,./grid_batch,grid_search_03029,0.547357,0.5
3022,grid_search_03030,/Users/romanbaravalle/Documents/2026/M1-M1_vip...,dend_54,0.0013,./grid_batch,grid_search_03030,0.547096,0.5
3023,grid_search_03031,/Users/romanbaravalle/Documents/2026/M1-M1_vip...,dend_55,0.0013,./grid_batch,grid_search_03031,0.550541,0.5
3024,grid_search_03032,/Users/romanbaravalle/Documents/2026/M1-M1_vip...,dend_56,0.0013,./grid_batch,grid_search_03032,0.573888,0.5
3025,grid_search_03033,/Users/romanbaravalle/Documents/2026/M1-M1_vip...,dend_57,0.0013,./grid_batch,grid_search_03033,0.651643,0.5
3026,grid_search_03034,/Users/romanbaravalle/Documents/2026/M1-M1_vip...,dend_58,0.0013,./grid_batch,grid_search_03034,0.627865,0.5
3027,grid_search_03035,/Users/romanbaravalle/Documents/2026/M1-M1_vip...,dend_59,0.0013,./grid_batch,grid_search_03035,0.611071,0.5
3028,grid_search_03036,/Users/romanbaravalle/Documents/2026/M1-M1_vip...,dend_6,0.0013,./grid_batch,grid_search_03036,0.313776,0.5
3029,grid_search_03037,/Users/romanbaravalle/Documents/2026/M1-M1_vip...,dend_60,0.0013,./grid_batch,grid_search_03037,0.644288,0.5
3030,grid_search_03038,/Users/romanbaravalle/Documents/2026/M1-M1_vip...,dend_61,0.0013,./grid_batch,grid_search_03038,0.620553,0.5
3031,grid_search_03039,/Users/romanbaravalle/Documents/2026/M1-M1_vip...,dend_62,0.0013,./grid_batch,grid_search_03039,0.620208,0.5
3032,grid_search_03040,/Users/romanbaravalle/Documents/2026/M1-M1_vip...,dend_63,0.0013,./grid_batch,grid_search_03040,0.646096,0.5
3033,grid_search_03041,/Users/romanbaravalle/Documents/2026/M1-M1_vip...,dend_64,0.0013,./grid_batch,grid_search_03041,0.635457,0.5
3034,grid_search_03042,/Users/romanbaravalle/Documents/2026/M1-M1_vip...,dend_65,0.0013,./grid_batch,grid_search_03042,0.614673,0.5
3035,grid_search_03043,/Users/romanbaravalle/Documents/2026/M1-M1_vip...,dend_66,0.0013,./grid_batch,grid_search_03043,0.616545,0.5
3036,grid_search_03044,/Users/romanbaravalle/Documents/2026/M1-M1_vip...,dend_67,0.0013,./grid_batch,grid_search_03044,0.612627,0.5
3037,grid_search_03045,/Users/romanbaravalle/Documents/2026/M1-M1_vip...,dend_68,0.0013,./grid_batch,grid_search_03045,0.644543,0.5
3038,grid_search_03046,/Users/romanbaravalle/Documents/2026/M1-M1_vip...,dend_69,0.0013,./grid_batch,grid_search_03046,0.6272,0.5
3039,grid_search_03047,/Users/romanbaravalle/Documents/2026/M1-M1_vip...,dend_7,0.0013,./grid_batch,grid_search_03047,0.644201,0.5
3040,grid_search_03048,/Users/romanbaravalle/Documents/2026/M1-M1_vip...,dend_70,0.0013,./grid_batch,grid_search_03048,0.593666,0.5
3041,grid_search_03049,/Users/romanbaravalle/Documents/2026/M1-M1_vip...,dend_71,0.0013,./grid_batch,grid_search_03049,0.486856,0.5
3042,grid_search_03050,/Users/romanbaravalle/Documents/2026/M1-M1_vip...,dend_72,0.0013,./grid_batch,grid_search_03050,0.576932,0.5
3043,grid_search_03051,/Users/romanbaravalle/Documents/2026/M1-M1_vip...,dend_73,0.0013,./grid_batch,grid_search_03051,0.648295,0.5
3044,grid_search_03052,/Users/romanbaravalle/Documents/2026/M1-M1_vip...,dend_74,0.0013,./grid_batch,grid_search_03052,0.63578,0.5
3045,grid_search_03053,/Users/romanbaravalle/Documents/2026/M1-M1_vip...,dend_75,0.0013,./grid_batch,grid_search_03053,0.623329,0.5
3046,grid_search_03054,/Users/romanbaravalle/Documents/2026/M1-M1_vip...,dend_76,0.0013,./grid_batch,grid_search_03054,0.590003,0.5
3047,grid_search_03055,/Users/romanbaravalle/Documents/2026/M1-M1_vip...,dend_77,0.0013,./grid_batch,grid_search_03055,0.614359,0.5
3048,grid_search_03056,/Users/romanbaravalle/Documents/2026/M1-M1_vip...,dend_78,0.0013,./grid_batch,grid_search_03056,0.5881,0.5
3049,grid_search_03057,/Users/romanbaravalle/Documents/2026/M1-M1_vip...,dend_79,0.0013,./grid_batch,grid_search_03057,0.610485,0.5
3050,grid_search_03058,/Users/romanbaravalle/Documents/2026/M1-M1_vip...,dend_8,0.0013,./grid_batch,grid_search_03058,0.608979,0.5
3051,grid_search_03059,/Users/romanbaravalle/Documents/2026/M1-M1_vip...,dend_80,0.0013,./grid_batch,grid_search_03059,0.627822,0.5
3052,grid_search_03060,/Users/romanbaravalle/Documents/2026/M1-M1_vip...,dend_81,0.0013,./grid_batch,grid_search_03060,0.587031,0.5
3053,grid_search_03061,/Users/romanbaravalle/Documents/2026/M1-M1_vip...,dend_82,0.0013,./grid_batch,grid_search_03061,0.611291,0.5
3054,grid_search_03062,/Users/romanbaravalle/Documents/2026/M1-M1_vip...,dend_83,0.0013,./grid_batch,grid_search_03062,0.597193,0.5
3055,grid_search_03063,/Users/romanbaravalle/Documents/2026/M1-M1_vip...,dend_84,0.0013,./grid_batch,grid_search_03063,0.581187,0.5
3056,grid_search_03064,/Users/romanbaravalle/Documents/2026/M1-M1_vip...,dend_85,0.0013,./grid_batch,grid_search_03064,0.558622,0.5
3057,grid_search_03065,/Users/romanbaravalle/Documents/2026/M1-M1_vip...,dend_86,0.0013,./grid_batch,grid_search_03065,0.55578,0.5
3058,grid_search_03066,/Users/romanbaravalle/Documents/2026/M1-M1_vip...,dend_87,0.0013,./grid_batch,grid_search_03066,0.642855,0.5
3059,grid_search_03067,/Users/romanbaravalle/Documents/2026/M1-M1_vip...,dend_88,0.0013,./grid_batch,grid_search_03067,0.625064,0.5
3060,grid_search_03068,/Users/romanbaravalle/Documents/2026/M1-M1_vip...,dend_89,0.0013,./grid_batch,grid_search_03068,0.546889,0.5
3061,grid_search_03069,/Users/romanbaravalle/Documents/2026/M1-M1_vip...,dend_9,0.0013,./grid_batch,grid_search_03069,0.591039,0.5
3062,grid_search_03070,/Users/romanbaravalle/Documents/2026/M1-M1_vip...,dend_90,0.0013,./grid_batch,grid_search_03070,0.587619,0.5
3063,grid_search_03071,/Users/romanbaravalle/Documents/2026/M1-M1_vip...,dend_91,0.0013,./grid_batch,grid_search_03071,0.485163,0.5
3064,grid_search_03072,/Users/romanbaravalle/Documents/2026/M1-M1_vip...,dend_92,0.0013,./grid_batch,grid_search_03072,0.47996,0.5
3065,grid_search_03073,/Users/romanbaravalle/Documents/2026/M1-M1_vip...,dend_93,0.0013,./grid_batch,grid_search_03073,0.639131,0.5
3066,grid_search_03074,/Users/romanbaravalle/Documents/2026/M1-M1_vip...,dend_94,0.0013,./grid_batch,grid_search_03074,0.622201,0.5
3067,grid_search_03075,/Users/romanbaravalle/Documents/2026/M1-M1_vip...,dend_95,0.0013,./grid_batch,grid_search_03075,0.425908,0.5
3068,grid_search_03076,/Users/romanbaravalle/Documents/2026/M1-M1_vip...,dend_96,0.0013,./grid_batch,grid_search_03076,0.09325,0.5
3069,grid_search_03077,/Users/romanbaravalle/Documents/2026/M1-M1_vip...,dend_97,0.0013,./grid_batch,grid_search_03077,0.160392,0.5
3070,grid_search_03078,/Users/romanbaravalle/Documents/2026/M1-M1_vip...,dend_98,0.0013,./grid_batch,grid_search_03078,0.596709,0.5
3071,grid_search_03079,/Users/romanbaravalle/Documents/2026/M1-M1_vip...,dend_99,0.0013,./grid_batch,grid_search_03079,0.606025,0.5
3072,grid_search_03080,/Users/romanbaravalle/Documents/2026/M1-M1_vip...,soma,0.0013,./grid_batch,grid_search_03080,0.652679,0.5
3073,grid_search_03081,/Users/romanbaravalle/Documents/2026/M1-M1_vip...,apic_0,0.0014,./grid_batch,grid_search_03081,0.69233,0.5
3074,grid_search_03082,/Users/romanbaravalle/Documents/2026/M1-M1_vip...,apic_1,0.0014,./grid_batch,grid_search_03082,0.663674,0.5
3075,grid_search_03083,/Users/romanbaravalle/Documents/2026/M1-M1_vip...,apic_10,0.0014,./grid_batch,grid_search_03083,0.524249,0.5
3076,grid_search_03084,/Users/romanbaravalle/Documents/2026/M1-M1_vip...,apic_100,0.0014,./grid_batch,grid_search_03084,0.112951,0.5
3077,grid_search_03085,/Users/romanbaravalle/Documents/2026/M1-M1_vip...,apic_101,0.0014,./grid_batch,grid_search_03085,0.110649,0.5
3078,grid_search_03086,/Users/romanbaravalle/Documents/2026/M1-M1_vip...,apic_102,0.0014,./grid_batch,grid_search_03086,0.110649,0.5
3079,grid_search_03087,/Users/romanbaravalle/Documents/2026/M1-M1_vip...,apic_103,0.0014,./grid_batch,grid_search_03087,0.127666,0.5
3080,grid_search_03088,/Users/romanbaravalle/Documents/2026/M1-M1_vip...,apic_104,0.0014,./grid_batch,grid_search_03088,0.13214,0.5
3081,grid_search_03089,/Users/romanbaravalle/Documents/2026/M1-M1_vip...,apic_105,0.0014,./grid_batch,grid_search_03089,0.130036,0.5
3082,grid_search_03090,/Users/romanbaravalle/Documents/2026/M1-M1_vip...,apic_106,0.0014,./grid_batch,grid_search_03090,0.123636,0.5
3083,grid_search_03091,/Users/romanbaravalle/Documents/2026/M1-M1_vip...,apic_107,0.0014,./grid_batch,grid_search_03091,0.103613,0.5
3084,grid_search_03092,/Users/romanbaravalle/Documents/2026/M1-M1_vip...,apic_108,0.0014,./grid_batch,grid_search_03092,0.102396,0.5
3085,grid_search_03093,/Users/romanbaravalle/Documents/2026/M1-M1_vip...,apic_109,0.0014,./grid_batch,grid_search_03093,0.098588,0.5
3086,grid_search_03094,/Users/romanbaravalle/Documents/2026/M1-M1_vip...,apic_11,0.0014,./grid_batch,grid_search_03094,0.524618,0.5
3087,grid_search_03095,/Users/romanbaravalle/Documents/2026/M1-M1_vip...,apic_110,0.0014,./grid_batch,grid_search_03095,0.098588,0.5
3088,grid_search_03096,/Users/romanbaravalle/Documents/2026/M1-M1_vip...,apic_111,0.0014,./grid_batch,grid_search_03096,0.101486,0.5
3089,grid_search_03097,/Users/romanbaravalle/Documents/2026/M1-M1_vip...,apic_112,0.0014,./grid_batch,grid_search_03097,0.128375,0.5
3090,grid_search_03098,/Users/romanbaravalle/Documents/2026/M1-M1_vip...,apic_113,0.0014,./grid_batch,grid_search_03098,0.545884,0.5
3091,grid_search_03099,/Users/romanbaravalle/Documents/2026/M1-M1_vip...,apic_114,0.0014,./grid_batch,grid_search_03099,0.662298,0.5
3092,grid_search_03100,/Users/romanbaravalle/Documents/2026/M1-M1_vip...,apic_115,0.0014,./grid_batch,grid_search_03100,0.646909,0.5
3093,grid_search_03101,/Users/romanbaravalle/Documents/2026/M1-M1_vip...,apic_116,0.0014,./grid_batch,grid_search_03101,0.644025,0.5
3094,grid_search_03102,/Users/romanbaravalle/Documents/2026/M1-M1_vip...,apic_117,0.0014,./grid_batch,grid_search_03102,0.636545,0.5
3095,grid_search_03103,/Users/romanbaravalle/Documents/2026/M1-M1_vip...,apic_118,0.0014,./grid_batch,grid_search_03103,0.58373,0.5
3096,grid_search_03104,/Users/romanbaravalle/Documents/2026/M1-M1_vip...,apic_119,0.0014,./grid_batch,grid_search_03104,0.578028,0.5
3097,grid_search_03105,/Users/romanbaravalle/Documents/2026/M1-M1_vip...,apic_12,0.0014,./grid_batch,grid_search_03105,0.565084,0.5
3098,grid_search_03106,/Users/romanbaravalle/Documents/2026/M1-M1_vip...,apic_120,0.0014,./grid_batch,grid_search_03106,0.601548,0.5
3099,grid_search_03107,/Users/romanbaravalle/Documents/2026/M1-M1_vip...,apic_121,0.0014,./grid_batch,grid_search_03107,0.608714,0.5
3100,grid_search_03108,/Users/romanbaravalle/Documents/2026/M1-M1_vip...,apic_122,0.0014,./grid_batch,grid_search_03108,0.628331,0.5
3101,grid_search_03109,/Users/romanbaravalle/Documents/2026/M1-M1_vip...,apic_13,0.0014,./grid_batch,grid_search_03109,0.533436,0.5
3102,grid_search_03110,/Users/romanbaravalle/Documents/2026/M1-M1_vip...,apic_14,0.0014,./grid_batch,grid_search_03110,0.545693,0.5
3103,grid_search_03111,/Users/romanbaravalle/Documents/2026/M1-M1_vip...,apic_15,0.0014,./grid_batch,grid_search_03111,0.519877,0.5
3104,grid_search_03112,/Users/romanbaravalle/Documents/2026/M1-M1_vip...,apic_16,0.0014,./grid_batch,grid_search_03112,0.533846,0.5
3105,grid_search_03113,/Users/romanbaravalle/Documents/2026/M1-M1_vip...,apic_17,0.0014,./grid_batch,grid_search_03113,0.584865,0.5
3106,grid_search_03114,/Users/romanbaravalle/Documents/2026/M1-M1_vip...,apic_18,0.0014,./grid_batch,grid_search_03114,0.539881,0.5
3107,grid_search_03115,/Users/romanbaravalle/Documents/2026/M1-M1_vip...,apic_19,0.0014,./grid_batch,grid_search_03115,0.510302,0.5
3108,grid_search_03116,/Users/romanbaravalle/Documents/2026/M1-M1_vip...,apic_2,0.0014,./grid_batch,grid_search_03116,0.592422,0.5
3109,grid_search_03117,/Users/romanbaravalle/Documents/2026/M1-M1_vip...,apic_20,0.0014,./grid_batch,grid_search_03117,0.506073,0.5
3110,grid_search_03118,/Users/romanbaravalle/Documents/2026/M1-M1_vip...,apic_21,0.0014,./grid_batch,grid_search_03118,0.494613,0.5
3111,grid_search_03119,/Users/romanbaravalle/Documents/2026/M1-M1_vip...,apic_22,0.0014,./grid_batch,grid_search_03119,0.449632,0.5
3112,grid_search_03120,/Users/romanbaravalle/Documents/2026/M1-M1_vip...,apic_23,0.0014,./grid_batch,grid_search_03120,0.454731,0.5
3113,grid_search_03121,/Users/romanbaravalle/Documents/2026/M1-M1_vip...,apic_24,0.0014,./grid_batch,grid_search_03121,0.501282,0.5
3114,grid_search_03122,/Users/romanbaravalle/Documents/2026/M1-M1_vip...,apic_25,0.0014,./grid_batch,grid_search_03122,0.473264,0.5
3115,grid_search_03123,/Users/romanbaravalle/Documents/2026/M1-M1_vip...,apic_26,0.0014,./grid_batch,grid_search_03123,0.468421,0.5
3116,grid_search_03124,/Users/romanbaravalle/Documents/2026/M1-M1_vip...,apic_27,0.0014,./grid_batch,grid_search_03124,0.500511,0.5
3117,grid_search_03125,/Users/romanbaravalle/Documents/2026/M1-M1_vip...,apic_28,0.0014,./grid_batch,grid_search_03125,0.472806,0.5
3118,grid_search_03126,/Users/romanbaravalle/Documents/2026/M1-M1_vip...,apic_29,0.0014,./grid_batch,grid_search_03126,0.473092,0.5
3119,grid_search_03127,/Users/romanbaravalle/Documents/2026/M1-M1_vip...,apic_3,0.0014,./grid_batch,grid_search_03127,0.635596,0.5
3120,grid_search_03128,/Users/romanbaravalle/Documents/2026/M1-M1_vip...,apic_30,0.0014,./grid_batch,grid_search_03128,0.498246,0.5
3121,grid_search_03129,/Users/romanbaravalle/Documents/2026/M1-M1_vip...,apic_31,0.0014,./grid_batch,grid_search_03129,0.475233,0.5
3122,grid_search_03130,/Users/romanbaravalle/Documents/2026/M1-M1_vip...,apic_32,0.0014,./grid_batch,grid_search_03130,0.450244,0.5
3123,grid_search_03131,/Users/romanbaravalle/Documents/2026/M1-M1_vip...,apic_33,0.0014,./grid_batch,grid_search_03131,0.443181,0.5
3124,grid_search_03132,/Users/romanbaravalle/Documents/2026/M1-M1_vip...,apic_34,0.0014,./grid_batch,grid_search_03132,0.464737,0.5
3125,grid_search_03133,/Users/romanbaravalle/Documents/2026/M1-M1_vip...,apic_35,0.0014,./grid_batch,grid_search_03133,0.422638,0.5
3126,grid_search_03134,/Users/romanbaravalle/Documents/2026/M1-M1_vip...,apic_36,0.0014,./grid_batch,grid_search_03134,0.435814,0.5
3127,grid_search_03135,/Users/romanbaravalle/Documents/2026/M1-M1_vip...,apic_37,0.0014,./grid_batch,grid_search_03135,0.390662,0.5
3128,grid_search_03136,/Users/romanbaravalle/Documents/2026/M1-M1_vip...,apic_38,0.0014,./grid_batch,grid_search_03136,0.417609,0.5
3129,grid_search_03137,/Users/romanbaravalle/Documents/2026/M1-M1_vip...,apic_39,0.0014,./grid_batch,grid_search_03137,0.383668,0.5
3130,grid_search_03138,/Users/romanbaravalle/Documents/2026/M1-M1_vip...,apic_4,0.0014,./grid_batch,grid_search_03138,0.557077,0.5
3131,grid_search_03139,/Users/romanbaravalle/Documents/2026/M1-M1_vip...,apic_40,0.0014,./grid_batch,grid_search_03139,0.410899,0.5
3132,grid_search_03140,/Users/romanbaravalle/Documents/2026/M1-M1_vip...,apic_41,0.0014,./grid_batch,grid_search_03140,0.404002,0.5
3133,grid_search_03141,/Users/romanbaravalle/Documents/2026/M1-M1_vip...,apic_42,0.0014,./grid_batch,grid_search_03141,0.396304,0.5
3134,grid_search_03142,/Users/romanbaravalle/Documents/2026/M1-M1_vip...,apic_43,0.0014,./grid_batch,grid_search_03142,0.354167,0.5
3135,grid_search_03143,/Users/romanbaravalle/Documents/2026/M1-M1_vip...,apic_44,0.0014,./grid_batch,grid_search_03143,0.322632,0.5
3136,grid_search_03144,/Users/romanbaravalle/Documents/2026/M1-M1_vip...,apic_45,0.0014,./grid_batch,grid_search_03144,0.322632,0.5
3137,grid_search_03145,/Users/romanbaravalle/Documents/2026/M1-M1_vip...,apic_46,0.0014,./grid_batch,grid_search_03145,0.339184,0.5
3138,grid_search_03146,/Users/romanbaravalle/Documents/2026/M1-M1_vip...,apic_47,0.0014,./grid_batch,grid_search_03146,0.367239,0.5
3139,grid_search_03147,/Users/romanbaravalle/Documents/2026/M1-M1_vip...,apic_48,0.0014,./grid_batch,grid_search_03147,0.306826,0.5
3140,grid_search_03148,/Users/romanbaravalle/Documents/2026/M1-M1_vip...,apic_49,0.0014,./grid_batch,grid_search_03148,0.352398,0.5
3141,grid_search_03149,/Users/romanbaravalle/Documents/2026/M1-M1_vip...,apic_5,0.0014,./grid_batch,grid_search_03149,0.612084,0.5
3142,grid_search_03150,/Users/romanbaravalle/Documents/2026/M1-M1_vip...,apic_50,0.0014,./grid_batch,grid_search_03150,0.352397,0.5
3143,grid_search_03151,/Users/romanbaravalle/Documents/2026/M1-M1_vip...,apic_51,0.0014,./grid_batch,grid_search_03151,0.309702,0.5
3144,grid_search_03152,/Users/romanbaravalle/Documents/2026/M1-M1_vip...,apic_52,0.0014,./grid_batch,grid_search_03152,0.40109,0.5
3145,grid_search_03153,/Users/romanbaravalle/Documents/2026/M1-M1_vip...,apic_53,0.0014,./grid_batch,grid_search_03153,0.378665,0.5
3146,grid_search_03154,/Users/romanbaravalle/Documents/2026/M1-M1_vip...,apic_54,0.0014,./grid_batch,grid_search_03154,0.382479,0.5
3147,grid_search_03155,/Users/romanbaravalle/Documents/2026/M1-M1_vip...,apic_55,0.0014,./grid_batch,grid_search_03155,0.361803,0.5
3148,grid_search_03156,/Users/romanbaravalle/Documents/2026/M1-M1_vip...,apic_56,0.0014,./grid_batch,grid_search_03156,0.348796,0.5
3149,grid_search_03157,/Users/romanbaravalle/Documents/2026/M1-M1_vip...,apic_57,0.0014,./grid_batch,grid_search_03157,0.315943,0.5
3150,grid_search_03158,/Users/romanbaravalle/Documents/2026/M1-M1_vip...,apic_58,0.0014,./grid_batch,grid_search_03158,0.318109,0.5
3151,grid_search_03159,/Users/romanbaravalle/Documents/2026/M1-M1_vip...,apic_59,0.0014,./grid_batch,grid_search_03159,0.347101,0.5
3152,grid_search_03160,/Users/romanbaravalle/Documents/2026/M1-M1_vip...,apic_6,0.0014,./grid_batch,grid_search_03160,0.594891,0.5
3153,grid_search_03161,/Users/romanbaravalle/Documents/2026/M1-M1_vip...,apic_60,0.0014,./grid_batch,grid_search_03161,0.324808,0.5
3154,grid_search_03162,/Users/romanbaravalle/Documents/2026/M1-M1_vip...,apic_61,0.0014,./grid_batch,grid_search_03162,0.33267,0.5
3155,grid_search_03163,/Users/romanbaravalle/Documents/2026/M1-M1_vip...,apic_62,0.0014,./grid_batch,grid_search_03163,0.320025,0.5
3156,grid_search_03164,/Users/romanbaravalle/Documents/2026/M1-M1_vip...,apic_63,0.0014,./grid_batch,grid_search_03164,0.320025,0.5
3157,grid_search_03165,/Users/romanbaravalle/Documents/2026/M1-M1_vip...,apic_64,0.0014,./grid_batch,grid_search_03165,0.360332,0.5
3158,grid_search_03166,/Users/romanbaravalle/Documents/2026/M1-M1_vip...,apic_65,0.0014,./grid_batch,grid_search_03166,0.327655,0.5
3159,grid_search_03167,/Users/romanbaravalle/Documents/2026/M1-M1_vip...,apic_66,0.0014,./grid_batch,grid_search_03167,0.257917,0.5
3160,grid_search_03168,/Users/romanbaravalle/Documents/2026/M1-M1_vip...,apic_67,0.0014,./grid_batch,grid_search_03168,0.175965,0.5
3161,grid_search_03169,/Users/romanbaravalle/Documents/2026/M1-M1_vip...,apic_68,0.0014,./grid_batch,grid_search_03169,0.137663,0.5
3162,grid_search_03170,/Users/romanbaravalle/Documents/2026/M1-M1_vip...,apic_69,0.0014,./grid_batch,grid_search_03170,0.167201,0.5
3163,grid_search_03171,/Users/romanbaravalle/Documents/2026/M1-M1_vip...,apic_7,0.0014,./grid_batch,grid_search_03171,0.575003,0.5
3164,grid_search_03172,/Users/romanbaravalle/Documents/2026/M1-M1_vip...,apic_70,0.0014,./grid_batch,grid_search_03172,0.157187,0.5
3165,grid_search_03173,/Users/romanbaravalle/Documents/2026/M1-M1_vip...,apic_71,0.0014,./grid_batch,grid_search_03173,0.135309,0.5
3166,grid_search_03174,/Users/romanbaravalle/Documents/2026/M1-M1_vip...,apic_72,0.0014,./grid_batch,grid_search_03174,0.124085,0.5
3167,grid_search_03175,/Users/romanbaravalle/Documents/2026/M1-M1_vip...,apic_73,0.0014,./grid_batch,grid_search_03175,0.113453,0.5
3168,grid_search_03176,/Users/romanbaravalle/Documents/2026/M1-M1_vip...,apic_74,0.0014,./grid_batch,grid_search_03176,0.116951,0.5
3169,grid_search_03177,/Users/romanbaravalle/Documents/2026/M1-M1_vip...,apic_75,0.0014,./grid_batch,grid_search_03177,0.120548,0.5
3170,grid_search_03178,/Users/romanbaravalle/Documents/2026/M1-M1_vip...,apic_76,0.0014,./grid_batch,grid_search_03178,0.122328,0.5
3171,grid_search_03179,/Users/romanbaravalle/Documents/2026/M1-M1_vip...,apic_77,0.0014,./grid_batch,grid_search_03179,0.159129,0.5
3172,grid_search_03180,/Users/romanbaravalle/Documents/2026/M1-M1_vip...,apic_78,0.0014,./grid_batch,grid_search_03180,0.128247,0.5
3173,grid_search_03181,/Users/romanbaravalle/Documents/2026/M1-M1_vip...,apic_79,0.0014,./grid_batch,grid_search_03181,0.092458,0.5
3174,grid_search_03182,/Users/romanbaravalle/Documents/2026/M1-M1_vip...,apic_8,0.0014,./grid_batch,grid_search_03182,0.557463,0.5
3175,grid_search_03183,/Users/romanbaravalle/Documents/2026/M1-M1_vip...,apic_80,0.0014,./grid_batch,grid_search_03183,0.102497,0.5
3176,grid_search_03184,/Users/romanbaravalle/Documents/2026/M1-M1_vip...,apic_81,0.0014,./grid_batch,grid_search_03184,0.092544,0.5
3177,grid_search_03185,/Users/romanbaravalle/Documents/2026/M1-M1_vip...,apic_82,0.0014,./grid_batch,grid_search_03185,0.087513,0.5
3178,grid_search_03186,/Users/romanbaravalle/Documents/2026/M1-M1_vip...,apic_83,0.0014,./grid_batch,grid_search_03186,0.135714,0.5
3179,grid_search_03187,/Users/romanbaravalle/Documents/2026/M1-M1_vip...,apic_84,0.0014,./grid_batch,grid_search_03187,0.108679,0.5
3180,grid_search_03188,/Users/romanbaravalle/Documents/2026/M1-M1_vip...,apic_85,0.0014,./grid_batch,grid_search_03188,0.100944,0.5
3181,grid_search_03189,/Users/romanbaravalle/Documents/2026/M1-M1_vip...,apic_86,0.0014,./grid_batch,grid_search_03189,0.086402,0.5
3182,grid_search_03190,/Users/romanbaravalle/Documents/2026/M1-M1_vip...,apic_87,0.0014,./grid_batch,grid_search_03190,0.078682,0.5
3183,grid_search_03191,/Users/romanbaravalle/Documents/2026/M1-M1_vip...,apic_88,0.0014,./grid_batch,grid_search_03191,0.072757,0.5
3184,grid_search_03192,/Users/romanbaravalle/Documents/2026/M1-M1_vip...,apic_89,0.0014,./grid_batch,grid_search_03192,0.072302,0.5
3185,grid_search_03193,/Users/romanbaravalle/Documents/2026/M1-M1_vip...,apic_9,0.0014,./grid_batch,grid_search_03193,0.513748,0.5
3186,grid_search_03194,/Users/romanbaravalle/Documents/2026/M1-M1_vip...,apic_90,0.0014,./grid_batch,grid_search_03194,0.072345,0.5
3187,grid_search_03195,/Users/romanbaravalle/Documents/2026/M1-M1_vip...,apic_91,0.0014,./grid_batch,grid_search_03195,0.072446,0.5
3188,grid_search_03196,/Users/romanbaravalle/Documents/2026/M1-M1_vip...,apic_92,0.0014,./grid_batch,grid_search_03196,0.083172,0.5
3189,grid_search_03197,/Users/romanbaravalle/Documents/2026/M1-M1_vip...,apic_93,0.0014,./grid_batch,grid_search_03197,0.071721,0.5
3190,grid_search_03198,/Users/romanbaravalle/Documents/2026/M1-M1_vip...,apic_94,0.0014,./grid_batch,grid_search_03198,0.071164,0.5
3191,grid_search_03199,/Users/romanbaravalle/Documents/2026/M1-M1_vip...,apic_95,0.0014,./grid_batch,grid_search_03199,0.093519,0.5
3192,grid_search_03200,/Users/romanbaravalle/Documents/2026/M1-M1_vip...,apic_96,0.0014,./grid_batch,grid_search_03200,0.087848,0.5
3193,grid_search_03201,/Users/romanbaravalle/Documents/2026/M1-M1_vip...,apic_97,0.0014,./grid_batch,grid_search_03201,0.088035,0.5
3194,grid_search_03202,/Users/romanbaravalle/Documents/2026/M1-M1_vip...,apic_98,0.0014,./grid_batch,grid_search_03202,0.153096,0.5
3195,grid_search_03203,/Users/romanbaravalle/Documents/2026/M1-M1_vip...,apic_99,0.0014,./grid_batch,grid_search_03203,0.130475,0.5
3196,grid_search_03204,/Users/romanbaravalle/Documents/2026/M1-M1_vip...,dend_0,0.0014,./grid_batch,grid_search_03204,0.679179,0.5
3197,grid_search_03205,/Users/romanbaravalle/Documents/2026/M1-M1_vip...,dend_1,0.0014,./grid_batch,grid_search_03205,0.647634,0.5
3198,grid_search_03206,/Users/romanbaravalle/Documents/2026/M1-M1_vip...,dend_10,0.0014,./grid_batch,grid_search_03206,0.69719,0.5
3199,grid_search_03207,/Users/romanbaravalle/Documents/2026/M1-M1_vip...,dend_100,0.0014,./grid_batch,grid_search_03207,0.675292,0.5
3200,grid_search_03208,/Users/romanbaravalle/Documents/2026/M1-M1_vip...,dend_101,0.0014,./grid_batch,grid_search_03208,0.649758,0.5
3201,grid_search_03209,/Users/romanbaravalle/Documents/2026/M1-M1_vip...,dend_102,0.0014,./grid_batch,grid_search_03209,0.610212,0.5
3202,grid_search_03210,/Users/romanbaravalle/Documents/2026/M1-M1_vip...,dend_103,0.0014,./grid_batch,grid_search_03210,0.63702,0.5
3203,grid_search_03211,/Users/romanbaravalle/Documents/2026/M1-M1_vip...,dend_104,0.0014,./grid_batch,grid_search_03211,0.668325,0.5
3204,grid_search_03212,/Users/romanbaravalle/Documents/2026/M1-M1_vip...,dend_105,0.0014,./grid_batch,grid_search_03212,0.575453,0.5
3205,grid_search_03213,/Users/romanbaravalle/Documents/2026/M1-M1_vip...,dend_106,0.0014,./grid_batch,grid_search_03213,0.568237,0.5
3206,grid_search_03214,/Users/romanbaravalle/Documents/2026/M1-M1_vip...,dend_107,0.0014,./grid_batch,grid_search_03214,0.548576,0.5
3207,grid_search_03215,/Users/romanbaravalle/Documents/2026/M1-M1_vip...,dend_108,0.0014,./grid_batch,grid_search_03215,0.665055,0.5
3208,grid_search_03216,/Users/romanbaravalle/Documents/2026/M1-M1_vip...,dend_109,0.0014,./grid_batch,grid_search_03216,0.555476,0.5
3209,grid_search_03217,/Users/romanbaravalle/Documents/2026/M1-M1_vip...,dend_11,0.0014,./grid_batch,grid_search_03217,0.651658,0.5
3210,grid_search_03218,/Users/romanbaravalle/Documents/2026/M1-M1_vip...,dend_110,0.0014,./grid_batch,grid_search_03218,0.645944,0.5
3211,grid_search_03219,/Users/romanbaravalle/Documents/2026/M1-M1_vip...,dend_111,0.0014,./grid_batch,grid_search_03219,0.534772,0.5
3212,grid_search_03220,/Users/romanbaravalle/Documents/2026/M1-M1_vip...,dend_112,0.0014,./grid_batch,grid_search_03220,0.53242,0.5
3213,grid_search_03221,/Users/romanbaravalle/Documents/2026/M1-M1_vip...,dend_12,0.0014,./grid_batch,grid_search_03221,0.690457,0.5
3214,grid_search_03222,/Users/romanbaravalle/Documents/2026/M1-M1_vip...,dend_13,0.0014,./grid_batch,grid_search_03222,0.684042,0.5
3215,grid_search_03223,/Users/romanbaravalle/Documents/2026/M1-M1_vip...,dend_14,0.0014,./grid_batch,grid_search_03223,0.621932,0.5
3216,grid_search_03224,/Users/romanbaravalle/Documents/2026/M1-M1_vip...,dend_15,0.0014,./grid_batch,grid_search_03224,0.655669,0.5
3217,grid_search_03225,/Users/romanbaravalle/Documents/2026/M1-M1_vip...,dend_16,0.0014,./grid_batch,grid_search_03225,0.647029,0.5
3218,grid_search_03226,/Users/romanbaravalle/Documents/2026/M1-M1_vip...,dend_17,0.0014,./grid_batch,grid_search_03226,0.697876,0.5
3219,grid_search_03227,/Users/romanbaravalle/Documents/2026/M1-M1_vip...,dend_18,0.0014,./grid_batch,grid_search_03227,0.676199,0.5
3220,grid_search_03228,/Users/romanbaravalle/Documents/2026/M1-M1_vip...,dend_19,0.0014,./grid_batch,grid_search_03228,0.658356,0.5
3221,grid_search_03229,/Users/romanbaravalle/Documents/2026/M1-M1_vip...,dend_2,0.0014,./grid_batch,grid_search_03229,0.642671,0.5
3222,grid_search_03230,/Users/romanbaravalle/Documents/2026/M1-M1_vip...,dend_20,0.0014,./grid_batch,grid_search_03230,0.645594,0.5
3223,grid_search_03231,/Users/romanbaravalle/Documents/2026/M1-M1_vip...,dend_21,0.0014,./grid_batch,grid_search_03231,0.617718,0.5
3224,grid_search_03232,/Users/romanbaravalle/Documents/2026/M1-M1_vip...,dend_22,0.0014,./grid_batch,grid_search_03232,0.618727,0.5
3225,grid_search_03233,/Users/romanbaravalle/Documents/2026/M1-M1_vip...,dend_23,0.0014,./grid_batch,grid_search_03233,0.644933,0.5
3226,grid_search_03234,/Users/romanbaravalle/Documents/2026/M1-M1_vip...,dend_24,0.0014,./grid_batch,grid_search_03234,0.618792,0.5
3227,grid_search_03235,/Users/romanbaravalle/Documents/2026/M1-M1_vip...,dend_25,0.0014,./grid_batch,grid_search_03235,0.605763,0.5
3228,grid_search_03236,/Users/romanbaravalle/Documents/2026/M1-M1_vip...,dend_26,0.0014,./grid_batch,grid_search_03236,0.657224,0.5
3229,grid_search_03237,/Users/romanbaravalle/Documents/2026/M1-M1_vip...,dend_27,0.0014,./grid_batch,grid_search_03237,0.615575,0.5
3230,grid_search_03238,/Users/romanbaravalle/Documents/2026/M1-M1_vip...,dend_28,0.0014,./grid_batch,grid_search_03238,0.633389,0.5
3231,grid_search_03239,/Users/romanbaravalle/Documents/2026/M1-M1_vip...,dend_29,0.0014,./grid_batch,grid_search_03239,0.684666,0.5
3232,grid_search_03240,/Users/romanbaravalle/Documents/2026/M1-M1_vip...,dend_3,0.0014,./grid_batch,grid_search_03240,0.700346,0.5
3233,grid_search_03241,/Users/romanbaravalle/Documents/2026/M1-M1_vip...,dend_30,0.0014,./grid_batch,grid_search_03241,0.65009,0.5
3234,grid_search_03242,/Users/romanbaravalle/Documents/2026/M1-M1_vip...,dend_31,0.0014,./grid_batch,grid_search_03242,0.622772,0.5
3235,grid_search_03243,/Users/romanbaravalle/Documents/2026/M1-M1_vip...,dend_32,0.0014,./grid_batch,grid_search_03243,0.673645,0.5
3236,grid_search_03244,/Users/romanbaravalle/Documents/2026/M1-M1_vip...,dend_33,0.0014,./grid_batch,grid_search_03244,0.643347,0.5
3237,grid_search_03245,/Users/romanbaravalle/Documents/2026/M1-M1_vip...,dend_34,0.0014,./grid_batch,grid_search_03245,0.63233,0.5
3238,grid_search_03246,/Users/romanbaravalle/Documents/2026/M1-M1_vip...,dend_35,0.0014,./grid_batch,grid_search_03246,0.628484,0.5
3239,grid_search_03247,/Users/romanbaravalle/Documents/2026/M1-M1_vip...,dend_36,0.0014,./grid_batch,grid_search_03247,0.589632,0.5
3240,grid_search_03248,/Users/romanbaravalle/Documents/2026/M1-M1_vip...,dend_37,0.0014,./grid_batch,grid_search_03248,0.581401,0.5
3241,grid_search_03249,/Users/romanbaravalle/Documents/2026/M1-M1_vip...,dend_38,0.0014,./grid_batch,grid_search_03249,0.628459,0.5
3242,grid_search_03250,/Users/romanbaravalle/Documents/2026/M1-M1_vip...,dend_39,0.0014,./grid_batch,grid_search_03250,0.61436,0.5
3243,grid_search_03251,/Users/romanbaravalle/Documents/2026/M1-M1_vip...,dend_4,0.0014,./grid_batch,grid_search_03251,0.690749,0.5
3244,grid_search_03252,/Users/romanbaravalle/Documents/2026/M1-M1_vip...,dend_40,0.0014,./grid_batch,grid_search_03252,0.604067,0.5
3245,grid_search_03253,/Users/romanbaravalle/Documents/2026/M1-M1_vip...,dend_41,0.0014,./grid_batch,grid_search_03253,0.56153,0.5
3246,grid_search_03254,/Users/romanbaravalle/Documents/2026/M1-M1_vip...,dend_42,0.0014,./grid_batch,grid_search_03254,0.597436,0.5
3247,grid_search_03255,/Users/romanbaravalle/Documents/2026/M1-M1_vip...,dend_43,0.0014,./grid_batch,grid_search_03255,0.562659,0.5
3248,grid_search_03256,/Users/romanbaravalle/Documents/2026/M1-M1_vip...,dend_44,0.0014,./grid_batch,grid_search_03256,0.572668,0.5
3249,grid_search_03257,/Users/romanbaravalle/Documents/2026/M1-M1_vip...,dend_45,0.0014,./grid_batch,grid_search_03257,0.575564,0.5
3250,grid_search_03258,/Users/romanbaravalle/Documents/2026/M1-M1_vip...,dend_46,0.0014,./grid_batch,grid_search_03258,0.618928,0.5
3251,grid_search_03259,/Users/romanbaravalle/Documents/2026/M1-M1_vip...,dend_47,0.0014,./grid_batch,grid_search_03259,0.584236,0.5
3252,grid_search_03260,/Users/romanbaravalle/Documents/2026/M1-M1_vip...,dend_48,0.0014,./grid_batch,grid_search_03260,0.607721,0.5
3253,grid_search_03261,/Users/romanbaravalle/Documents/2026/M1-M1_vip...,dend_49,0.0014,./grid_batch,grid_search_03261,0.569898,0.5
3254,grid_search_03262,/Users/romanbaravalle/Documents/2026/M1-M1_vip...,dend_5,0.0014,./grid_batch,grid_search_03262,0.516045,0.5
3255,grid_search_03263,/Users/romanbaravalle/Documents/2026/M1-M1_vip...,dend_50,0.0014,./grid_batch,grid_search_03263,0.574878,0.5
3256,grid_search_03264,/Users/romanbaravalle/Documents/2026/M1-M1_vip...,dend_51,0.0014,./grid_batch,grid_search_03264,0.631547,0.5
3257,grid_search_03265,/Users/romanbaravalle/Documents/2026/M1-M1_vip...,dend_52,0.0014,./grid_batch,grid_search_03265,0.625069,0.5
3258,grid_search_03266,/Users/romanbaravalle/Documents/2026/M1-M1_vip...,dend_53,0.0014,./grid_batch,grid_search_03266,0.586641,0.5
3259,grid_search_03267,/Users/romanbaravalle/Documents/2026/M1-M1_vip...,dend_54,0.0014,./grid_batch,grid_search_03267,0.585957,0.5
3260,grid_search_03268,/Users/romanbaravalle/Documents/2026/M1-M1_vip...,dend_55,0.0014,./grid_batch,grid_search_03268,0.590132,0.5
3261,grid_search_03269,/Users/romanbaravalle/Documents/2026/M1-M1_vip...,dend_56,0.0014,./grid_batch,grid_search_03269,0.615403,0.5
3262,grid_search_03270,/Users/romanbaravalle/Documents/2026/M1-M1_vip...,dend_57,0.0014,./grid_batch,grid_search_03270,0.701297,0.5
3263,grid_search_03271,/Users/romanbaravalle/Documents/2026/M1-M1_vip...,dend_58,0.0014,./grid_batch,grid_search_03271,0.674018,0.5
3264,grid_search_03272,/Users/romanbaravalle/Documents/2026/M1-M1_vip...,dend_59,0.0014,./grid_batch,grid_search_03272,0.65485,0.5
3265,grid_search_03273,/Users/romanbaravalle/Documents/2026/M1-M1_vip...,dend_6,0.0014,./grid_batch,grid_search_03273,0.316129,0.5
3266,grid_search_03274,/Users/romanbaravalle/Documents/2026/M1-M1_vip...,dend_60,0.0014,./grid_batch,grid_search_03274,0.692868,0.5
3267,grid_search_03275,/Users/romanbaravalle/Documents/2026/M1-M1_vip...,dend_61,0.0014,./grid_batch,grid_search_03275,0.665694,0.5
3268,grid_search_03276,/Users/romanbaravalle/Documents/2026/M1-M1_vip...,dend_62,0.0014,./grid_batch,grid_search_03276,0.665298,0.5
3269,grid_search_03277,/Users/romanbaravalle/Documents/2026/M1-M1_vip...,dend_63,0.0014,./grid_batch,grid_search_03277,0.694998,0.5
3270,grid_search_03278,/Users/romanbaravalle/Documents/2026/M1-M1_vip...,dend_64,0.0014,./grid_batch,grid_search_03278,0.682853,0.5
3271,grid_search_03279,/Users/romanbaravalle/Documents/2026/M1-M1_vip...,dend_65,0.0014,./grid_batch,grid_search_03279,0.659088,0.5
3272,grid_search_03280,/Users/romanbaravalle/Documents/2026/M1-M1_vip...,dend_66,0.0014,./grid_batch,grid_search_03280,0.661185,0.5
3273,grid_search_03281,/Users/romanbaravalle/Documents/2026/M1-M1_vip...,dend_67,0.0014,./grid_batch,grid_search_03281,0.656842,0.5
3274,grid_search_03282,/Users/romanbaravalle/Documents/2026/M1-M1_vip...,dend_68,0.0014,./grid_batch,grid_search_03282,0.693443,0.5
3275,grid_search_03283,/Users/romanbaravalle/Documents/2026/M1-M1_vip...,dend_69,0.0014,./grid_batch,grid_search_03283,0.674,0.5
3276,grid_search_03284,/Users/romanbaravalle/Documents/2026/M1-M1_vip...,dend_7,0.0014,./grid_batch,grid_search_03284,0.692861,0.5
3277,grid_search_03285,/Users/romanbaravalle/Documents/2026/M1-M1_vip...,dend_70,0.0014,./grid_batch,grid_search_03285,0.635825,0.5
3278,grid_search_03286,/Users/romanbaravalle/Documents/2026/M1-M1_vip...,dend_71,0.0014,./grid_batch,grid_search_03286,0.525974,0.5
3279,grid_search_03287,/Users/romanbaravalle/Documents/2026/M1-M1_vip...,dend_72,0.0014,./grid_batch,grid_search_03287,0.617664,0.5
3280,grid_search_03288,/Users/romanbaravalle/Documents/2026/M1-M1_vip...,dend_73,0.0014,./grid_batch,grid_search_03288,0.697722,0.5
3281,grid_search_03289,/Users/romanbaravalle/Documents/2026/M1-M1_vip...,dend_74,0.0014,./grid_batch,grid_search_03289,0.683989,0.5
3282,grid_search_03290,/Users/romanbaravalle/Documents/2026/M1-M1_vip...,dend_75,0.0014,./grid_batch,grid_search_03290,0.670094,0.5
3283,grid_search_03291,/Users/romanbaravalle/Documents/2026/M1-M1_vip...,dend_76,0.0014,./grid_batch,grid_search_03291,0.632219,0.5
3284,grid_search_03292,/Users/romanbaravalle/Documents/2026/M1-M1_vip...,dend_77,0.0014,./grid_batch,grid_search_03292,0.659909,0.5
3285,grid_search_03293,/Users/romanbaravalle/Documents/2026/M1-M1_vip...,dend_78,0.0014,./grid_batch,grid_search_03293,0.630018,0.5
3286,grid_search_03294,/Users/romanbaravalle/Documents/2026/M1-M1_vip...,dend_79,0.0014,./grid_batch,grid_search_03294,0.655476,0.5
3287,grid_search_03295,/Users/romanbaravalle/Documents/2026/M1-M1_vip...,dend_8,0.0014,./grid_batch,grid_search_03295,0.652618,0.5
3288,grid_search_03296,/Users/romanbaravalle/Documents/2026/M1-M1_vip...,dend_80,0.0014,./grid_batch,grid_search_03296,0.675204,0.5
3289,grid_search_03297,/Users/romanbaravalle/Documents/2026/M1-M1_vip...,dend_81,0.0014,./grid_batch,grid_search_03297,0.629008,0.5
3290,grid_search_03298,/Users/romanbaravalle/Documents/2026/M1-M1_vip...,dend_82,0.0014,./grid_batch,grid_search_03298,0.656648,0.5
3291,grid_search_03299,/Users/romanbaravalle/Documents/2026/M1-M1_vip...,dend_83,0.0014,./grid_batch,grid_search_03299,0.640671,0.5
3292,grid_search_03300,/Users/romanbaravalle/Documents/2026/M1-M1_vip...,dend_84,0.0014,./grid_batch,grid_search_03300,0.622425,0.5
3293,grid_search_03301,/Users/romanbaravalle/Documents/2026/M1-M1_vip...,dend_85,0.0014,./grid_batch,grid_search_03301,0.596899,0.5
3294,grid_search_03302,/Users/romanbaravalle/Documents/2026/M1-M1_vip...,dend_86,0.0014,./grid_batch,grid_search_03302,0.594115,0.5
3295,grid_search_03303,/Users/romanbaravalle/Documents/2026/M1-M1_vip...,dend_87,0.0014,./grid_batch,grid_search_03303,0.691774,0.5
3296,grid_search_03304,/Users/romanbaravalle/Documents/2026/M1-M1_vip...,dend_88,0.0014,./grid_batch,grid_search_03304,0.671487,0.5
3297,grid_search_03305,/Users/romanbaravalle/Documents/2026/M1-M1_vip...,dend_89,0.0014,./grid_batch,grid_search_03305,0.5829,0.5
3298,grid_search_03306,/Users/romanbaravalle/Documents/2026/M1-M1_vip...,dend_9,0.0014,./grid_batch,grid_search_03306,0.632539,0.5
3299,grid_search_03307,/Users/romanbaravalle/Documents/2026/M1-M1_vip...,dend_90,0.0014,./grid_batch,grid_search_03307,0.628737,0.5
3300,grid_search_03308,/Users/romanbaravalle/Documents/2026/M1-M1_vip...,dend_91,0.0014,./grid_batch,grid_search_03308,0.514984,0.5
3301,grid_search_03309,/Users/romanbaravalle/Documents/2026/M1-M1_vip...,dend_92,0.0014,./grid_batch,grid_search_03309,0.509389,0.5
3302,grid_search_03310,/Users/romanbaravalle/Documents/2026/M1-M1_vip...,dend_93,0.0014,./grid_batch,grid_search_03310,0.687668,0.5
3303,grid_search_03311,/Users/romanbaravalle/Documents/2026/M1-M1_vip...,dend_94,0.0014,./grid_batch,grid_search_03311,0.668322,0.5
3304,grid_search_03312,/Users/romanbaravalle/Documents/2026/M1-M1_vip...,dend_95,0.0014,./grid_batch,grid_search_03312,0.43104,0.5
3305,grid_search_03313,/Users/romanbaravalle/Documents/2026/M1-M1_vip...,dend_96,0.0014,./grid_batch,grid_search_03313,0.093302,0.5
3306,grid_search_03314,/Users/romanbaravalle/Documents/2026/M1-M1_vip...,dend_97,0.0014,./grid_batch,grid_search_03314,0.160341,0.5
3307,grid_search_03315,/Users/romanbaravalle/Documents/2026/M1-M1_vip...,dend_98,0.0014,./grid_batch,grid_search_03315,0.639213,0.5
3308,grid_search_03316,/Users/romanbaravalle/Documents/2026/M1-M1_vip...,dend_99,0.0014,./grid_batch,grid_search_03316,0.650053,0.5
3309,grid_search_03317,/Users/romanbaravalle/Documents/2026/M1-M1_vip...,soma,0.0014,./grid_batch,grid_search_03317,0.702486,0.5
3310,grid_search_03318,/Users/romanbaravalle/Documents/2026/M1-M1_vip...,apic_0,0.0015,./grid_batch,grid_search_03318,0.741353,0.5
3311,grid_search_03319,/Users/romanbaravalle/Documents/2026/M1-M1_vip...,apic_1,0.0015,./grid_batch,grid_search_03319,0.710646,0.5
3312,grid_search_03320,/Users/romanbaravalle/Documents/2026/M1-M1_vip...,apic_10,0.0015,./grid_batch,grid_search_03320,0.558443,0.5
3313,grid_search_03321,/Users/romanbaravalle/Documents/2026/M1-M1_vip...,apic_100,0.0015,./grid_batch,grid_search_03321,0.121972,0.5
3314,grid_search_03322,/Users/romanbaravalle/Documents/2026/M1-M1_vip...,apic_101,0.0015,./grid_batch,grid_search_03322,0.120948,0.5
3315,grid_search_03323,/Users/romanbaravalle/Documents/2026/M1-M1_vip...,apic_102,0.0015,./grid_batch,grid_search_03323,0.120948,0.5
3316,grid_search_03324,/Users/romanbaravalle/Documents/2026/M1-M1_vip...,apic_103,0.0015,./grid_batch,grid_search_03324,0.136733,0.5
3317,grid_search_03325,/Users/romanbaravalle/Documents/2026/M1-M1_vip...,apic_104,0.0015,./grid_batch,grid_search_03325,0.141577,0.5
3318,grid_search_03326,/Users/romanbaravalle/Documents/2026/M1-M1_vip...,apic_105,0.0015,./grid_batch,grid_search_03326,0.139316,0.5
3319,grid_search_03327,/Users/romanbaravalle/Documents/2026/M1-M1_vip...,apic_106,0.0015,./grid_batch,grid_search_03327,0.132355,0.5
3320,grid_search_03328,/Users/romanbaravalle/Documents/2026/M1-M1_vip...,apic_107,0.0015,./grid_batch,grid_search_03328,0.111581,0.5
3321,grid_search_03329,/Users/romanbaravalle/Documents/2026/M1-M1_vip...,apic_108,0.0015,./grid_batch,grid_search_03329,0.124542,0.5
3322,grid_search_03330,/Users/romanbaravalle/Documents/2026/M1-M1_vip...,apic_109,0.0015,./grid_batch,grid_search_03330,0.114787,0.5
3323,grid_search_03331,/Users/romanbaravalle/Documents/2026/M1-M1_vip...,apic_11,0.0015,./grid_batch,grid_search_03331,0.558848,0.5
3324,grid_search_03332,/Users/romanbaravalle/Documents/2026/M1-M1_vip...,apic_110,0.0015,./grid_batch,grid_search_03332,0.114786,0.5
3325,grid_search_03333,/Users/romanbaravalle/Documents/2026/M1-M1_vip...,apic_111,0.0015,./grid_batch,grid_search_03333,0.12114,0.5
3326,grid_search_03334,/Users/romanbaravalle/Documents/2026/M1-M1_vip...,apic_112,0.0015,./grid_batch,grid_search_03334,0.137434,0.5
3327,grid_search_03335,/Users/romanbaravalle/Documents/2026/M1-M1_vip...,apic_113,0.0015,./grid_batch,grid_search_03335,0.58315,0.5
3328,grid_search_03336,/Users/romanbaravalle/Documents/2026/M1-M1_vip...,apic_114,0.0015,./grid_batch,grid_search_03336,0.708876,0.5
3329,grid_search_03337,/Users/romanbaravalle/Documents/2026/M1-M1_vip...,apic_115,0.0015,./grid_batch,grid_search_03337,0.692077,0.5
3330,grid_search_03338,/Users/romanbaravalle/Documents/2026/M1-M1_vip...,apic_116,0.0015,./grid_batch,grid_search_03338,0.688914,0.5
3331,grid_search_03339,/Users/romanbaravalle/Documents/2026/M1-M1_vip...,apic_117,0.0015,./grid_batch,grid_search_03339,0.680617,0.5
3332,grid_search_03340,/Users/romanbaravalle/Documents/2026/M1-M1_vip...,apic_118,0.0015,./grid_batch,grid_search_03340,0.621682,0.5
3333,grid_search_03341,/Users/romanbaravalle/Documents/2026/M1-M1_vip...,apic_119,0.0015,./grid_batch,grid_search_03341,0.615483,0.5
3334,grid_search_03342,/Users/romanbaravalle/Documents/2026/M1-M1_vip...,apic_12,0.0015,./grid_batch,grid_search_03342,0.603884,0.5
3335,grid_search_03343,/Users/romanbaravalle/Documents/2026/M1-M1_vip...,apic_120,0.0015,./grid_batch,grid_search_03343,0.64164,0.5
3336,grid_search_03344,/Users/romanbaravalle/Documents/2026/M1-M1_vip...,apic_121,0.0015,./grid_batch,grid_search_03344,0.649468,0.5
3337,grid_search_03345,/Users/romanbaravalle/Documents/2026/M1-M1_vip...,apic_122,0.0015,./grid_batch,grid_search_03345,0.671039,0.5
3338,grid_search_03346,/Users/romanbaravalle/Documents/2026/M1-M1_vip...,apic_13,0.0015,./grid_batch,grid_search_03346,0.568585,0.5
3339,grid_search_03347,/Users/romanbaravalle/Documents/2026/M1-M1_vip...,apic_14,0.0015,./grid_batch,grid_search_03347,0.582384,0.5
3340,grid_search_03348,/Users/romanbaravalle/Documents/2026/M1-M1_vip...,apic_15,0.0015,./grid_batch,grid_search_03348,0.553684,0.5
3341,grid_search_03349,/Users/romanbaravalle/Documents/2026/M1-M1_vip...,apic_16,0.0015,./grid_batch,grid_search_03349,0.569097,0.5
3342,grid_search_03350,/Users/romanbaravalle/Documents/2026/M1-M1_vip...,apic_17,0.0015,./grid_batch,grid_search_03350,0.6262,0.5
3343,grid_search_03351,/Users/romanbaravalle/Documents/2026/M1-M1_vip...,apic_18,0.0015,./grid_batch,grid_search_03351,0.578016,0.5
3344,grid_search_03352,/Users/romanbaravalle/Documents/2026/M1-M1_vip...,apic_19,0.0015,./grid_batch,grid_search_03352,0.546317,0.5
3345,grid_search_03353,/Users/romanbaravalle/Documents/2026/M1-M1_vip...,apic_2,0.0015,./grid_batch,grid_search_03353,0.632018,0.5
3346,grid_search_03354,/Users/romanbaravalle/Documents/2026/M1-M1_vip...,apic_20,0.0015,./grid_batch,grid_search_03354,0.541721,0.5
3347,grid_search_03355,/Users/romanbaravalle/Documents/2026/M1-M1_vip...,apic_21,0.0015,./grid_batch,grid_search_03355,0.529066,0.5
3348,grid_search_03356,/Users/romanbaravalle/Documents/2026/M1-M1_vip...,apic_22,0.0015,./grid_batch,grid_search_03356,0.479445,0.5
3349,grid_search_03357,/Users/romanbaravalle/Documents/2026/M1-M1_vip...,apic_23,0.0015,./grid_batch,grid_search_03357,0.484682,0.5
3350,grid_search_03358,/Users/romanbaravalle/Documents/2026/M1-M1_vip...,apic_24,0.0015,./grid_batch,grid_search_03358,0.536434,0.5
3351,grid_search_03359,/Users/romanbaravalle/Documents/2026/M1-M1_vip...,apic_25,0.0015,./grid_batch,grid_search_03359,0.505209,0.5
3352,grid_search_03360,/Users/romanbaravalle/Documents/2026/M1-M1_vip...,apic_26,0.0015,./grid_batch,grid_search_03360,0.499932,0.5
3353,grid_search_03361,/Users/romanbaravalle/Documents/2026/M1-M1_vip...,apic_27,0.0015,./grid_batch,grid_search_03361,0.53554,0.5
3354,grid_search_03362,/Users/romanbaravalle/Documents/2026/M1-M1_vip...,apic_28,0.0015,./grid_batch,grid_search_03362,0.504659,0.5
3355,grid_search_03363,/Users/romanbaravalle/Documents/2026/M1-M1_vip...,apic_29,0.0015,./grid_batch,grid_search_03363,0.504971,0.5
3356,grid_search_03364,/Users/romanbaravalle/Documents/2026/M1-M1_vip...,apic_3,0.0015,./grid_batch,grid_search_03364,0.680557,0.5
3357,grid_search_03365,/Users/romanbaravalle/Documents/2026/M1-M1_vip...,apic_30,0.0015,./grid_batch,grid_search_03365,0.53343,0.5
3358,grid_search_03366,/Users/romanbaravalle/Documents/2026/M1-M1_vip...,apic_31,0.0015,./grid_batch,grid_search_03366,0.50848,0.5
3359,grid_search_03367,/Users/romanbaravalle/Documents/2026/M1-M1_vip...,apic_32,0.0015,./grid_batch,grid_search_03367,0.48054,0.5
3360,grid_search_03368,/Users/romanbaravalle/Documents/2026/M1-M1_vip...,apic_33,0.0015,./grid_batch,grid_search_03368,0.472773,0.5
3361,grid_search_03369,/Users/romanbaravalle/Documents/2026/M1-M1_vip...,apic_34,0.0015,./grid_batch,grid_search_03369,0.497533,0.5
3362,grid_search_03370,/Users/romanbaravalle/Documents/2026/M1-M1_vip...,apic_35,0.0015,./grid_batch,grid_search_03370,0.451401,0.5
3363,grid_search_03371,/Users/romanbaravalle/Documents/2026/M1-M1_vip...,apic_36,0.0015,./grid_batch,grid_search_03371,0.466561,0.5
3364,grid_search_03372,/Users/romanbaravalle/Documents/2026/M1-M1_vip...,apic_37,0.0015,./grid_batch,grid_search_03372,0.416985,0.5
3365,grid_search_03373,/Users/romanbaravalle/Documents/2026/M1-M1_vip...,apic_38,0.0015,./grid_batch,grid_search_03373,0.44707,0.5
3366,grid_search_03374,/Users/romanbaravalle/Documents/2026/M1-M1_vip...,apic_39,0.0015,./grid_batch,grid_search_03374,0.409278,0.5
3367,grid_search_03375,/Users/romanbaravalle/Documents/2026/M1-M1_vip...,apic_4,0.0015,./grid_batch,grid_search_03375,0.593756,0.5
3368,grid_search_03376,/Users/romanbaravalle/Documents/2026/M1-M1_vip...,apic_40,0.0015,./grid_batch,grid_search_03376,0.439887,0.5
3369,grid_search_03377,/Users/romanbaravalle/Documents/2026/M1-M1_vip...,apic_41,0.0015,./grid_batch,grid_search_03377,0.432433,0.5
3370,grid_search_03378,/Users/romanbaravalle/Documents/2026/M1-M1_vip...,apic_42,0.0015,./grid_batch,grid_search_03378,0.423899,0.5
3371,grid_search_03379,/Users/romanbaravalle/Documents/2026/M1-M1_vip...,apic_43,0.0015,./grid_batch,grid_search_03379,0.377259,0.5
3372,grid_search_03380,/Users/romanbaravalle/Documents/2026/M1-M1_vip...,apic_44,0.0015,./grid_batch,grid_search_03380,0.342922,0.5
3373,grid_search_03381,/Users/romanbaravalle/Documents/2026/M1-M1_vip...,apic_45,0.0015,./grid_batch,grid_search_03381,0.342921,0.5
3374,grid_search_03382,/Users/romanbaravalle/Documents/2026/M1-M1_vip...,apic_46,0.0015,./grid_batch,grid_search_03382,0.360848,0.5
3375,grid_search_03383,/Users/romanbaravalle/Documents/2026/M1-M1_vip...,apic_47,0.0015,./grid_batch,grid_search_03383,0.391525,0.5
3376,grid_search_03384,/Users/romanbaravalle/Documents/2026/M1-M1_vip...,apic_48,0.0015,./grid_batch,grid_search_03384,0.32701,0.5
3377,grid_search_03385,/Users/romanbaravalle/Documents/2026/M1-M1_vip...,apic_49,0.0015,./grid_batch,grid_search_03385,0.395703,0.5
3378,grid_search_03386,/Users/romanbaravalle/Documents/2026/M1-M1_vip...,apic_5,0.0015,./grid_batch,grid_search_03386,0.655365,0.5
3379,grid_search_03387,/Users/romanbaravalle/Documents/2026/M1-M1_vip...,apic_50,0.0015,./grid_batch,grid_search_03387,0.395703,0.5
3380,grid_search_03388,/Users/romanbaravalle/Documents/2026/M1-M1_vip...,apic_51,0.0015,./grid_batch,grid_search_03388,0.337063,0.5
3381,grid_search_03389,/Users/romanbaravalle/Documents/2026/M1-M1_vip...,apic_52,0.0015,./grid_batch,grid_search_03389,0.429381,0.5
3382,grid_search_03390,/Users/romanbaravalle/Documents/2026/M1-M1_vip...,apic_53,0.0015,./grid_batch,grid_search_03390,0.404526,0.5
3383,grid_search_03391,/Users/romanbaravalle/Documents/2026/M1-M1_vip...,apic_54,0.0015,./grid_batch,grid_search_03391,0.409447,0.5
3384,grid_search_03392,/Users/romanbaravalle/Documents/2026/M1-M1_vip...,apic_55,0.0015,./grid_batch,grid_search_03392,0.387111,0.5
3385,grid_search_03393,/Users/romanbaravalle/Documents/2026/M1-M1_vip...,apic_56,0.0015,./grid_batch,grid_search_03393,0.372749,0.5
3386,grid_search_03394,/Users/romanbaravalle/Documents/2026/M1-M1_vip...,apic_57,0.0015,./grid_batch,grid_search_03394,0.336336,0.5
3387,grid_search_03395,/Users/romanbaravalle/Documents/2026/M1-M1_vip...,apic_58,0.0015,./grid_batch,grid_search_03395,0.338685,0.5
3388,grid_search_03396,/Users/romanbaravalle/Documents/2026/M1-M1_vip...,apic_59,0.0015,./grid_batch,grid_search_03396,0.370961,0.5
3389,grid_search_03397,/Users/romanbaravalle/Documents/2026/M1-M1_vip...,apic_6,0.0015,./grid_batch,grid_search_03397,0.636832,0.5
3390,grid_search_03398,/Users/romanbaravalle/Documents/2026/M1-M1_vip...,apic_60,0.0015,./grid_batch,grid_search_03398,0.346303,0.5
3391,grid_search_03399,/Users/romanbaravalle/Documents/2026/M1-M1_vip...,apic_61,0.0015,./grid_batch,grid_search_03399,0.355039,0.5
3392,grid_search_03400,/Users/romanbaravalle/Documents/2026/M1-M1_vip...,apic_62,0.0015,./grid_batch,grid_search_03400,0.341007,0.5
3393,grid_search_03401,/Users/romanbaravalle/Documents/2026/M1-M1_vip...,apic_63,0.0015,./grid_batch,grid_search_03401,0.341007,0.5
3394,grid_search_03402,/Users/romanbaravalle/Documents/2026/M1-M1_vip...,apic_64,0.0015,./grid_batch,grid_search_03402,0.385724,0.5
3395,grid_search_03403,/Users/romanbaravalle/Documents/2026/M1-M1_vip...,apic_65,0.0015,./grid_batch,grid_search_03403,0.349551,0.5
3396,grid_search_03404,/Users/romanbaravalle/Documents/2026/M1-M1_vip...,apic_66,0.0015,./grid_batch,grid_search_03404,0.276155,0.5
3397,grid_search_03405,/Users/romanbaravalle/Documents/2026/M1-M1_vip...,apic_67,0.0015,./grid_batch,grid_search_03405,0.188498,0.5
3398,grid_search_03406,/Users/romanbaravalle/Documents/2026/M1-M1_vip...,apic_68,0.0015,./grid_batch,grid_search_03406,0.147683,0.5
3399,grid_search_03407,/Users/romanbaravalle/Documents/2026/M1-M1_vip...,apic_69,0.0015,./grid_batch,grid_search_03407,0.179122,0.5
3400,grid_search_03408,/Users/romanbaravalle/Documents/2026/M1-M1_vip...,apic_7,0.0015,./grid_batch,grid_search_03408,0.614899,0.5
3401,grid_search_03409,/Users/romanbaravalle/Documents/2026/M1-M1_vip...,apic_70,0.0015,./grid_batch,grid_search_03409,0.168381,0.5
3402,grid_search_03410,/Users/romanbaravalle/Documents/2026/M1-M1_vip...,apic_71,0.0015,./grid_batch,grid_search_03410,0.144961,0.5
3403,grid_search_03411,/Users/romanbaravalle/Documents/2026/M1-M1_vip...,apic_72,0.0015,./grid_batch,grid_search_03411,0.133049,0.5
3404,grid_search_03412,/Users/romanbaravalle/Documents/2026/M1-M1_vip...,apic_73,0.0015,./grid_batch,grid_search_03412,0.121987,0.5
3405,grid_search_03413,/Users/romanbaravalle/Documents/2026/M1-M1_vip...,apic_74,0.0015,./grid_batch,grid_search_03413,0.125509,0.5
3406,grid_search_03414,/Users/romanbaravalle/Documents/2026/M1-M1_vip...,apic_75,0.0015,./grid_batch,grid_search_03414,0.129214,0.5
3407,grid_search_03415,/Users/romanbaravalle/Documents/2026/M1-M1_vip...,apic_76,0.0015,./grid_batch,grid_search_03415,0.131342,0.5
3408,grid_search_03416,/Users/romanbaravalle/Documents/2026/M1-M1_vip...,apic_77,0.0015,./grid_batch,grid_search_03416,0.170479,0.5
3409,grid_search_03417,/Users/romanbaravalle/Documents/2026/M1-M1_vip...,apic_78,0.0015,./grid_batch,grid_search_03417,0.137388,0.5
3410,grid_search_03418,/Users/romanbaravalle/Documents/2026/M1-M1_vip...,apic_79,0.0015,./grid_batch,grid_search_03418,0.100609,0.5
3411,grid_search_03419,/Users/romanbaravalle/Documents/2026/M1-M1_vip...,apic_8,0.0015,./grid_batch,grid_search_03419,0.595527,0.5
3412,grid_search_03420,/Users/romanbaravalle/Documents/2026/M1-M1_vip...,apic_80,0.0015,./grid_batch,grid_search_03420,0.110051,0.5
3413,grid_search_03421,/Users/romanbaravalle/Documents/2026/M1-M1_vip...,apic_81,0.0015,./grid_batch,grid_search_03421,0.099693,0.5
3414,grid_search_03422,/Users/romanbaravalle/Documents/2026/M1-M1_vip...,apic_82,0.0015,./grid_batch,grid_search_03422,0.095047,0.5
3415,grid_search_03423,/Users/romanbaravalle/Documents/2026/M1-M1_vip...,apic_83,0.0015,./grid_batch,grid_search_03423,0.145382,0.5
3416,grid_search_03424,/Users/romanbaravalle/Documents/2026/M1-M1_vip...,apic_84,0.0015,./grid_batch,grid_search_03424,0.116496,0.5
3417,grid_search_03425,/Users/romanbaravalle/Documents/2026/M1-M1_vip...,apic_85,0.0015,./grid_batch,grid_search_03425,0.108228,0.5
3418,grid_search_03426,/Users/romanbaravalle/Documents/2026/M1-M1_vip...,apic_86,0.0015,./grid_batch,grid_search_03426,0.092961,0.5
3419,grid_search_03427,/Users/romanbaravalle/Documents/2026/M1-M1_vip...,apic_87,0.0015,./grid_batch,grid_search_03427,0.084716,0.5
3420,grid_search_03428,/Users/romanbaravalle/Documents/2026/M1-M1_vip...,apic_88,0.0015,./grid_batch,grid_search_03428,0.078522,0.5
3421,grid_search_03429,/Users/romanbaravalle/Documents/2026/M1-M1_vip...,apic_89,0.0015,./grid_batch,grid_search_03429,0.078046,0.5
3422,grid_search_03430,/Users/romanbaravalle/Documents/2026/M1-M1_vip...,apic_9,0.0015,./grid_batch,grid_search_03430,0.54696,0.5
3423,grid_search_03431,/Users/romanbaravalle/Documents/2026/M1-M1_vip...,apic_90,0.0015,./grid_batch,grid_search_03431,0.078066,0.5
3424,grid_search_03432,/Users/romanbaravalle/Documents/2026/M1-M1_vip...,apic_91,0.0015,./grid_batch,grid_search_03432,0.078234,0.5
3425,grid_search_03433,/Users/romanbaravalle/Documents/2026/M1-M1_vip...,apic_92,0.0015,./grid_batch,grid_search_03433,0.089401,0.5
3426,grid_search_03434,/Users/romanbaravalle/Documents/2026/M1-M1_vip...,apic_93,0.0015,./grid_batch,grid_search_03434,0.077426,0.5
3427,grid_search_03435,/Users/romanbaravalle/Documents/2026/M1-M1_vip...,apic_94,0.0015,./grid_batch,grid_search_03435,0.076882,0.5
3428,grid_search_03436,/Users/romanbaravalle/Documents/2026/M1-M1_vip...,apic_95,0.0015,./grid_batch,grid_search_03436,0.100481,0.5
3429,grid_search_03437,/Users/romanbaravalle/Documents/2026/M1-M1_vip...,apic_96,0.0015,./grid_batch,grid_search_03437,0.094464,0.5
3430,grid_search_03438,/Users/romanbaravalle/Documents/2026/M1-M1_vip...,apic_97,0.0015,./grid_batch,grid_search_03438,0.094646,0.5
3431,grid_search_03439,/Users/romanbaravalle/Documents/2026/M1-M1_vip...,apic_98,0.0015,./grid_batch,grid_search_03439,0.16401,0.5
3432,grid_search_03440,/Users/romanbaravalle/Documents/2026/M1-M1_vip...,apic_99,0.0015,./grid_batch,grid_search_03440,0.13979,0.5
3433,grid_search_03441,/Users/romanbaravalle/Documents/2026/M1-M1_vip...,dend_0,0.0015,./grid_batch,grid_search_03441,0.725908,0.5
3434,grid_search_03442,/Users/romanbaravalle/Documents/2026/M1-M1_vip...,dend_1,0.0015,./grid_batch,grid_search_03442,0.69031,0.5
3435,grid_search_03443,/Users/romanbaravalle/Documents/2026/M1-M1_vip...,dend_10,0.0015,./grid_batch,grid_search_03443,0.746375,0.5
3436,grid_search_03444,/Users/romanbaravalle/Documents/2026/M1-M1_vip...,dend_100,0.0015,./grid_batch,grid_search_03444,0.722441,0.5
3437,grid_search_03445,/Users/romanbaravalle/Documents/2026/M1-M1_vip...,dend_101,0.0015,./grid_batch,grid_search_03445,0.693796,0.5
3438,grid_search_03446,/Users/romanbaravalle/Documents/2026/M1-M1_vip...,dend_102,0.0015,./grid_batch,grid_search_03446,0.649494,0.5
3439,grid_search_03447,/Users/romanbaravalle/Documents/2026/M1-M1_vip...,dend_103,0.0015,./grid_batch,grid_search_03447,0.679476,0.5
3440,grid_search_03448,/Users/romanbaravalle/Documents/2026/M1-M1_vip...,dend_104,0.0015,./grid_batch,grid_search_03448,0.714728,0.5
3441,grid_search_03449,/Users/romanbaravalle/Documents/2026/M1-M1_vip...,dend_105,0.0015,./grid_batch,grid_search_03449,0.611395,0.5
3442,grid_search_03450,/Users/romanbaravalle/Documents/2026/M1-M1_vip...,dend_106,0.0015,./grid_batch,grid_search_03450,0.603422,0.5
3443,grid_search_03451,/Users/romanbaravalle/Documents/2026/M1-M1_vip...,dend_107,0.0015,./grid_batch,grid_search_03451,0.582014,0.5
3444,grid_search_03452,/Users/romanbaravalle/Documents/2026/M1-M1_vip...,dend_108,0.0015,./grid_batch,grid_search_03452,0.71104,0.5
3445,grid_search_03453,/Users/romanbaravalle/Documents/2026/M1-M1_vip...,dend_109,0.0015,./grid_batch,grid_search_03453,0.588725,0.5
3446,grid_search_03454,/Users/romanbaravalle/Documents/2026/M1-M1_vip...,dend_11,0.0015,./grid_batch,grid_search_03454,0.695014,0.5
3447,grid_search_03455,/Users/romanbaravalle/Documents/2026/M1-M1_vip...,dend_110,0.0015,./grid_batch,grid_search_03455,0.689466,0.5
3448,grid_search_03456,/Users/romanbaravalle/Documents/2026/M1-M1_vip...,dend_111,0.0015,./grid_batch,grid_search_03456,0.579912,0.5
3449,grid_search_03457,/Users/romanbaravalle/Documents/2026/M1-M1_vip...,dend_112,0.0015,./grid_batch,grid_search_03457,0.577023,0.5
3450,grid_search_03458,/Users/romanbaravalle/Documents/2026/M1-M1_vip...,dend_12,0.0015,./grid_batch,grid_search_03458,0.738904,0.5
3451,grid_search_03459,/Users/romanbaravalle/Documents/2026/M1-M1_vip...,dend_13,0.0015,./grid_batch,grid_search_03459,0.731729,0.5
3452,grid_search_03460,/Users/romanbaravalle/Documents/2026/M1-M1_vip...,dend_14,0.0015,./grid_batch,grid_search_03460,0.662139,0.5
3453,grid_search_03461,/Users/romanbaravalle/Documents/2026/M1-M1_vip...,dend_15,0.0015,./grid_batch,grid_search_03461,0.699605,0.5
3454,grid_search_03462,/Users/romanbaravalle/Documents/2026/M1-M1_vip...,dend_16,0.0015,./grid_batch,grid_search_03462,0.690073,0.5
3455,grid_search_03463,/Users/romanbaravalle/Documents/2026/M1-M1_vip...,dend_17,0.0015,./grid_batch,grid_search_03463,0.747208,0.5
3456,grid_search_03464,/Users/romanbaravalle/Documents/2026/M1-M1_vip...,dend_18,0.0015,./grid_batch,grid_search_03464,0.723461,0.5
3457,grid_search_03465,/Users/romanbaravalle/Documents/2026/M1-M1_vip...,dend_19,0.0015,./grid_batch,grid_search_03465,0.703826,0.5
3458,grid_search_03466,/Users/romanbaravalle/Documents/2026/M1-M1_vip...,dend_2,0.0015,./grid_batch,grid_search_03466,0.684736,0.5
3459,grid_search_03467,/Users/romanbaravalle/Documents/2026/M1-M1_vip...,dend_20,0.0015,./grid_batch,grid_search_03467,0.689617,0.5
3460,grid_search_03468,/Users/romanbaravalle/Documents/2026/M1-M1_vip...,dend_21,0.0015,./grid_batch,grid_search_03468,0.658327,0.5
3461,grid_search_03469,/Users/romanbaravalle/Documents/2026/M1-M1_vip...,dend_22,0.0015,./grid_batch,grid_search_03469,0.659445,0.5
3462,grid_search_03470,/Users/romanbaravalle/Documents/2026/M1-M1_vip...,dend_23,0.0015,./grid_batch,grid_search_03470,0.688788,0.5
3463,grid_search_03471,/Users/romanbaravalle/Documents/2026/M1-M1_vip...,dend_24,0.0015,./grid_batch,grid_search_03471,0.659306,0.5
3464,grid_search_03472,/Users/romanbaravalle/Documents/2026/M1-M1_vip...,dend_25,0.0015,./grid_batch,grid_search_03472,0.644756,0.5
3465,grid_search_03473,/Users/romanbaravalle/Documents/2026/M1-M1_vip...,dend_26,0.0015,./grid_batch,grid_search_03473,0.702412,0.5
3466,grid_search_03474,/Users/romanbaravalle/Documents/2026/M1-M1_vip...,dend_27,0.0015,./grid_batch,grid_search_03474,0.655514,0.5
3467,grid_search_03475,/Users/romanbaravalle/Documents/2026/M1-M1_vip...,dend_28,0.0015,./grid_batch,grid_search_03475,0.675444,0.5
3468,grid_search_03476,/Users/romanbaravalle/Documents/2026/M1-M1_vip...,dend_29,0.0015,./grid_batch,grid_search_03476,0.732522,0.5
3469,grid_search_03477,/Users/romanbaravalle/Documents/2026/M1-M1_vip...,dend_3,0.0015,./grid_batch,grid_search_03477,0.749829,0.5
3470,grid_search_03478,/Users/romanbaravalle/Documents/2026/M1-M1_vip...,dend_30,0.0015,./grid_batch,grid_search_03478,0.693377,0.5
3471,grid_search_03479,/Users/romanbaravalle/Documents/2026/M1-M1_vip...,dend_31,0.0015,./grid_batch,grid_search_03479,0.663076,0.5
3472,grid_search_03480,/Users/romanbaravalle/Documents/2026/M1-M1_vip...,dend_32,0.0015,./grid_batch,grid_search_03480,0.721168,0.5
3473,grid_search_03481,/Users/romanbaravalle/Documents/2026/M1-M1_vip...,dend_33,0.0015,./grid_batch,grid_search_03481,0.688541,0.5
3474,grid_search_03482,/Users/romanbaravalle/Documents/2026/M1-M1_vip...,dend_34,0.0015,./grid_batch,grid_search_03482,0.676656,0.5
3475,grid_search_03483,/Users/romanbaravalle/Documents/2026/M1-M1_vip...,dend_35,0.0015,./grid_batch,grid_search_03483,0.672429,0.5
3476,grid_search_03484,/Users/romanbaravalle/Documents/2026/M1-M1_vip...,dend_36,0.0015,./grid_batch,grid_search_03484,0.628537,0.5
3477,grid_search_03485,/Users/romanbaravalle/Documents/2026/M1-M1_vip...,dend_37,0.0015,./grid_batch,grid_search_03485,0.619414,0.5
3478,grid_search_03486,/Users/romanbaravalle/Documents/2026/M1-M1_vip...,dend_38,0.0015,./grid_batch,grid_search_03486,0.67245,0.5
3479,grid_search_03487,/Users/romanbaravalle/Documents/2026/M1-M1_vip...,dend_39,0.0015,./grid_batch,grid_search_03487,0.656836,0.5
3480,grid_search_03488,/Users/romanbaravalle/Documents/2026/M1-M1_vip...,dend_4,0.0015,./grid_batch,grid_search_03488,0.738929,0.5
3481,grid_search_03489,/Users/romanbaravalle/Documents/2026/M1-M1_vip...,dend_40,0.0015,./grid_batch,grid_search_03489,0.645418,0.5
3482,grid_search_03490,/Users/romanbaravalle/Documents/2026/M1-M1_vip...,dend_41,0.0015,./grid_batch,grid_search_03490,0.597896,0.5
3483,grid_search_03491,/Users/romanbaravalle/Documents/2026/M1-M1_vip...,dend_42,0.0015,./grid_batch,grid_search_03491,0.637963,0.5
3484,grid_search_03492,/Users/romanbaravalle/Documents/2026/M1-M1_vip...,dend_43,0.0015,./grid_batch,grid_search_03492,0.598973,0.5
3485,grid_search_03493,/Users/romanbaravalle/Documents/2026/M1-M1_vip...,dend_44,0.0015,./grid_batch,grid_search_03493,0.610096,0.5
3486,grid_search_03494,/Users/romanbaravalle/Documents/2026/M1-M1_vip...,dend_45,0.0015,./grid_batch,grid_search_03494,0.613293,0.5
3487,grid_search_03495,/Users/romanbaravalle/Documents/2026/M1-M1_vip...,dend_46,0.0015,./grid_batch,grid_search_03495,0.661921,0.5
3488,grid_search_03496,/Users/romanbaravalle/Documents/2026/M1-M1_vip...,dend_47,0.0015,./grid_batch,grid_search_03496,0.623069,0.5
3489,grid_search_03497,/Users/romanbaravalle/Documents/2026/M1-M1_vip...,dend_48,0.0015,./grid_batch,grid_search_03497,0.649478,0.5
3490,grid_search_03498,/Users/romanbaravalle/Documents/2026/M1-M1_vip...,dend_49,0.0015,./grid_batch,grid_search_03498,0.607095,0.5
3491,grid_search_03499,/Users/romanbaravalle/Documents/2026/M1-M1_vip...,dend_5,0.0015,./grid_batch,grid_search_03499,0.52699,0.5
3492,grid_search_03500,/Users/romanbaravalle/Documents/2026/M1-M1_vip...,dend_50,0.0015,./grid_batch,grid_search_03500,0.612684,0.5
3493,grid_search_03501,/Users/romanbaravalle/Documents/2026/M1-M1_vip...,dend_51,0.0015,./grid_batch,grid_search_03501,0.675722,0.5
3494,grid_search_03502,/Users/romanbaravalle/Documents/2026/M1-M1_vip...,dend_52,0.0015,./grid_batch,grid_search_03502,0.668516,0.5
3495,grid_search_03503,/Users/romanbaravalle/Documents/2026/M1-M1_vip...,dend_53,0.0015,./grid_batch,grid_search_03503,0.62557,0.5
3496,grid_search_03504,/Users/romanbaravalle/Documents/2026/M1-M1_vip...,dend_54,0.0015,./grid_batch,grid_search_03504,0.624423,0.5
3497,grid_search_03505,/Users/romanbaravalle/Documents/2026/M1-M1_vip...,dend_55,0.0015,./grid_batch,grid_search_03505,0.629373,0.5
3498,grid_search_03506,/Users/romanbaravalle/Documents/2026/M1-M1_vip...,dend_56,0.0015,./grid_batch,grid_search_03506,0.65658,0.5
3499,grid_search_03507,/Users/romanbaravalle/Documents/2026/M1-M1_vip...,dend_57,0.0015,./grid_batch,grid_search_03507,0.750885,0.5
3500,grid_search_03508,/Users/romanbaravalle/Documents/2026/M1-M1_vip...,dend_58,0.0015,./grid_batch,grid_search_03508,0.719885,0.5
3501,grid_search_03509,/Users/romanbaravalle/Documents/2026/M1-M1_vip...,dend_59,0.0015,./grid_batch,grid_search_03509,0.698219,0.5
3502,grid_search_03510,/Users/romanbaravalle/Documents/2026/M1-M1_vip...,dend_6,0.0015,./grid_batch,grid_search_03510,0.318058,0.5
3503,grid_search_03511,/Users/romanbaravalle/Documents/2026/M1-M1_vip...,dend_60,0.0015,./grid_batch,grid_search_03511,0.741312,0.5
3504,grid_search_03512,/Users/romanbaravalle/Documents/2026/M1-M1_vip...,dend_61,0.0015,./grid_batch,grid_search_03512,0.710495,0.5
3505,grid_search_03513,/Users/romanbaravalle/Documents/2026/M1-M1_vip...,dend_62,0.0015,./grid_batch,grid_search_03513,0.710043,0.5
3506,grid_search_03514,/Users/romanbaravalle/Documents/2026/M1-M1_vip...,dend_63,0.0015,./grid_batch,grid_search_03514,0.743789,0.5
3507,grid_search_03515,/Users/romanbaravalle/Documents/2026/M1-M1_vip...,dend_64,0.0015,./grid_batch,grid_search_03515,0.730047,0.5
3508,grid_search_03516,/Users/romanbaravalle/Documents/2026/M1-M1_vip...,dend_65,0.0015,./grid_batch,grid_search_03516,0.70313,0.5
3509,grid_search_03517,/Users/romanbaravalle/Documents/2026/M1-M1_vip...,dend_66,0.0015,./grid_batch,grid_search_03517,0.705466,0.5
3510,grid_search_03518,/Users/romanbaravalle/Documents/2026/M1-M1_vip...,dend_67,0.0015,./grid_batch,grid_search_03518,0.70068,0.5
3511,grid_search_03519,/Users/romanbaravalle/Documents/2026/M1-M1_vip...,dend_68,0.0015,./grid_batch,grid_search_03519,0.742248,0.5
3512,grid_search_03520,/Users/romanbaravalle/Documents/2026/M1-M1_vip...,dend_69,0.0015,./grid_batch,grid_search_03520,0.720603,0.5
3513,grid_search_03521,/Users/romanbaravalle/Documents/2026/M1-M1_vip...,dend_7,0.0015,./grid_batch,grid_search_03521,0.741397,0.5
3514,grid_search_03522,/Users/romanbaravalle/Documents/2026/M1-M1_vip...,dend_70,0.0015,./grid_batch,grid_search_03522,0.677552,0.5
3515,grid_search_03523,/Users/romanbaravalle/Documents/2026/M1-M1_vip...,dend_71,0.0015,./grid_batch,grid_search_03523,0.569883,0.5
3516,grid_search_03524,/Users/romanbaravalle/Documents/2026/M1-M1_vip...,dend_72,0.0015,./grid_batch,grid_search_03524,0.657949,0.5
3517,grid_search_03525,/Users/romanbaravalle/Documents/2026/M1-M1_vip...,dend_73,0.0015,./grid_batch,grid_search_03525,0.747087,0.5
3518,grid_search_03526,/Users/romanbaravalle/Documents/2026/M1-M1_vip...,dend_74,0.0015,./grid_batch,grid_search_03526,0.7321,0.5
3519,grid_search_03527,/Users/romanbaravalle/Documents/2026/M1-M1_vip...,dend_75,0.0015,./grid_batch,grid_search_03527,0.716696,0.5
3520,grid_search_03528,/Users/romanbaravalle/Documents/2026/M1-M1_vip...,dend_76,0.0015,./grid_batch,grid_search_03528,0.674032,0.5
3521,grid_search_03529,/Users/romanbaravalle/Documents/2026/M1-M1_vip...,dend_77,0.0015,./grid_batch,grid_search_03529,0.705229,0.5
3522,grid_search_03530,/Users/romanbaravalle/Documents/2026/M1-M1_vip...,dend_78,0.0015,./grid_batch,grid_search_03530,0.671522,0.5
3523,grid_search_03531,/Users/romanbaravalle/Documents/2026/M1-M1_vip...,dend_79,0.0015,./grid_batch,grid_search_03531,0.700204,0.5
3524,grid_search_03532,/Users/romanbaravalle/Documents/2026/M1-M1_vip...,dend_8,0.0015,./grid_batch,grid_search_03532,0.695851,0.5
3525,grid_search_03533,/Users/romanbaravalle/Documents/2026/M1-M1_vip...,dend_80,0.0015,./grid_batch,grid_search_03533,0.722459,0.5
3526,grid_search_03534,/Users/romanbaravalle/Documents/2026/M1-M1_vip...,dend_81,0.0015,./grid_batch,grid_search_03534,0.670587,0.5
3527,grid_search_03535,/Users/romanbaravalle/Documents/2026/M1-M1_vip...,dend_82,0.0015,./grid_batch,grid_search_03535,0.701781,0.5
3528,grid_search_03536,/Users/romanbaravalle/Documents/2026/M1-M1_vip...,dend_83,0.0015,./grid_batch,grid_search_03536,0.683825,0.5
3529,grid_search_03537,/Users/romanbaravalle/Documents/2026/M1-M1_vip...,dend_84,0.0015,./grid_batch,grid_search_03537,0.663233,0.5
3530,grid_search_03538,/Users/romanbaravalle/Documents/2026/M1-M1_vip...,dend_85,0.0015,./grid_batch,grid_search_03538,0.63464,0.5
3531,grid_search_03539,/Users/romanbaravalle/Documents/2026/M1-M1_vip...,dend_86,0.0015,./grid_batch,grid_search_03539,0.631943,0.5
3532,grid_search_03540,/Users/romanbaravalle/Documents/2026/M1-M1_vip...,dend_87,0.0015,./grid_batch,grid_search_03540,0.740617,0.5
3533,grid_search_03541,/Users/romanbaravalle/Documents/2026/M1-M1_vip...,dend_88,0.0015,./grid_batch,grid_search_03541,0.717687,0.5
3534,grid_search_03542,/Users/romanbaravalle/Documents/2026/M1-M1_vip...,dend_89,0.0015,./grid_batch,grid_search_03542,0.618284,0.5
3535,grid_search_03543,/Users/romanbaravalle/Documents/2026/M1-M1_vip...,dend_9,0.0015,./grid_batch,grid_search_03543,0.673554,0.5
3536,grid_search_03544,/Users/romanbaravalle/Documents/2026/M1-M1_vip...,dend_90,0.0015,./grid_batch,grid_search_03544,0.669362,0.5
3537,grid_search_03545,/Users/romanbaravalle/Documents/2026/M1-M1_vip...,dend_91,0.0015,./grid_batch,grid_search_03545,0.544298,0.5
3538,grid_search_03546,/Users/romanbaravalle/Documents/2026/M1-M1_vip...,dend_92,0.0015,./grid_batch,grid_search_03546,0.538348,0.5
3539,grid_search_03547,/Users/romanbaravalle/Documents/2026/M1-M1_vip...,dend_93,0.0015,./grid_batch,grid_search_03547,0.736117,0.5
3540,grid_search_03548,/Users/romanbaravalle/Documents/2026/M1-M1_vip...,dend_94,0.0015,./grid_batch,grid_search_03548,0.714208,0.5
3541,grid_search_03549,/Users/romanbaravalle/Documents/2026/M1-M1_vip...,dend_95,0.0015,./grid_batch,grid_search_03549,0.435396,0.5
3542,grid_search_03550,/Users/romanbaravalle/Documents/2026/M1-M1_vip...,dend_96,0.0015,./grid_batch,grid_search_03550,0.093319,0.5
3543,grid_search_03551,/Users/romanbaravalle/Documents/2026/M1-M1_vip...,dend_97,0.0015,./grid_batch,grid_search_03551,0.160318,0.5
3544,grid_search_03552,/Users/romanbaravalle/Documents/2026/M1-M1_vip...,dend_98,0.0015,./grid_batch,grid_search_03552,0.681289,0.5
3545,grid_search_03553,/Users/romanbaravalle/Documents/2026/M1-M1_vip...,dend_99,0.0015,./grid_batch,grid_search_03553,0.693748,0.5
3546,grid_search_03554,/Users/romanbaravalle/Documents/2026/M1-M1_vip...,soma,0.0015,./grid_batch,grid_search_03554,0.752236,0.5
3547,grid_search_03555,/Users/romanbaravalle/Documents/2026/M1-M1_vip...,apic_0,0.0016,./grid_batch,grid_search_03555,0.790321,0.5
3548,grid_search_03556,/Users/romanbaravalle/Documents/2026/M1-M1_vip...,apic_1,0.0016,./grid_batch,grid_search_03556,0.757561,0.5
3549,grid_search_03557,/Users/romanbaravalle/Documents/2026/M1-M1_vip...,apic_10,0.0016,./grid_batch,grid_search_03557,0.592277,0.5
3550,grid_search_03558,/Users/romanbaravalle/Documents/2026/M1-M1_vip...,apic_100,0.0016,./grid_batch,grid_search_03558,0.131318,0.5
3551,grid_search_03559,/Users/romanbaravalle/Documents/2026/M1-M1_vip...,apic_101,0.0016,./grid_batch,grid_search_03559,0.131859,0.5
3552,grid_search_03560,/Users/romanbaravalle/Documents/2026/M1-M1_vip...,apic_102,0.0016,./grid_batch,grid_search_03560,0.13186,0.5
3553,grid_search_03561,/Users/romanbaravalle/Documents/2026/M1-M1_vip...,apic_103,0.0016,./grid_batch,grid_search_03561,0.145809,0.5
3554,grid_search_03562,/Users/romanbaravalle/Documents/2026/M1-M1_vip...,apic_104,0.0016,./grid_batch,grid_search_03562,0.151022,0.5
3555,grid_search_03563,/Users/romanbaravalle/Documents/2026/M1-M1_vip...,apic_105,0.0016,./grid_batch,grid_search_03563,0.148605,0.5
3556,grid_search_03564,/Users/romanbaravalle/Documents/2026/M1-M1_vip...,apic_106,0.0016,./grid_batch,grid_search_03564,0.141091,0.5
3557,grid_search_03565,/Users/romanbaravalle/Documents/2026/M1-M1_vip...,apic_107,0.0016,./grid_batch,grid_search_03565,0.119702,0.5
3558,grid_search_03566,/Users/romanbaravalle/Documents/2026/M1-M1_vip...,apic_108,0.0016,./grid_batch,grid_search_03566,0.43977,0.5
3559,grid_search_03567,/Users/romanbaravalle/Documents/2026/M1-M1_vip...,apic_109,0.0016,./grid_batch,grid_search_03567,0.142372,0.5
3560,grid_search_03568,/Users/romanbaravalle/Documents/2026/M1-M1_vip...,apic_11,0.0016,./grid_batch,grid_search_03568,0.592719,0.5
3561,grid_search_03569,/Users/romanbaravalle/Documents/2026/M1-M1_vip...,apic_110,0.0016,./grid_batch,grid_search_03569,0.142371,0.5
3562,grid_search_03570,/Users/romanbaravalle/Documents/2026/M1-M1_vip...,apic_111,0.0016,./grid_batch,grid_search_03570,0.211057,0.5
3563,grid_search_03571,/Users/romanbaravalle/Documents/2026/M1-M1_vip...,apic_112,0.0016,./grid_batch,grid_search_03571,0.146497,0.5
3564,grid_search_03572,/Users/romanbaravalle/Documents/2026/M1-M1_vip...,apic_113,0.0016,./grid_batch,grid_search_03572,0.620208,0.5
3565,grid_search_03573,/Users/romanbaravalle/Documents/2026/M1-M1_vip...,apic_114,0.0016,./grid_batch,grid_search_03573,0.755358,0.5
3566,grid_search_03574,/Users/romanbaravalle/Documents/2026/M1-M1_vip...,apic_115,0.0016,./grid_batch,grid_search_03574,0.737109,0.5
3567,grid_search_03575,/Users/romanbaravalle/Documents/2026/M1-M1_vip...,apic_116,0.0016,./grid_batch,grid_search_03575,0.73366,0.5
3568,grid_search_03576,/Users/romanbaravalle/Documents/2026/M1-M1_vip...,apic_117,0.0016,./grid_batch,grid_search_03576,0.724511,0.5
3569,grid_search_03577,/Users/romanbaravalle/Documents/2026/M1-M1_vip...,apic_118,0.0016,./grid_batch,grid_search_03577,0.659211,0.5
3570,grid_search_03578,/Users/romanbaravalle/Documents/2026/M1-M1_vip...,apic_119,0.0016,./grid_batch,grid_search_03578,0.652509,0.5
3571,grid_search_03579,/Users/romanbaravalle/Documents/2026/M1-M1_vip...,apic_12,0.0016,./grid_batch,grid_search_03579,0.642487,0.5
3572,grid_search_03580,/Users/romanbaravalle/Documents/2026/M1-M1_vip...,apic_120,0.0016,./grid_batch,grid_search_03580,0.681394,0.5
3573,grid_search_03581,/Users/romanbaravalle/Documents/2026/M1-M1_vip...,apic_121,0.0016,./grid_batch,grid_search_03581,0.689892,0.5
3574,grid_search_03582,/Users/romanbaravalle/Documents/2026/M1-M1_vip...,apic_122,0.0016,./grid_batch,grid_search_03582,0.71348,0.5
3575,grid_search_03583,/Users/romanbaravalle/Documents/2026/M1-M1_vip...,apic_13,0.0016,./grid_batch,grid_search_03583,0.603396,0.5
3576,grid_search_03584,/Users/romanbaravalle/Documents/2026/M1-M1_vip...,apic_14,0.0016,./grid_batch,grid_search_03584,0.618801,0.5
3577,grid_search_03585,/Users/romanbaravalle/Documents/2026/M1-M1_vip...,apic_15,0.0016,./grid_batch,grid_search_03585,0.587122,0.5
3578,grid_search_03586,/Users/romanbaravalle/Documents/2026/M1-M1_vip...,apic_16,0.0016,./grid_batch,grid_search_03586,0.604014,0.5
3579,grid_search_03587,/Users/romanbaravalle/Documents/2026/M1-M1_vip...,apic_17,0.0016,./grid_batch,grid_search_03587,0.667479,0.5
3580,grid_search_03588,/Users/romanbaravalle/Documents/2026/M1-M1_vip...,apic_18,0.0016,./grid_batch,grid_search_03588,0.616096,0.5
3581,grid_search_03589,/Users/romanbaravalle/Documents/2026/M1-M1_vip...,apic_19,0.0016,./grid_batch,grid_search_03589,0.582275,0.5
3582,grid_search_03590,/Users/romanbaravalle/Documents/2026/M1-M1_vip...,apic_2,0.0016,./grid_batch,grid_search_03590,0.671296,0.5
3583,grid_search_03591,/Users/romanbaravalle/Documents/2026/M1-M1_vip...,apic_20,0.0016,./grid_batch,grid_search_03591,0.577303,0.5
3584,grid_search_03592,/Users/romanbaravalle/Documents/2026/M1-M1_vip...,apic_21,0.0016,./grid_batch,grid_search_03592,0.563406,0.5
3585,grid_search_03593,/Users/romanbaravalle/Documents/2026/M1-M1_vip...,apic_22,0.0016,./grid_batch,grid_search_03593,0.508996,0.5
3586,grid_search_03594,/Users/romanbaravalle/Documents/2026/M1-M1_vip...,apic_23,0.0016,./grid_batch,grid_search_03594,0.51435,0.5
3587,grid_search_03595,/Users/romanbaravalle/Documents/2026/M1-M1_vip...,apic_24,0.0016,./grid_batch,grid_search_03595,0.571502,0.5
3588,grid_search_03596,/Users/romanbaravalle/Documents/2026/M1-M1_vip...,apic_25,0.0016,./grid_batch,grid_search_03596,0.536933,0.5
3589,grid_search_03597,/Users/romanbaravalle/Documents/2026/M1-M1_vip...,apic_26,0.0016,./grid_batch,grid_search_03597,0.531213,0.5
3590,grid_search_03598,/Users/romanbaravalle/Documents/2026/M1-M1_vip...,apic_27,0.0016,./grid_batch,grid_search_03598,0.570476,0.5
3591,grid_search_03599,/Users/romanbaravalle/Documents/2026/M1-M1_vip...,apic_28,0.0016,./grid_batch,grid_search_03599,0.536287,0.5
3592,grid_search_03600,/Users/romanbaravalle/Documents/2026/M1-M1_vip...,apic_29,0.0016,./grid_batch,grid_search_03600,0.536623,0.5
3593,grid_search_03601,/Users/romanbaravalle/Documents/2026/M1-M1_vip...,apic_3,0.0016,./grid_batch,grid_search_03601,0.72546,0.5
3594,grid_search_03602,/Users/romanbaravalle/Documents/2026/M1-M1_vip...,apic_30,0.0016,./grid_batch,grid_search_03602,0.568562,0.5
3595,grid_search_03603,/Users/romanbaravalle/Documents/2026/M1-M1_vip...,apic_31,0.0016,./grid_batch,grid_search_03603,0.541637,0.5
3596,grid_search_03604,/Users/romanbaravalle/Documents/2026/M1-M1_vip...,apic_32,0.0016,./grid_batch,grid_search_03604,0.510617,0.5
3597,grid_search_03605,/Users/romanbaravalle/Documents/2026/M1-M1_vip...,apic_33,0.0016,./grid_batch,grid_search_03605,0.502125,0.5
3598,grid_search_03606,/Users/romanbaravalle/Documents/2026/M1-M1_vip...,apic_34,0.0016,./grid_batch,grid_search_03606,0.530278,0.5
3599,grid_search_03607,/Users/romanbaravalle/Documents/2026/M1-M1_vip...,apic_35,0.0016,./grid_batch,grid_search_03607,0.479993,0.5
3600,grid_search_03608,/Users/romanbaravalle/Documents/2026/M1-M1_vip...,apic_36,0.0016,./grid_batch,grid_search_03608,0.497258,0.5
3601,grid_search_03609,/Users/romanbaravalle/Documents/2026/M1-M1_vip...,apic_37,0.0016,./grid_batch,grid_search_03609,0.443125,0.5
3602,grid_search_03610,/Users/romanbaravalle/Documents/2026/M1-M1_vip...,apic_38,0.0016,./grid_batch,grid_search_03610,0.476483,0.5
3603,grid_search_03611,/Users/romanbaravalle/Documents/2026/M1-M1_vip...,apic_39,0.0016,./grid_batch,grid_search_03611,0.434684,0.5
3604,grid_search_03612,/Users/romanbaravalle/Documents/2026/M1-M1_vip...,apic_4,0.0016,./grid_batch,grid_search_03612,0.630083,0.5
3605,grid_search_03613,/Users/romanbaravalle/Documents/2026/M1-M1_vip...,apic_40,0.0016,./grid_batch,grid_search_03613,0.468828,0.5
3606,grid_search_03614,/Users/romanbaravalle/Documents/2026/M1-M1_vip...,apic_41,0.0016,./grid_batch,grid_search_03614,0.460811,0.5
3607,grid_search_03615,/Users/romanbaravalle/Documents/2026/M1-M1_vip...,apic_42,0.0016,./grid_batch,grid_search_03615,0.451406,0.5
3608,grid_search_03616,/Users/romanbaravalle/Documents/2026/M1-M1_vip...,apic_43,0.0016,./grid_batch,grid_search_03616,0.400125,0.5
3609,grid_search_03617,/Users/romanbaravalle/Documents/2026/M1-M1_vip...,apic_44,0.0016,./grid_batch,grid_search_03617,0.36305,0.5
3610,grid_search_03618,/Users/romanbaravalle/Documents/2026/M1-M1_vip...,apic_45,0.0016,./grid_batch,grid_search_03618,0.36305,0.5
3611,grid_search_03619,/Users/romanbaravalle/Documents/2026/M1-M1_vip...,apic_46,0.0016,./grid_batch,grid_search_03619,0.382295,0.5
3612,grid_search_03620,/Users/romanbaravalle/Documents/2026/M1-M1_vip...,apic_47,0.0016,./grid_batch,grid_search_03620,0.415599,0.5
3613,grid_search_03621,/Users/romanbaravalle/Documents/2026/M1-M1_vip...,apic_48,0.0016,./grid_batch,grid_search_03621,0.347375,0.5
3614,grid_search_03622,/Users/romanbaravalle/Documents/2026/M1-M1_vip...,apic_49,0.0016,./grid_batch,grid_search_03622,0.438088,0.5
3615,grid_search_03623,/Users/romanbaravalle/Documents/2026/M1-M1_vip...,apic_5,0.0016,./grid_batch,grid_search_03623,0.698588,0.5
3616,grid_search_03624,/Users/romanbaravalle/Documents/2026/M1-M1_vip...,apic_50,0.0016,./grid_batch,grid_search_03624,0.438088,0.5
3617,grid_search_03625,/Users/romanbaravalle/Documents/2026/M1-M1_vip...,apic_51,0.0016,./grid_batch,grid_search_03625,0.366418,0.5
3618,grid_search_03626,/Users/romanbaravalle/Documents/2026/M1-M1_vip...,apic_52,0.0016,./grid_batch,grid_search_03626,0.457627,0.5
3619,grid_search_03627,/Users/romanbaravalle/Documents/2026/M1-M1_vip...,apic_53,0.0016,./grid_batch,grid_search_03627,0.430243,0.5
3620,grid_search_03628,/Users/romanbaravalle/Documents/2026/M1-M1_vip...,apic_54,0.0016,./grid_batch,grid_search_03628,0.436369,0.5
3621,grid_search_03629,/Users/romanbaravalle/Documents/2026/M1-M1_vip...,apic_55,0.0016,./grid_batch,grid_search_03629,0.41235,0.5
3622,grid_search_03630,/Users/romanbaravalle/Documents/2026/M1-M1_vip...,apic_56,0.0016,./grid_batch,grid_search_03630,0.396584,0.5
3623,grid_search_03631,/Users/romanbaravalle/Documents/2026/M1-M1_vip...,apic_57,0.0016,./grid_batch,grid_search_03631,0.356525,0.5
3624,grid_search_03632,/Users/romanbaravalle/Documents/2026/M1-M1_vip...,apic_58,0.0016,./grid_batch,grid_search_03632,0.359055,0.5
3625,grid_search_03633,/Users/romanbaravalle/Documents/2026/M1-M1_vip...,apic_59,0.0016,./grid_batch,grid_search_03633,0.394707,0.5
3626,grid_search_03634,/Users/romanbaravalle/Documents/2026/M1-M1_vip...,apic_6,0.0016,./grid_batch,grid_search_03634,0.678702,0.5
3627,grid_search_03635,/Users/romanbaravalle/Documents/2026/M1-M1_vip...,apic_60,0.0016,./grid_batch,grid_search_03635,0.367617,0.5
3628,grid_search_03636,/Users/romanbaravalle/Documents/2026/M1-M1_vip...,apic_61,0.0016,./grid_batch,grid_search_03636,0.377251,0.5
3629,grid_search_03637,/Users/romanbaravalle/Documents/2026/M1-M1_vip...,apic_62,0.0016,./grid_batch,grid_search_03637,0.361797,0.5
3630,grid_search_03638,/Users/romanbaravalle/Documents/2026/M1-M1_vip...,apic_63,0.0016,./grid_batch,grid_search_03638,0.361797,0.5
3631,grid_search_03639,/Users/romanbaravalle/Documents/2026/M1-M1_vip...,apic_64,0.0016,./grid_batch,grid_search_03639,0.411072,0.5
3632,grid_search_03640,/Users/romanbaravalle/Documents/2026/M1-M1_vip...,apic_65,0.0016,./grid_batch,grid_search_03640,0.371279,0.5
3633,grid_search_03641,/Users/romanbaravalle/Documents/2026/M1-M1_vip...,apic_66,0.0016,./grid_batch,grid_search_03641,0.294369,0.5
3634,grid_search_03642,/Users/romanbaravalle/Documents/2026/M1-M1_vip...,apic_67,0.0016,./grid_batch,grid_search_03642,0.201027,0.5
3635,grid_search_03643,/Users/romanbaravalle/Documents/2026/M1-M1_vip...,apic_68,0.0016,./grid_batch,grid_search_03643,0.157743,0.5
3636,grid_search_03644,/Users/romanbaravalle/Documents/2026/M1-M1_vip...,apic_69,0.0016,./grid_batch,grid_search_03644,0.191042,0.5
3637,grid_search_03645,/Users/romanbaravalle/Documents/2026/M1-M1_vip...,apic_7,0.0016,./grid_batch,grid_search_03645,0.654646,0.5
3638,grid_search_03646,/Users/romanbaravalle/Documents/2026/M1-M1_vip...,apic_70,0.0016,./grid_batch,grid_search_03646,0.179573,0.5
3639,grid_search_03647,/Users/romanbaravalle/Documents/2026/M1-M1_vip...,apic_71,0.0016,./grid_batch,grid_search_03647,0.154619,0.5
3640,grid_search_03648,/Users/romanbaravalle/Documents/2026/M1-M1_vip...,apic_72,0.0016,./grid_batch,grid_search_03648,0.142039,0.5
3641,grid_search_03649,/Users/romanbaravalle/Documents/2026/M1-M1_vip...,apic_73,0.0016,./grid_batch,grid_search_03649,0.130633,0.5
3642,grid_search_03650,/Users/romanbaravalle/Documents/2026/M1-M1_vip...,apic_74,0.0016,./grid_batch,grid_search_03650,0.134131,0.5
3643,grid_search_03651,/Users/romanbaravalle/Documents/2026/M1-M1_vip...,apic_75,0.0016,./grid_batch,grid_search_03651,0.137913,0.5
3644,grid_search_03652,/Users/romanbaravalle/Documents/2026/M1-M1_vip...,apic_76,0.0016,./grid_batch,grid_search_03652,0.140411,0.5
3645,grid_search_03653,/Users/romanbaravalle/Documents/2026/M1-M1_vip...,apic_77,0.0016,./grid_batch,grid_search_03653,0.181828,0.5
3646,grid_search_03654,/Users/romanbaravalle/Documents/2026/M1-M1_vip...,apic_78,0.0016,./grid_batch,grid_search_03654,0.146532,0.5
3647,grid_search_03655,/Users/romanbaravalle/Documents/2026/M1-M1_vip...,apic_79,0.0016,./grid_batch,grid_search_03655,0.109272,0.5
3648,grid_search_03656,/Users/romanbaravalle/Documents/2026/M1-M1_vip...,apic_8,0.0016,./grid_batch,grid_search_03656,0.633374,0.5
3649,grid_search_03657,/Users/romanbaravalle/Documents/2026/M1-M1_vip...,apic_80,0.0016,./grid_batch,grid_search_03657,0.117651,0.5
3650,grid_search_03658,/Users/romanbaravalle/Documents/2026/M1-M1_vip...,apic_81,0.0016,./grid_batch,grid_search_03658,0.106973,0.5
3651,grid_search_03659,/Users/romanbaravalle/Documents/2026/M1-M1_vip...,apic_82,0.0016,./grid_batch,grid_search_03659,0.102969,0.5
3652,grid_search_03660,/Users/romanbaravalle/Documents/2026/M1-M1_vip...,apic_83,0.0016,./grid_batch,grid_search_03660,0.155049,0.5
3653,grid_search_03661,/Users/romanbaravalle/Documents/2026/M1-M1_vip...,apic_84,0.0016,./grid_batch,grid_search_03661,0.124324,0.5
3654,grid_search_03662,/Users/romanbaravalle/Documents/2026/M1-M1_vip...,apic_85,0.0016,./grid_batch,grid_search_03662,0.115527,0.5
3655,grid_search_03663,/Users/romanbaravalle/Documents/2026/M1-M1_vip...,apic_86,0.0016,./grid_batch,grid_search_03663,0.099612,0.5
3656,grid_search_03664,/Users/romanbaravalle/Documents/2026/M1-M1_vip...,apic_87,0.0016,./grid_batch,grid_search_03664,0.090825,0.5
3657,grid_search_03665,/Users/romanbaravalle/Documents/2026/M1-M1_vip...,apic_88,0.0016,./grid_batch,grid_search_03665,0.084418,0.5
3658,grid_search_03666,/Users/romanbaravalle/Documents/2026/M1-M1_vip...,apic_89,0.0016,./grid_batch,grid_search_03666,0.083927,0.5
3659,grid_search_03667,/Users/romanbaravalle/Documents/2026/M1-M1_vip...,apic_9,0.0016,./grid_batch,grid_search_03667,0.579794,0.5
3660,grid_search_03668,/Users/romanbaravalle/Documents/2026/M1-M1_vip...,apic_90,0.0016,./grid_batch,grid_search_03668,0.083915,0.5
3661,grid_search_03669,/Users/romanbaravalle/Documents/2026/M1-M1_vip...,apic_91,0.0016,./grid_batch,grid_search_03669,0.084167,0.5
3662,grid_search_03670,/Users/romanbaravalle/Documents/2026/M1-M1_vip...,apic_92,0.0016,./grid_batch,grid_search_03670,0.095681,0.5
3663,grid_search_03671,/Users/romanbaravalle/Documents/2026/M1-M1_vip...,apic_93,0.0016,./grid_batch,grid_search_03671,0.083256,0.5
3664,grid_search_03672,/Users/romanbaravalle/Documents/2026/M1-M1_vip...,apic_94,0.0016,./grid_batch,grid_search_03672,0.082739,0.5
3665,grid_search_03673,/Users/romanbaravalle/Documents/2026/M1-M1_vip...,apic_95,0.0016,./grid_batch,grid_search_03673,0.107496,0.5
3666,grid_search_03674,/Users/romanbaravalle/Documents/2026/M1-M1_vip...,apic_96,0.0016,./grid_batch,grid_search_03674,0.101177,0.5
3667,grid_search_03675,/Users/romanbaravalle/Documents/2026/M1-M1_vip...,apic_97,0.0016,./grid_batch,grid_search_03675,0.101347,0.5
3668,grid_search_03676,/Users/romanbaravalle/Documents/2026/M1-M1_vip...,apic_98,0.0016,./grid_batch,grid_search_03676,0.174925,0.5
3669,grid_search_03677,/Users/romanbaravalle/Documents/2026/M1-M1_vip...,apic_99,0.0016,./grid_batch,grid_search_03677,0.149115,0.5
3670,grid_search_03678,/Users/romanbaravalle/Documents/2026/M1-M1_vip...,dend_0,0.0016,./grid_batch,grid_search_03678,0.772414,0.5
3671,grid_search_03679,/Users/romanbaravalle/Documents/2026/M1-M1_vip...,dend_1,0.0016,./grid_batch,grid_search_03679,0.732571,0.5
3672,grid_search_03680,/Users/romanbaravalle/Documents/2026/M1-M1_vip...,dend_10,0.0016,./grid_batch,grid_search_03680,0.795479,0.5
3673,grid_search_03681,/Users/romanbaravalle/Documents/2026/M1-M1_vip...,dend_100,0.0016,./grid_batch,grid_search_03681,0.76945,0.5
3674,grid_search_03682,/Users/romanbaravalle/Documents/2026/M1-M1_vip...,dend_101,0.0016,./grid_batch,grid_search_03682,0.737543,0.5
3675,grid_search_03683,/Users/romanbaravalle/Documents/2026/M1-M1_vip...,dend_102,0.0016,./grid_batch,grid_search_03683,0.688304,0.5
3676,grid_search_03684,/Users/romanbaravalle/Documents/2026/M1-M1_vip...,dend_103,0.0016,./grid_batch,grid_search_03684,0.721567,0.5
3677,grid_search_03685,/Users/romanbaravalle/Documents/2026/M1-M1_vip...,dend_104,0.0016,./grid_batch,grid_search_03685,0.76096,0.5
3678,grid_search_03686,/Users/romanbaravalle/Documents/2026/M1-M1_vip...,dend_105,0.0016,./grid_batch,grid_search_03686,0.646837,0.5
3679,grid_search_03687,/Users/romanbaravalle/Documents/2026/M1-M1_vip...,dend_106,0.0016,./grid_batch,grid_search_03687,0.638101,0.5
3680,grid_search_03688,/Users/romanbaravalle/Documents/2026/M1-M1_vip...,dend_107,0.0016,./grid_batch,grid_search_03688,0.615037,0.5
3681,grid_search_03689,/Users/romanbaravalle/Documents/2026/M1-M1_vip...,dend_108,0.0016,./grid_batch,grid_search_03689,0.756832,0.5
3682,grid_search_03690,/Users/romanbaravalle/Documents/2026/M1-M1_vip...,dend_109,0.0016,./grid_batch,grid_search_03690,0.621457,0.5
3683,grid_search_03691,/Users/romanbaravalle/Documents/2026/M1-M1_vip...,dend_11,0.0016,./grid_batch,grid_search_03691,0.737995,0.5
3684,grid_search_03692,/Users/romanbaravalle/Documents/2026/M1-M1_vip...,dend_110,0.0016,./grid_batch,grid_search_03692,0.732671,0.5
3685,grid_search_03693,/Users/romanbaravalle/Documents/2026/M1-M1_vip...,dend_111,0.0016,./grid_batch,grid_search_03693,0.626152,0.5
3686,grid_search_03694,/Users/romanbaravalle/Documents/2026/M1-M1_vip...,dend_112,0.0016,./grid_batch,grid_search_03694,0.622599,0.5
3687,grid_search_03695,/Users/romanbaravalle/Documents/2026/M1-M1_vip...,dend_12,0.0016,./grid_batch,grid_search_03695,0.787238,0.5
3688,grid_search_03696,/Users/romanbaravalle/Documents/2026/M1-M1_vip...,dend_13,0.0016,./grid_batch,grid_search_03696,0.779264,0.5
3689,grid_search_03697,/Users/romanbaravalle/Documents/2026/M1-M1_vip...,dend_14,0.0016,./grid_batch,grid_search_03697,0.701875,0.5
3690,grid_search_03698,/Users/romanbaravalle/Documents/2026/M1-M1_vip...,dend_15,0.0016,./grid_batch,grid_search_03698,0.743194,0.5
3691,grid_search_03699,/Users/romanbaravalle/Documents/2026/M1-M1_vip...,dend_16,0.0016,./grid_batch,grid_search_03699,0.732746,0.5
3692,grid_search_03700,/Users/romanbaravalle/Documents/2026/M1-M1_vip...,dend_17,0.0016,./grid_batch,grid_search_03700,0.79647,0.5
3693,grid_search_03701,/Users/romanbaravalle/Documents/2026/M1-M1_vip...,dend_18,0.0016,./grid_batch,grid_search_03701,0.770588,0.5
3694,grid_search_03702,/Users/romanbaravalle/Documents/2026/M1-M1_vip...,dend_19,0.0016,./grid_batch,grid_search_03702,0.749099,0.5
3695,grid_search_03703,/Users/romanbaravalle/Documents/2026/M1-M1_vip...,dend_2,0.0016,./grid_batch,grid_search_03703,0.726365,0.5
3696,grid_search_03704,/Users/romanbaravalle/Documents/2026/M1-M1_vip...,dend_20,0.0016,./grid_batch,grid_search_03704,0.733384,0.5
3697,grid_search_03705,/Users/romanbaravalle/Documents/2026/M1-M1_vip...,dend_21,0.0016,./grid_batch,grid_search_03705,0.698529,0.5
3698,grid_search_03706,/Users/romanbaravalle/Documents/2026/M1-M1_vip...,dend_22,0.0016,./grid_batch,grid_search_03706,0.699766,0.5
3699,grid_search_03707,/Users/romanbaravalle/Documents/2026/M1-M1_vip...,dend_23,0.0016,./grid_batch,grid_search_03707,0.73237,0.5
3700,grid_search_03708,/Users/romanbaravalle/Documents/2026/M1-M1_vip...,dend_24,0.0016,./grid_batch,grid_search_03708,0.699401,0.5
3701,grid_search_03709,/Users/romanbaravalle/Documents/2026/M1-M1_vip...,dend_25,0.0016,./grid_batch,grid_search_03709,0.683279,0.5
3702,grid_search_03710,/Users/romanbaravalle/Documents/2026/M1-M1_vip...,dend_26,0.0016,./grid_batch,grid_search_03710,0.747378,0.5
3703,grid_search_03711,/Users/romanbaravalle/Documents/2026/M1-M1_vip...,dend_27,0.0016,./grid_batch,grid_search_03711,0.695,0.5
3704,grid_search_03712,/Users/romanbaravalle/Documents/2026/M1-M1_vip...,dend_28,0.0016,./grid_batch,grid_search_03712,0.717128,0.5
3705,grid_search_03713,/Users/romanbaravalle/Documents/2026/M1-M1_vip...,dend_29,0.0016,./grid_batch,grid_search_03713,0.780241,0.5
3706,grid_search_03714,/Users/romanbaravalle/Documents/2026/M1-M1_vip...,dend_3,0.0016,./grid_batch,grid_search_03714,0.799241,0.5
3707,grid_search_03715,/Users/romanbaravalle/Documents/2026/M1-M1_vip...,dend_30,0.0016,./grid_batch,grid_search_03715,0.736296,0.5
3708,grid_search_03716,/Users/romanbaravalle/Documents/2026/M1-M1_vip...,dend_31,0.0016,./grid_batch,grid_search_03716,0.702912,0.5
3709,grid_search_03717,/Users/romanbaravalle/Documents/2026/M1-M1_vip...,dend_32,0.0016,./grid_batch,grid_search_03717,0.768613,0.5
3710,grid_search_03718,/Users/romanbaravalle/Documents/2026/M1-M1_vip...,dend_33,0.0016,./grid_batch,grid_search_03718,0.733635,0.5
3711,grid_search_03719,/Users/romanbaravalle/Documents/2026/M1-M1_vip...,dend_34,0.0016,./grid_batch,grid_search_03719,0.720873,0.5
3712,grid_search_03720,/Users/romanbaravalle/Documents/2026/M1-M1_vip...,dend_35,0.0016,./grid_batch,grid_search_03720,0.716253,0.5
3713,grid_search_03721,/Users/romanbaravalle/Documents/2026/M1-M1_vip...,dend_36,0.0016,./grid_batch,grid_search_03721,0.667074,0.5
3714,grid_search_03722,/Users/romanbaravalle/Documents/2026/M1-M1_vip...,dend_37,0.0016,./grid_batch,grid_search_03722,0.657036,0.5
3715,grid_search_03723,/Users/romanbaravalle/Documents/2026/M1-M1_vip...,dend_38,0.0016,./grid_batch,grid_search_03723,0.716324,0.5
3716,grid_search_03724,/Users/romanbaravalle/Documents/2026/M1-M1_vip...,dend_39,0.0016,./grid_batch,grid_search_03724,0.699136,0.5
3717,grid_search_03725,/Users/romanbaravalle/Documents/2026/M1-M1_vip...,dend_4,0.0016,./grid_batch,grid_search_03725,0.786961,0.5
3718,grid_search_03726,/Users/romanbaravalle/Documents/2026/M1-M1_vip...,dend_40,0.0016,./grid_batch,grid_search_03726,0.686547,0.5
3719,grid_search_03727,/Users/romanbaravalle/Documents/2026/M1-M1_vip...,dend_41,0.0016,./grid_batch,grid_search_03727,0.633862,0.5
3720,grid_search_03728,/Users/romanbaravalle/Documents/2026/M1-M1_vip...,dend_42,0.0016,./grid_batch,grid_search_03728,0.678235,0.5
3721,grid_search_03729,/Users/romanbaravalle/Documents/2026/M1-M1_vip...,dend_43,0.0016,./grid_batch,grid_search_03729,0.634873,0.5
3722,grid_search_03730,/Users/romanbaravalle/Documents/2026/M1-M1_vip...,dend_44,0.0016,./grid_batch,grid_search_03730,0.64714,0.5
3723,grid_search_03731,/Users/romanbaravalle/Documents/2026/M1-M1_vip...,dend_45,0.0016,./grid_batch,grid_search_03731,0.650646,0.5
3724,grid_search_03732,/Users/romanbaravalle/Documents/2026/M1-M1_vip...,dend_46,0.0016,./grid_batch,grid_search_03732,0.704764,0.5
3725,grid_search_03733,/Users/romanbaravalle/Documents/2026/M1-M1_vip...,dend_47,0.0016,./grid_batch,grid_search_03733,0.661571,0.5
3726,grid_search_03734,/Users/romanbaravalle/Documents/2026/M1-M1_vip...,dend_48,0.0016,./grid_batch,grid_search_03734,0.691032,0.5
3727,grid_search_03735,/Users/romanbaravalle/Documents/2026/M1-M1_vip...,dend_49,0.0016,./grid_batch,grid_search_03735,0.643907,0.5
3728,grid_search_03736,/Users/romanbaravalle/Documents/2026/M1-M1_vip...,dend_5,0.0016,./grid_batch,grid_search_03736,0.536285,0.5
3729,grid_search_03737,/Users/romanbaravalle/Documents/2026/M1-M1_vip...,dend_50,0.0016,./grid_batch,grid_search_03737,0.650122,0.5
3730,grid_search_03738,/Users/romanbaravalle/Documents/2026/M1-M1_vip...,dend_51,0.0016,./grid_batch,grid_search_03738,0.719775,0.5
3731,grid_search_03739,/Users/romanbaravalle/Documents/2026/M1-M1_vip...,dend_52,0.0016,./grid_batch,grid_search_03739,0.711811,0.5
3732,grid_search_03740,/Users/romanbaravalle/Documents/2026/M1-M1_vip...,dend_53,0.0016,./grid_batch,grid_search_03740,0.664159,0.5
3733,grid_search_03741,/Users/romanbaravalle/Documents/2026/M1-M1_vip...,dend_54,0.0016,./grid_batch,grid_search_03741,0.662509,0.5
3734,grid_search_03742,/Users/romanbaravalle/Documents/2026/M1-M1_vip...,dend_55,0.0016,./grid_batch,grid_search_03742,0.66828,0.5
3735,grid_search_03743,/Users/romanbaravalle/Documents/2026/M1-M1_vip...,dend_56,0.0016,./grid_batch,grid_search_03743,0.697428,0.5
3736,grid_search_03744,/Users/romanbaravalle/Documents/2026/M1-M1_vip...,dend_57,0.0016,./grid_batch,grid_search_03744,0.800407,0.5
3737,grid_search_03745,/Users/romanbaravalle/Documents/2026/M1-M1_vip...,dend_58,0.0016,./grid_batch,grid_search_03745,0.765472,0.5
3738,grid_search_03746,/Users/romanbaravalle/Documents/2026/M1-M1_vip...,dend_59,0.0016,./grid_batch,grid_search_03746,0.741191,0.5
3739,grid_search_03747,/Users/romanbaravalle/Documents/2026/M1-M1_vip...,dend_6,0.0016,./grid_batch,grid_search_03747,0.319632,0.5
3740,grid_search_03748,/Users/romanbaravalle/Documents/2026/M1-M1_vip...,dend_60,0.0016,./grid_batch,grid_search_03748,0.789622,0.5
3741,grid_search_03749,/Users/romanbaravalle/Documents/2026/M1-M1_vip...,dend_61,0.0016,./grid_batch,grid_search_03749,0.754966,0.5
3742,grid_search_03750,/Users/romanbaravalle/Documents/2026/M1-M1_vip...,dend_62,0.0016,./grid_batch,grid_search_03750,0.754455,0.5
3743,grid_search_03751,/Users/romanbaravalle/Documents/2026/M1-M1_vip...,dend_63,0.0016,./grid_batch,grid_search_03751,0.792468,0.5
3744,grid_search_03752,/Users/romanbaravalle/Documents/2026/M1-M1_vip...,dend_64,0.0016,./grid_batch,grid_search_03752,0.77704,0.5
3745,grid_search_03753,/Users/romanbaravalle/Documents/2026/M1-M1_vip...,dend_65,0.0016,./grid_batch,grid_search_03753,0.746814,0.5
3746,grid_search_03754,/Users/romanbaravalle/Documents/2026/M1-M1_vip...,dend_66,0.0016,./grid_batch,grid_search_03754,0.749398,0.5
3747,grid_search_03755,/Users/romanbaravalle/Documents/2026/M1-M1_vip...,dend_67,0.0016,./grid_batch,grid_search_03755,0.744153,0.5
3748,grid_search_03756,/Users/romanbaravalle/Documents/2026/M1-M1_vip...,dend_68,0.0016,./grid_batch,grid_search_03756,0.790958,0.5
3749,grid_search_03757,/Users/romanbaravalle/Documents/2026/M1-M1_vip...,dend_69,0.0016,./grid_batch,grid_search_03757,0.767011,0.5
3750,grid_search_03758,/Users/romanbaravalle/Documents/2026/M1-M1_vip...,dend_7,0.0016,./grid_batch,grid_search_03758,0.78981,0.5
3751,grid_search_03759,/Users/romanbaravalle/Documents/2026/M1-M1_vip...,dend_70,0.0016,./grid_batch,grid_search_03759,0.718852,0.5
3752,grid_search_03760,/Users/romanbaravalle/Documents/2026/M1-M1_vip...,dend_71,0.0016,./grid_batch,grid_search_03760,0.624934,0.5
3753,grid_search_03761,/Users/romanbaravalle/Documents/2026/M1-M1_vip...,dend_72,0.0016,./grid_batch,grid_search_03761,0.697807,0.5
3754,grid_search_03762,/Users/romanbaravalle/Documents/2026/M1-M1_vip...,dend_73,0.0016,./grid_batch,grid_search_03762,0.796389,0.5
3755,grid_search_03763,/Users/romanbaravalle/Documents/2026/M1-M1_vip...,dend_74,0.0016,./grid_batch,grid_search_03763,0.780114,0.5
3756,grid_search_03764,/Users/romanbaravalle/Documents/2026/M1-M1_vip...,dend_75,0.0016,./grid_batch,grid_search_03764,0.763136,0.5
3757,grid_search_03765,/Users/romanbaravalle/Documents/2026/M1-M1_vip...,dend_76,0.0016,./grid_batch,grid_search_03765,0.71546,0.5
3758,grid_search_03766,/Users/romanbaravalle/Documents/2026/M1-M1_vip...,dend_77,0.0016,./grid_batch,grid_search_03766,0.75032,0.5
3759,grid_search_03767,/Users/romanbaravalle/Documents/2026/M1-M1_vip...,dend_78,0.0016,./grid_batch,grid_search_03767,0.712621,0.5
3760,grid_search_03768,/Users/romanbaravalle/Documents/2026/M1-M1_vip...,dend_79,0.0016,./grid_batch,grid_search_03768,0.744672,0.5
3761,grid_search_03769,/Users/romanbaravalle/Documents/2026/M1-M1_vip...,dend_8,0.0016,./grid_batch,grid_search_03769,0.738687,0.5
3762,grid_search_03770,/Users/romanbaravalle/Documents/2026/M1-M1_vip...,dend_80,0.0016,./grid_batch,grid_search_03770,0.769588,0.5
3763,grid_search_03771,/Users/romanbaravalle/Documents/2026/M1-M1_vip...,dend_81,0.0016,./grid_batch,grid_search_03771,0.711774,0.5
3764,grid_search_03772,/Users/romanbaravalle/Documents/2026/M1-M1_vip...,dend_82,0.0016,./grid_batch,grid_search_03772,0.746695,0.5
3765,grid_search_03773,/Users/romanbaravalle/Documents/2026/M1-M1_vip...,dend_83,0.0016,./grid_batch,grid_search_03773,0.726668,0.5
3766,grid_search_03774,/Users/romanbaravalle/Documents/2026/M1-M1_vip...,dend_84,0.0016,./grid_batch,grid_search_03774,0.703627,0.5
3767,grid_search_03775,/Users/romanbaravalle/Documents/2026/M1-M1_vip...,dend_85,0.0016,./grid_batch,grid_search_03775,0.671865,0.5
3768,grid_search_03776,/Users/romanbaravalle/Documents/2026/M1-M1_vip...,dend_86,0.0016,./grid_batch,grid_search_03776,0.669283,0.5
3769,grid_search_03777,/Users/romanbaravalle/Documents/2026/M1-M1_vip...,dend_87,0.0016,./grid_batch,grid_search_03777,0.789386,0.5
3770,grid_search_03778,/Users/romanbaravalle/Documents/2026/M1-M1_vip...,dend_88,0.0016,./grid_batch,grid_search_03778,0.763669,0.5
3771,grid_search_03779,/Users/romanbaravalle/Documents/2026/M1-M1_vip...,dend_89,0.0016,./grid_batch,grid_search_03779,0.653073,0.5
3772,grid_search_03780,/Users/romanbaravalle/Documents/2026/M1-M1_vip...,dend_9,0.0016,./grid_batch,grid_search_03780,0.714104,0.5
3773,grid_search_03781,/Users/romanbaravalle/Documents/2026/M1-M1_vip...,dend_90,0.0016,./grid_batch,grid_search_03781,0.709509,0.5
3774,grid_search_03782,/Users/romanbaravalle/Documents/2026/M1-M1_vip...,dend_91,0.0016,./grid_batch,grid_search_03782,0.57318,0.5
3775,grid_search_03783,/Users/romanbaravalle/Documents/2026/M1-M1_vip...,dend_92,0.0016,./grid_batch,grid_search_03783,0.566915,0.5
3776,grid_search_03784,/Users/romanbaravalle/Documents/2026/M1-M1_vip...,dend_93,0.0016,./grid_batch,grid_search_03784,0.784479,0.5
3777,grid_search_03785,/Users/romanbaravalle/Documents/2026/M1-M1_vip...,dend_94,0.0016,./grid_batch,grid_search_03785,0.75986,0.5
3778,grid_search_03786,/Users/romanbaravalle/Documents/2026/M1-M1_vip...,dend_95,0.0016,./grid_batch,grid_search_03786,0.43909,0.5
3779,grid_search_03787,/Users/romanbaravalle/Documents/2026/M1-M1_vip...,dend_96,0.0016,./grid_batch,grid_search_03787,0.093308,0.5
3780,grid_search_03788,/Users/romanbaravalle/Documents/2026/M1-M1_vip...,dend_97,0.0016,./grid_batch,grid_search_03788,0.160366,0.5
3781,grid_search_03789,/Users/romanbaravalle/Documents/2026/M1-M1_vip...,dend_98,0.0016,./grid_batch,grid_search_03789,0.722958,0.5
3782,grid_search_03790,/Users/romanbaravalle/Documents/2026/M1-M1_vip...,dend_99,0.0016,./grid_batch,grid_search_03790,0.737112,0.5
3783,grid_search_03791,/Users/romanbaravalle/Documents/2026/M1-M1_vip...,soma,0.0016,./grid_batch,grid_search_03791,0.801929,0.5
3784,grid_search_03792,/Users/romanbaravalle/Documents/2026/M1-M1_vip...,apic_0,0.0017,./grid_batch,grid_search_03792,0.839231,0.5
3785,grid_search_03793,/Users/romanbaravalle/Documents/2026/M1-M1_vip...,apic_1,0.0017,./grid_batch,grid_search_03793,0.804419,0.5
3786,grid_search_03794,/Users/romanbaravalle/Documents/2026/M1-M1_vip...,apic_10,0.0017,./grid_batch,grid_search_03794,0.625759,0.5
3787,grid_search_03795,/Users/romanbaravalle/Documents/2026/M1-M1_vip...,apic_100,0.0017,./grid_batch,grid_search_03795,0.141073,0.5
3788,grid_search_03796,/Users/romanbaravalle/Documents/2026/M1-M1_vip...,apic_101,0.0017,./grid_batch,grid_search_03796,0.14337,0.5
3789,grid_search_03797,/Users/romanbaravalle/Documents/2026/M1-M1_vip...,apic_102,0.0017,./grid_batch,grid_search_03797,0.14337,0.5
3790,grid_search_03798,/Users/romanbaravalle/Documents/2026/M1-M1_vip...,apic_103,0.0017,./grid_batch,grid_search_03798,0.154897,0.5
3791,grid_search_03799,/Users/romanbaravalle/Documents/2026/M1-M1_vip...,apic_104,0.0017,./grid_batch,grid_search_03799,0.160476,0.5
3792,grid_search_03800,/Users/romanbaravalle/Documents/2026/M1-M1_vip...,apic_105,0.0017,./grid_batch,grid_search_03800,0.157905,0.5
3793,grid_search_03801,/Users/romanbaravalle/Documents/2026/M1-M1_vip...,apic_106,0.0017,./grid_batch,grid_search_03801,0.149849,0.5
3794,grid_search_03802,/Users/romanbaravalle/Documents/2026/M1-M1_vip...,apic_107,0.0017,./grid_batch,grid_search_03802,0.128001,0.5
3795,grid_search_03803,/Users/romanbaravalle/Documents/2026/M1-M1_vip...,apic_108,0.0017,./grid_batch,grid_search_03803,0.48413,0.5
3796,grid_search_03804,/Users/romanbaravalle/Documents/2026/M1-M1_vip...,apic_109,0.0017,./grid_batch,grid_search_03804,0.386057,0.5
3797,grid_search_03805,/Users/romanbaravalle/Documents/2026/M1-M1_vip...,apic_11,0.0017,./grid_batch,grid_search_03805,0.626237,0.5
3798,grid_search_03806,/Users/romanbaravalle/Documents/2026/M1-M1_vip...,apic_110,0.0017,./grid_batch,grid_search_03806,0.386057,0.5
3799,grid_search_03807,/Users/romanbaravalle/Documents/2026/M1-M1_vip...,apic_111,0.0017,./grid_batch,grid_search_03807,0.481291,0.5
3800,grid_search_03808,/Users/romanbaravalle/Documents/2026/M1-M1_vip...,apic_112,0.0017,./grid_batch,grid_search_03808,0.155569,0.5
3801,grid_search_03809,/Users/romanbaravalle/Documents/2026/M1-M1_vip...,apic_113,0.0017,./grid_batch,grid_search_03809,0.657055,0.5
3802,grid_search_03810,/Users/romanbaravalle/Documents/2026/M1-M1_vip...,apic_114,0.0017,./grid_batch,grid_search_03810,0.801746,0.5
3803,grid_search_03811,/Users/romanbaravalle/Documents/2026/M1-M1_vip...,apic_115,0.0017,./grid_batch,grid_search_03811,0.782009,0.5
3804,grid_search_03812,/Users/romanbaravalle/Documents/2026/M1-M1_vip...,apic_116,0.0017,./grid_batch,grid_search_03812,0.778263,0.5
3805,grid_search_03813,/Users/romanbaravalle/Documents/2026/M1-M1_vip...,apic_117,0.0017,./grid_batch,grid_search_03813,0.768228,0.5
3806,grid_search_03814,/Users/romanbaravalle/Documents/2026/M1-M1_vip...,apic_118,0.0017,./grid_batch,grid_search_03814,0.696335,0.5
3807,grid_search_03815,/Users/romanbaravalle/Documents/2026/M1-M1_vip...,apic_119,0.0017,./grid_batch,grid_search_03815,0.689125,0.5
3808,grid_search_03816,/Users/romanbaravalle/Documents/2026/M1-M1_vip...,apic_12,0.0017,./grid_batch,grid_search_03816,0.680897,0.5
3809,grid_search_03817,/Users/romanbaravalle/Documents/2026/M1-M1_vip...,apic_120,0.0017,./grid_batch,grid_search_03817,0.720814,0.5
3810,grid_search_03818,/Users/romanbaravalle/Documents/2026/M1-M1_vip...,apic_121,0.0017,./grid_batch,grid_search_03818,0.730002,0.5
3811,grid_search_03819,/Users/romanbaravalle/Documents/2026/M1-M1_vip...,apic_122,0.0017,./grid_batch,grid_search_03819,0.755656,0.5
3812,grid_search_03820,/Users/romanbaravalle/Documents/2026/M1-M1_vip...,apic_13,0.0017,./grid_batch,grid_search_03820,0.637881,0.5
3813,grid_search_03821,/Users/romanbaravalle/Documents/2026/M1-M1_vip...,apic_14,0.0017,./grid_batch,grid_search_03821,0.65495,0.5
3814,grid_search_03822,/Users/romanbaravalle/Documents/2026/M1-M1_vip...,apic_15,0.0017,./grid_batch,grid_search_03822,0.620203,0.5
3815,grid_search_03823,/Users/romanbaravalle/Documents/2026/M1-M1_vip...,apic_16,0.0017,./grid_batch,grid_search_03823,0.638612,0.5
3816,grid_search_03824,/Users/romanbaravalle/Documents/2026/M1-M1_vip...,apic_17,0.0017,./grid_batch,grid_search_03824,0.708699,0.5
3817,grid_search_03825,/Users/romanbaravalle/Documents/2026/M1-M1_vip...,apic_18,0.0017,./grid_batch,grid_search_03825,0.65412,0.5
3818,grid_search_03826,/Users/romanbaravalle/Documents/2026/M1-M1_vip...,apic_19,0.0017,./grid_batch,grid_search_03826,0.618176,0.5
3819,grid_search_03827,/Users/romanbaravalle/Documents/2026/M1-M1_vip...,apic_2,0.0017,./grid_batch,grid_search_03827,0.710253,0.5
3820,grid_search_03828,/Users/romanbaravalle/Documents/2026/M1-M1_vip...,apic_20,0.0017,./grid_batch,grid_search_03828,0.61282,0.5
3821,grid_search_03829,/Users/romanbaravalle/Documents/2026/M1-M1_vip...,apic_21,0.0017,./grid_batch,grid_search_03829,0.597637,0.5
3822,grid_search_03830,/Users/romanbaravalle/Documents/2026/M1-M1_vip...,apic_22,0.0017,./grid_batch,grid_search_03830,0.538291,0.5
3823,grid_search_03831,/Users/romanbaravalle/Documents/2026/M1-M1_vip...,apic_23,0.0017,./grid_batch,grid_search_03831,0.543745,0.5
3824,grid_search_03832,/Users/romanbaravalle/Documents/2026/M1-M1_vip...,apic_24,0.0017,./grid_batch,grid_search_03832,0.606486,0.5
3825,grid_search_03833,/Users/romanbaravalle/Documents/2026/M1-M1_vip...,apic_25,0.0017,./grid_batch,grid_search_03833,0.56844,0.5
3826,grid_search_03834,/Users/romanbaravalle/Documents/2026/M1-M1_vip...,apic_26,0.0017,./grid_batch,grid_search_03834,0.562268,0.5
3827,grid_search_03835,/Users/romanbaravalle/Documents/2026/M1-M1_vip...,apic_27,0.0017,./grid_batch,grid_search_03835,0.60532,0.5
3828,grid_search_03836,/Users/romanbaravalle/Documents/2026/M1-M1_vip...,apic_28,0.0017,./grid_batch,grid_search_03836,0.567689,0.5
3829,grid_search_03837,/Users/romanbaravalle/Documents/2026/M1-M1_vip...,apic_29,0.0017,./grid_batch,grid_search_03837,0.568051,0.5
3830,grid_search_03838,/Users/romanbaravalle/Documents/2026/M1-M1_vip...,apic_3,0.0017,./grid_batch,grid_search_03838,0.770305,0.5
3831,grid_search_03839,/Users/romanbaravalle/Documents/2026/M1-M1_vip...,apic_30,0.0017,./grid_batch,grid_search_03839,0.60364,0.5
3832,grid_search_03840,/Users/romanbaravalle/Documents/2026/M1-M1_vip...,apic_31,0.0017,./grid_batch,grid_search_03840,0.574704,0.5
3833,grid_search_03841,/Users/romanbaravalle/Documents/2026/M1-M1_vip...,apic_32,0.0017,./grid_batch,grid_search_03841,0.540477,0.5
3834,grid_search_03842,/Users/romanbaravalle/Documents/2026/M1-M1_vip...,apic_33,0.0017,./grid_batch,grid_search_03842,0.531247,0.5
3835,grid_search_03843,/Users/romanbaravalle/Documents/2026/M1-M1_vip...,apic_34,0.0017,./grid_batch,grid_search_03843,0.562971,0.5
3836,grid_search_03844,/Users/romanbaravalle/Documents/2026/M1-M1_vip...,apic_35,0.0017,./grid_batch,grid_search_03844,0.508416,0.5
3837,grid_search_03845,/Users/romanbaravalle/Documents/2026/M1-M1_vip...,apic_36,0.0017,./grid_batch,grid_search_03845,0.527904,0.5
3838,grid_search_03846,/Users/romanbaravalle/Documents/2026/M1-M1_vip...,apic_37,0.0017,./grid_batch,grid_search_03846,0.469085,0.5
3839,grid_search_03847,/Users/romanbaravalle/Documents/2026/M1-M1_vip...,apic_38,0.0017,./grid_batch,grid_search_03847,0.50585,0.5
3840,grid_search_03848,/Users/romanbaravalle/Documents/2026/M1-M1_vip...,apic_39,0.0017,./grid_batch,grid_search_03848,0.459892,0.5
3841,grid_search_03849,/Users/romanbaravalle/Documents/2026/M1-M1_vip...,apic_4,0.0017,./grid_batch,grid_search_03849,0.66606,0.5
3842,grid_search_03850,/Users/romanbaravalle/Documents/2026/M1-M1_vip...,apic_40,0.0017,./grid_batch,grid_search_03850,0.497722,0.5
3843,grid_search_03851,/Users/romanbaravalle/Documents/2026/M1-M1_vip...,apic_41,0.0017,./grid_batch,grid_search_03851,0.489134,0.5
3844,grid_search_03852,/Users/romanbaravalle/Documents/2026/M1-M1_vip...,apic_42,0.0017,./grid_batch,grid_search_03852,0.478824,0.5
3845,grid_search_03853,/Users/romanbaravalle/Documents/2026/M1-M1_vip...,apic_43,0.0017,./grid_batch,grid_search_03853,0.422777,0.5
3846,grid_search_03854,/Users/romanbaravalle/Documents/2026/M1-M1_vip...,apic_44,0.0017,./grid_batch,grid_search_03854,0.383054,0.5
3847,grid_search_03855,/Users/romanbaravalle/Documents/2026/M1-M1_vip...,apic_45,0.0017,./grid_batch,grid_search_03855,0.383054,0.5
3848,grid_search_03856,/Users/romanbaravalle/Documents/2026/M1-M1_vip...,apic_46,0.0017,./grid_batch,grid_search_03856,0.403547,0.5
3849,grid_search_03857,/Users/romanbaravalle/Documents/2026/M1-M1_vip...,apic_47,0.0017,./grid_batch,grid_search_03857,0.439468,0.5
3850,grid_search_03858,/Users/romanbaravalle/Documents/2026/M1-M1_vip...,apic_48,0.0017,./grid_batch,grid_search_03858,0.36802,0.5
3851,grid_search_03859,/Users/romanbaravalle/Documents/2026/M1-M1_vip...,apic_49,0.0017,./grid_batch,grid_search_03859,0.47207,0.5
3852,grid_search_03860,/Users/romanbaravalle/Documents/2026/M1-M1_vip...,apic_5,0.0017,./grid_batch,grid_search_03860,0.741754,0.5
3853,grid_search_03861,/Users/romanbaravalle/Documents/2026/M1-M1_vip...,apic_50,0.0017,./grid_batch,grid_search_03861,0.47207,0.5
3854,grid_search_03862,/Users/romanbaravalle/Documents/2026/M1-M1_vip...,apic_51,0.0017,./grid_batch,grid_search_03862,0.398171,0.5
3855,grid_search_03863,/Users/romanbaravalle/Documents/2026/M1-M1_vip...,apic_52,0.0017,./grid_batch,grid_search_03863,0.485825,0.5
3856,grid_search_03864,/Users/romanbaravalle/Documents/2026/M1-M1_vip...,apic_53,0.0017,./grid_batch,grid_search_03864,0.455822,0.5
3857,grid_search_03865,/Users/romanbaravalle/Documents/2026/M1-M1_vip...,apic_54,0.0017,./grid_batch,grid_search_03865,0.463245,0.5
3858,grid_search_03866,/Users/romanbaravalle/Documents/2026/M1-M1_vip...,apic_55,0.0017,./grid_batch,grid_search_03866,0.437523,0.5
3859,grid_search_03867,/Users/romanbaravalle/Documents/2026/M1-M1_vip...,apic_56,0.0017,./grid_batch,grid_search_03867,0.420307,0.5
3860,grid_search_03868,/Users/romanbaravalle/Documents/2026/M1-M1_vip...,apic_57,0.0017,./grid_batch,grid_search_03868,0.376523,0.5
3861,grid_search_03869,/Users/romanbaravalle/Documents/2026/M1-M1_vip...,apic_58,0.0017,./grid_batch,grid_search_03869,0.379232,0.5
3862,grid_search_03870,/Users/romanbaravalle/Documents/2026/M1-M1_vip...,apic_59,0.0017,./grid_batch,grid_search_03870,0.418343,0.5
3863,grid_search_03871,/Users/romanbaravalle/Documents/2026/M1-M1_vip...,apic_6,0.0017,./grid_batch,grid_search_03871,0.720499,0.5
3864,grid_search_03872,/Users/romanbaravalle/Documents/2026/M1-M1_vip...,apic_60,0.0017,./grid_batch,grid_search_03872,0.388757,0.5
3865,grid_search_03873,/Users/romanbaravalle/Documents/2026/M1-M1_vip...,apic_61,0.0017,./grid_batch,grid_search_03873,0.39931,0.5
3866,grid_search_03874,/Users/romanbaravalle/Documents/2026/M1-M1_vip...,apic_62,0.0017,./grid_batch,grid_search_03874,0.382405,0.5
3867,grid_search_03875,/Users/romanbaravalle/Documents/2026/M1-M1_vip...,apic_63,0.0017,./grid_batch,grid_search_03875,0.382405,0.5
3868,grid_search_03876,/Users/romanbaravalle/Documents/2026/M1-M1_vip...,apic_64,0.0017,./grid_batch,grid_search_03876,0.436376,0.5
3869,grid_search_03877,/Users/romanbaravalle/Documents/2026/M1-M1_vip...,apic_65,0.0017,./grid_batch,grid_search_03877,0.392844,0.5
3870,grid_search_03878,/Users/romanbaravalle/Documents/2026/M1-M1_vip...,apic_66,0.0017,./grid_batch,grid_search_03878,0.312561,0.5
3871,grid_search_03879,/Users/romanbaravalle/Documents/2026/M1-M1_vip...,apic_67,0.0017,./grid_batch,grid_search_03879,0.213553,0.5
3872,grid_search_03880,/Users/romanbaravalle/Documents/2026/M1-M1_vip...,apic_68,0.0017,./grid_batch,grid_search_03880,0.167848,0.5
3873,grid_search_03881,/Users/romanbaravalle/Documents/2026/M1-M1_vip...,apic_69,0.0017,./grid_batch,grid_search_03881,0.20296,0.5
3874,grid_search_03882,/Users/romanbaravalle/Documents/2026/M1-M1_vip...,apic_7,0.0017,./grid_batch,grid_search_03882,0.694247,0.5
3875,grid_search_03883,/Users/romanbaravalle/Documents/2026/M1-M1_vip...,apic_70,0.0017,./grid_batch,grid_search_03883,0.190762,0.5
3876,grid_search_03884,/Users/romanbaravalle/Documents/2026/M1-M1_vip...,apic_71,0.0017,./grid_batch,grid_search_03884,0.164282,0.5
3877,grid_search_03885,/Users/romanbaravalle/Documents/2026/M1-M1_vip...,apic_72,0.0017,./grid_batch,grid_search_03885,0.151056,0.5
3878,grid_search_03886,/Users/romanbaravalle/Documents/2026/M1-M1_vip...,apic_73,0.0017,./grid_batch,grid_search_03886,0.13941,0.5
3879,grid_search_03887,/Users/romanbaravalle/Documents/2026/M1-M1_vip...,apic_74,0.0017,./grid_batch,grid_search_03887,0.142828,0.5
3880,grid_search_03888,/Users/romanbaravalle/Documents/2026/M1-M1_vip...,apic_75,0.0017,./grid_batch,grid_search_03888,0.14665,0.5
3881,grid_search_03889,/Users/romanbaravalle/Documents/2026/M1-M1_vip...,apic_76,0.0017,./grid_batch,grid_search_03889,0.14954,0.5
3882,grid_search_03890,/Users/romanbaravalle/Documents/2026/M1-M1_vip...,apic_77,0.0017,./grid_batch,grid_search_03890,0.193176,0.5
3883,grid_search_03891,/Users/romanbaravalle/Documents/2026/M1-M1_vip...,apic_78,0.0017,./grid_batch,grid_search_03891,0.15568,0.5
3884,grid_search_03892,/Users/romanbaravalle/Documents/2026/M1-M1_vip...,apic_79,0.0017,./grid_batch,grid_search_03892,0.118619,0.5
3885,grid_search_03893,/Users/romanbaravalle/Documents/2026/M1-M1_vip...,apic_8,0.0017,./grid_batch,grid_search_03893,0.671006,0.5
3886,grid_search_03894,/Users/romanbaravalle/Documents/2026/M1-M1_vip...,apic_80,0.0017,./grid_batch,grid_search_03894,0.125302,0.5
3887,grid_search_03895,/Users/romanbaravalle/Documents/2026/M1-M1_vip...,apic_81,0.0017,./grid_batch,grid_search_03895,0.114403,0.5
3888,grid_search_03896,/Users/romanbaravalle/Documents/2026/M1-M1_vip...,apic_82,0.0017,./grid_batch,grid_search_03896,0.111385,0.5
3889,grid_search_03897,/Users/romanbaravalle/Documents/2026/M1-M1_vip...,apic_83,0.0017,./grid_batch,grid_search_03897,0.164715,0.5
3890,grid_search_03898,/Users/romanbaravalle/Documents/2026/M1-M1_vip...,apic_84,0.0017,./grid_batch,grid_search_03898,0.132164,0.5
3891,grid_search_03899,/Users/romanbaravalle/Documents/2026/M1-M1_vip...,apic_85,0.0017,./grid_batch,grid_search_03899,0.122841,0.5
3892,grid_search_03900,/Users/romanbaravalle/Documents/2026/M1-M1_vip...,apic_86,0.0017,./grid_batch,grid_search_03900,0.106369,0.5
3893,grid_search_03901,/Users/romanbaravalle/Documents/2026/M1-M1_vip...,apic_87,0.0017,./grid_batch,grid_search_03901,0.097014,0.5
3894,grid_search_03902,/Users/romanbaravalle/Documents/2026/M1-M1_vip...,apic_88,0.0017,./grid_batch,grid_search_03902,0.090463,0.5
3895,grid_search_03903,/Users/romanbaravalle/Documents/2026/M1-M1_vip...,apic_89,0.0017,./grid_batch,grid_search_03903,0.089965,0.5
3896,grid_search_03904,/Users/romanbaravalle/Documents/2026/M1-M1_vip...,apic_9,0.0017,./grid_batch,grid_search_03904,0.612262,0.5
3897,grid_search_03905,/Users/romanbaravalle/Documents/2026/M1-M1_vip...,apic_90,0.0017,./grid_batch,grid_search_03905,0.089906,0.5
3898,grid_search_03906,/Users/romanbaravalle/Documents/2026/M1-M1_vip...,apic_91,0.0017,./grid_batch,grid_search_03906,0.090268,0.5
3899,grid_search_03907,/Users/romanbaravalle/Documents/2026/M1-M1_vip...,apic_92,0.0017,./grid_batch,grid_search_03907,0.102015,0.5
3900,grid_search_03908,/Users/romanbaravalle/Documents/2026/M1-M1_vip...,apic_93,0.0017,./grid_batch,grid_search_03908,0.089228,0.5
3901,grid_search_03909,/Users/romanbaravalle/Documents/2026/M1-M1_vip...,apic_94,0.0017,./grid_batch,grid_search_03909,0.088754,0.5
3902,grid_search_03910,/Users/romanbaravalle/Documents/2026/M1-M1_vip...,apic_95,0.0017,./grid_batch,grid_search_03910,0.114566,0.5
3903,grid_search_03911,/Users/romanbaravalle/Documents/2026/M1-M1_vip...,apic_96,0.0017,./grid_batch,grid_search_03911,0.108,0.5
3904,grid_search_03912,/Users/romanbaravalle/Documents/2026/M1-M1_vip...,apic_97,0.0017,./grid_batch,grid_search_03912,0.10815,0.5
3905,grid_search_03913,/Users/romanbaravalle/Documents/2026/M1-M1_vip...,apic_98,0.0017,./grid_batch,grid_search_03913,0.185841,0.5
3906,grid_search_03914,/Users/romanbaravalle/Documents/2026/M1-M1_vip...,apic_99,0.0017,./grid_batch,grid_search_03914,0.158452,0.5
3907,grid_search_03915,/Users/romanbaravalle/Documents/2026/M1-M1_vip...,dend_0,0.0017,./grid_batch,grid_search_03915,0.818701,0.5
3908,grid_search_03916,/Users/romanbaravalle/Documents/2026/M1-M1_vip...,dend_1,0.0017,./grid_batch,grid_search_03916,0.774427,0.5
3909,grid_search_03917,/Users/romanbaravalle/Documents/2026/M1-M1_vip...,dend_10,0.0017,./grid_batch,grid_search_03917,0.844502,0.5
3910,grid_search_03918,/Users/romanbaravalle/Documents/2026/M1-M1_vip...,dend_100,0.0017,./grid_batch,grid_search_03918,0.81632,0.5
3911,grid_search_03919,/Users/romanbaravalle/Documents/2026/M1-M1_vip...,dend_101,0.0017,./grid_batch,grid_search_03919,0.781008,0.5
3912,grid_search_03920,/Users/romanbaravalle/Documents/2026/M1-M1_vip...,dend_102,0.0017,./grid_batch,grid_search_03920,0.726657,0.5
3913,grid_search_03921,/Users/romanbaravalle/Documents/2026/M1-M1_vip...,dend_103,0.0017,./grid_batch,grid_search_03921,0.763307,0.5
3914,grid_search_03922,/Users/romanbaravalle/Documents/2026/M1-M1_vip...,dend_104,0.0017,./grid_batch,grid_search_03922,0.807022,0.5
3915,grid_search_03923,/Users/romanbaravalle/Documents/2026/M1-M1_vip...,dend_105,0.0017,./grid_batch,grid_search_03923,0.681813,0.5
3916,grid_search_03924,/Users/romanbaravalle/Documents/2026/M1-M1_vip...,dend_106,0.0017,./grid_batch,grid_search_03924,0.672307,0.5
3917,grid_search_03925,/Users/romanbaravalle/Documents/2026/M1-M1_vip...,dend_107,0.0017,./grid_batch,grid_search_03925,0.647721,0.5
3918,grid_search_03926,/Users/romanbaravalle/Documents/2026/M1-M1_vip...,dend_108,0.0017,./grid_batch,grid_search_03926,0.802438,0.5
3919,grid_search_03927,/Users/romanbaravalle/Documents/2026/M1-M1_vip...,dend_109,0.0017,./grid_batch,grid_search_03927,0.653731,0.5
3920,grid_search_03928,/Users/romanbaravalle/Documents/2026/M1-M1_vip...,dend_11,0.0017,./grid_batch,grid_search_03928,0.780606,0.5
3921,grid_search_03929,/Users/romanbaravalle/Documents/2026/M1-M1_vip...,dend_110,0.0017,./grid_batch,grid_search_03929,0.775571,0.5
3922,grid_search_03930,/Users/romanbaravalle/Documents/2026/M1-M1_vip...,dend_111,0.0017,./grid_batch,grid_search_03930,0.675038,0.5
3923,grid_search_03931,/Users/romanbaravalle/Documents/2026/M1-M1_vip...,dend_112,0.0017,./grid_batch,grid_search_03931,0.67055,0.5
3924,grid_search_03932,/Users/romanbaravalle/Documents/2026/M1-M1_vip...,dend_12,0.0017,./grid_batch,grid_search_03932,0.835459,0.5
3925,grid_search_03933,/Users/romanbaravalle/Documents/2026/M1-M1_vip...,dend_13,0.0017,./grid_batch,grid_search_03933,0.826649,0.5
3926,grid_search_03934,/Users/romanbaravalle/Documents/2026/M1-M1_vip...,dend_14,0.0017,./grid_batch,grid_search_03934,0.741156,0.5
3927,grid_search_03935,/Users/romanbaravalle/Documents/2026/M1-M1_vip...,dend_15,0.0017,./grid_batch,grid_search_03935,0.786446,0.5
3928,grid_search_03936,/Users/romanbaravalle/Documents/2026/M1-M1_vip...,dend_16,0.0017,./grid_batch,grid_search_03936,0.775047,0.5
3929,grid_search_03937,/Users/romanbaravalle/Documents/2026/M1-M1_vip...,dend_17,0.0017,./grid_batch,grid_search_03937,0.845666,0.5
3930,grid_search_03938,/Users/romanbaravalle/Documents/2026/M1-M1_vip...,dend_18,0.0017,./grid_batch,grid_search_03938,0.817581,0.5
3931,grid_search_03939,/Users/romanbaravalle/Documents/2026/M1-M1_vip...,dend_19,0.0017,./grid_batch,grid_search_03939,0.794176,0.5
3932,grid_search_03940,/Users/romanbaravalle/Documents/2026/M1-M1_vip...,dend_2,0.0017,./grid_batch,grid_search_03940,0.767565,0.5
3933,grid_search_03941,/Users/romanbaravalle/Documents/2026/M1-M1_vip...,dend_20,0.0017,./grid_batch,grid_search_03941,0.776895,0.5
3934,grid_search_03942,/Users/romanbaravalle/Documents/2026/M1-M1_vip...,dend_21,0.0017,./grid_batch,grid_search_03942,0.738343,0.5
3935,grid_search_03943,/Users/romanbaravalle/Documents/2026/M1-M1_vip...,dend_22,0.0017,./grid_batch,grid_search_03943,0.739694,0.5
3936,grid_search_03944,/Users/romanbaravalle/Documents/2026/M1-M1_vip...,dend_23,0.0017,./grid_batch,grid_search_03944,0.775691,0.5
3937,grid_search_03945,/Users/romanbaravalle/Documents/2026/M1-M1_vip...,dend_24,0.0017,./grid_batch,grid_search_03945,0.739087,0.5
3938,grid_search_03946,/Users/romanbaravalle/Documents/2026/M1-M1_vip...,dend_25,0.0017,./grid_batch,grid_search_03946,0.721348,0.5
3939,grid_search_03947,/Users/romanbaravalle/Documents/2026/M1-M1_vip...,dend_26,0.0017,./grid_batch,grid_search_03947,0.792126,0.5
3940,grid_search_03948,/Users/romanbaravalle/Documents/2026/M1-M1_vip...,dend_27,0.0017,./grid_batch,grid_search_03948,0.734055,0.5
3941,grid_search_03949,/Users/romanbaravalle/Documents/2026/M1-M1_vip...,dend_28,0.0017,./grid_batch,grid_search_03949,0.758444,0.5
3942,grid_search_03950,/Users/romanbaravalle/Documents/2026/M1-M1_vip...,dend_29,0.0017,./grid_batch,grid_search_03950,0.827826,0.5
3943,grid_search_03951,/Users/romanbaravalle/Documents/2026/M1-M1_vip...,dend_3,0.0017,./grid_batch,grid_search_03951,0.848582,0.5
3944,grid_search_03952,/Users/romanbaravalle/Documents/2026/M1-M1_vip...,dend_30,0.0017,./grid_batch,grid_search_03952,0.77885,0.5
3945,grid_search_03953,/Users/romanbaravalle/Documents/2026/M1-M1_vip...,dend_31,0.0017,./grid_batch,grid_search_03953,0.742302,0.5
3946,grid_search_03954,/Users/romanbaravalle/Documents/2026/M1-M1_vip...,dend_32,0.0017,./grid_batch,grid_search_03954,0.81598,0.5
3947,grid_search_03955,/Users/romanbaravalle/Documents/2026/M1-M1_vip...,dend_33,0.0017,./grid_batch,grid_search_03955,0.778633,0.5
3948,grid_search_03956,/Users/romanbaravalle/Documents/2026/M1-M1_vip...,dend_34,0.0017,./grid_batch,grid_search_03956,0.764983,0.5
3949,grid_search_03957,/Users/romanbaravalle/Documents/2026/M1-M1_vip...,dend_35,0.0017,./grid_batch,grid_search_03957,0.759956,0.5
3950,grid_search_03958,/Users/romanbaravalle/Documents/2026/M1-M1_vip...,dend_36,0.0017,./grid_batch,grid_search_03958,0.705254,0.5
3951,grid_search_03959,/Users/romanbaravalle/Documents/2026/M1-M1_vip...,dend_37,0.0017,./grid_batch,grid_search_03959,0.694275,0.5
3952,grid_search_03960,/Users/romanbaravalle/Documents/2026/M1-M1_vip...,dend_38,0.0017,./grid_batch,grid_search_03960,0.760082,0.5
3953,grid_search_03961,/Users/romanbaravalle/Documents/2026/M1-M1_vip...,dend_39,0.0017,./grid_batch,grid_search_03961,0.741261,0.5
3954,grid_search_03962,/Users/romanbaravalle/Documents/2026/M1-M1_vip...,dend_4,0.0017,./grid_batch,grid_search_03962,0.834843,0.5
3955,grid_search_03963,/Users/romanbaravalle/Documents/2026/M1-M1_vip...,dend_40,0.0017,./grid_batch,grid_search_03963,0.727461,0.5
3956,grid_search_03964,/Users/romanbaravalle/Documents/2026/M1-M1_vip...,dend_41,0.0017,./grid_batch,grid_search_03964,0.669445,0.5
3957,grid_search_03965,/Users/romanbaravalle/Documents/2026/M1-M1_vip...,dend_42,0.0017,./grid_batch,grid_search_03965,0.718251,0.5
3958,grid_search_03966,/Users/romanbaravalle/Documents/2026/M1-M1_vip...,dend_43,0.0017,./grid_batch,grid_search_03966,0.670375,0.5
3959,grid_search_03967,/Users/romanbaravalle/Documents/2026/M1-M1_vip...,dend_44,0.0017,./grid_batch,grid_search_03967,0.683812,0.5
3960,grid_search_03968,/Users/romanbaravalle/Documents/2026/M1-M1_vip...,dend_45,0.0017,./grid_batch,grid_search_03968,0.68763,0.5
3961,grid_search_03969,/Users/romanbaravalle/Documents/2026/M1-M1_vip...,dend_46,0.0017,./grid_batch,grid_search_03969,0.747453,0.5
3962,grid_search_03970,/Users/romanbaravalle/Documents/2026/M1-M1_vip...,dend_47,0.0017,./grid_batch,grid_search_03970,0.699744,0.5
3963,grid_search_03971,/Users/romanbaravalle/Documents/2026/M1-M1_vip...,dend_48,0.0017,./grid_batch,grid_search_03971,0.732384,0.5
3964,grid_search_03972,/Users/romanbaravalle/Documents/2026/M1-M1_vip...,dend_49,0.0017,./grid_batch,grid_search_03972,0.680345,0.5
3965,grid_search_03973,/Users/romanbaravalle/Documents/2026/M1-M1_vip...,dend_5,0.0017,./grid_batch,grid_search_03973,0.544253,0.5
3966,grid_search_03974,/Users/romanbaravalle/Documents/2026/M1-M1_vip...,dend_50,0.0017,./grid_batch,grid_search_03974,0.687207,0.5
3967,grid_search_03975,/Users/romanbaravalle/Documents/2026/M1-M1_vip...,dend_51,0.0017,./grid_batch,grid_search_03975,0.763711,0.5
3968,grid_search_03976,/Users/romanbaravalle/Documents/2026/M1-M1_vip...,dend_52,0.0017,./grid_batch,grid_search_03976,0.754955,0.5
3969,grid_search_03977,/Users/romanbaravalle/Documents/2026/M1-M1_vip...,dend_53,0.0017,./grid_batch,grid_search_03977,0.702414,0.5
3970,grid_search_03978,/Users/romanbaravalle/Documents/2026/M1-M1_vip...,dend_54,0.0017,./grid_batch,grid_search_03978,0.700221,0.5
3971,grid_search_03979,/Users/romanbaravalle/Documents/2026/M1-M1_vip...,dend_55,0.0017,./grid_batch,grid_search_03979,0.706856,0.5
3972,grid_search_03980,/Users/romanbaravalle/Documents/2026/M1-M1_vip...,dend_56,0.0017,./grid_batch,grid_search_03980,0.737954,0.5
3973,grid_search_03981,/Users/romanbaravalle/Documents/2026/M1-M1_vip...,dend_57,0.0017,./grid_batch,grid_search_03981,0.849862,0.5
3974,grid_search_03982,/Users/romanbaravalle/Documents/2026/M1-M1_vip...,dend_58,0.0017,./grid_batch,grid_search_03982,0.810785,0.5
3975,grid_search_03983,/Users/romanbaravalle/Documents/2026/M1-M1_vip...,dend_59,0.0017,./grid_batch,grid_search_03983,0.783772,0.5
3976,grid_search_03984,/Users/romanbaravalle/Documents/2026/M1-M1_vip...,dend_6,0.0017,./grid_batch,grid_search_03984,0.320908,0.5
3977,grid_search_03985,/Users/romanbaravalle/Documents/2026/M1-M1_vip...,dend_60,0.0017,./grid_batch,grid_search_03985,0.837798,0.5
3978,grid_search_03986,/Users/romanbaravalle/Documents/2026/M1-M1_vip...,dend_61,0.0017,./grid_batch,grid_search_03986,0.799112,0.5
3979,grid_search_03987,/Users/romanbaravalle/Documents/2026/M1-M1_vip...,dend_62,0.0017,./grid_batch,grid_search_03987,0.79854,0.5
3980,grid_search_03988,/Users/romanbaravalle/Documents/2026/M1-M1_vip...,dend_63,0.0017,./grid_batch,grid_search_03988,0.841037,0.5
3981,grid_search_03989,/Users/romanbaravalle/Documents/2026/M1-M1_vip...,dend_64,0.0017,./grid_batch,grid_search_03989,0.823834,0.5
3982,grid_search_03990,/Users/romanbaravalle/Documents/2026/M1-M1_vip...,dend_65,0.0017,./grid_batch,grid_search_03990,0.790142,0.5
3983,grid_search_03991,/Users/romanbaravalle/Documents/2026/M1-M1_vip...,dend_66,0.0017,./grid_batch,grid_search_03991,0.792979,0.5
3984,grid_search_03992,/Users/romanbaravalle/Documents/2026/M1-M1_vip...,dend_67,0.0017,./grid_batch,grid_search_03992,0.787267,0.5
3985,grid_search_03993,/Users/romanbaravalle/Documents/2026/M1-M1_vip...,dend_68,0.0017,./grid_batch,grid_search_03993,0.839574,0.5
3986,grid_search_03994,/Users/romanbaravalle/Documents/2026/M1-M1_vip...,dend_69,0.0017,./grid_batch,grid_search_03994,0.813226,0.5
3987,grid_search_03995,/Users/romanbaravalle/Documents/2026/M1-M1_vip...,dend_7,0.0017,./grid_batch,grid_search_03995,0.838099,0.5
3988,grid_search_03996,/Users/romanbaravalle/Documents/2026/M1-M1_vip...,dend_70,0.0017,./grid_batch,grid_search_03996,0.759745,0.5
3989,grid_search_03997,/Users/romanbaravalle/Documents/2026/M1-M1_vip...,dend_71,0.0017,./grid_batch,grid_search_03997,0.719254,0.5
3990,grid_search_03998,/Users/romanbaravalle/Documents/2026/M1-M1_vip...,dend_72,0.0017,./grid_batch,grid_search_03998,0.737247,0.5
3991,grid_search_03999,/Users/romanbaravalle/Documents/2026/M1-M1_vip...,dend_73,0.0017,./grid_batch,grid_search_03999,0.84563,0.5
3992,grid_search_04000,/Users/romanbaravalle/Documents/2026/M1-M1_vip...,dend_74,0.0017,./grid_batch,grid_search_04000,0.828032,0.5
3993,grid_search_04001,/Users/romanbaravalle/Documents/2026/M1-M1_vip...,dend_75,0.0017,./grid_batch,grid_search_04001,0.809416,0.5
3994,grid_search_04002,/Users/romanbaravalle/Documents/2026/M1-M1_vip...,dend_76,0.0017,./grid_batch,grid_search_04002,0.756502,0.5
3995,grid_search_04003,/Users/romanbaravalle/Documents/2026/M1-M1_vip...,dend_77,0.0017,./grid_batch,grid_search_04003,0.795184,0.5
3996,grid_search_04004,/Users/romanbaravalle/Documents/2026/M1-M1_vip...,dend_78,0.0017,./grid_batch,grid_search_04004,0.753326,0.5
3997,grid_search_04005,/Users/romanbaravalle/Documents/2026/M1-M1_vip...,dend_79,0.0017,./grid_batch,grid_search_04005,0.78889,0.5
3998,grid_search_04006,/Users/romanbaravalle/Documents/2026/M1-M1_vip...,dend_8,0.0017,./grid_batch,grid_search_04006,0.781136,0.5
3999,grid_search_04007,/Users/romanbaravalle/Documents/2026/M1-M1_vip...,dend_80,0.0017,./grid_batch,grid_search_04007,0.816592,0.5
4000,grid_search_04008,/Users/romanbaravalle/Documents/2026/M1-M1_vip...,dend_81,0.0017,./grid_batch,grid_search_04008,0.752582,0.5
4001,grid_search_04009,/Users/romanbaravalle/Documents/2026/M1-M1_vip...,dend_82,0.0017,./grid_batch,grid_search_04009,0.79139,0.5
4002,grid_search_04010,/Users/romanbaravalle/Documents/2026/M1-M1_vip...,dend_83,0.0017,./grid_batch,grid_search_04010,0.769203,0.5
4003,grid_search_04011,/Users/romanbaravalle/Documents/2026/M1-M1_vip...,dend_84,0.0017,./grid_batch,grid_search_04011,0.743611,0.5
4004,grid_search_04012,/Users/romanbaravalle/Documents/2026/M1-M1_vip...,dend_85,0.0017,./grid_batch,grid_search_04012,0.708597,0.5
4005,grid_search_04013,/Users/romanbaravalle/Documents/2026/M1-M1_vip...,dend_86,0.0017,./grid_batch,grid_search_04013,0.706158,0.5
4006,grid_search_04014,/Users/romanbaravalle/Documents/2026/M1-M1_vip...,dend_87,0.0017,./grid_batch,grid_search_04014,0.838081,0.5
4007,grid_search_04015,/Users/romanbaravalle/Documents/2026/M1-M1_vip...,dend_88,0.0017,./grid_batch,grid_search_04015,0.80943,0.5
4008,grid_search_04016,/Users/romanbaravalle/Documents/2026/M1-M1_vip...,dend_89,0.0017,./grid_batch,grid_search_04016,0.687304,0.5
4009,grid_search_04017,/Users/romanbaravalle/Documents/2026/M1-M1_vip...,dend_9,0.0017,./grid_batch,grid_search_04017,0.754201,0.5
4010,grid_search_04018,/Users/romanbaravalle/Documents/2026/M1-M1_vip...,dend_90,0.0017,./grid_batch,grid_search_04018,0.749199,0.5
4011,grid_search_04019,/Users/romanbaravalle/Documents/2026/M1-M1_vip...,dend_91,0.0017,./grid_batch,grid_search_04019,0.601698,0.5
4012,grid_search_04020,/Users/romanbaravalle/Documents/2026/M1-M1_vip...,dend_92,0.0017,./grid_batch,grid_search_04020,0.595158,0.5
4013,grid_search_04021,/Users/romanbaravalle/Documents/2026/M1-M1_vip...,dend_93,0.0017,./grid_batch,grid_search_04021,0.832754,0.5
4014,grid_search_04022,/Users/romanbaravalle/Documents/2026/M1-M1_vip...,dend_94,0.0017,./grid_batch,grid_search_04022,0.805283,0.5
4015,grid_search_04023,/Users/romanbaravalle/Documents/2026/M1-M1_vip...,dend_95,0.0017,./grid_batch,grid_search_04023,0.44222,0.5
4016,grid_search_04024,/Users/romanbaravalle/Documents/2026/M1-M1_vip...,dend_96,0.0017,./grid_batch,grid_search_04024,0.093272,0.5
4017,grid_search_04025,/Users/romanbaravalle/Documents/2026/M1-M1_vip...,dend_97,0.0017,./grid_batch,grid_search_04025,0.16053,0.5
4018,grid_search_04026,/Users/romanbaravalle/Documents/2026/M1-M1_vip...,dend_98,0.0017,./grid_batch,grid_search_04026,0.764218,0.5
4019,grid_search_04027,/Users/romanbaravalle/Documents/2026/M1-M1_vip...,dend_99,0.0017,./grid_batch,grid_search_04027,0.780149,0.5
4020,grid_search_04028,/Users/romanbaravalle/Documents/2026/M1-M1_vip...,soma,0.0017,./grid_batch,grid_search_04028,0.851567,0.5
4021,grid_search_04029,/Users/romanbaravalle/Documents/2026/M1-M1_vip...,apic_0,0.0018,./grid_batch,grid_search_04029,0.888086,0.5
4022,grid_search_04030,/Users/romanbaravalle/Documents/2026/M1-M1_vip...,apic_1,0.0018,./grid_batch,grid_search_04030,0.851219,0.5
4023,grid_search_04031,/Users/romanbaravalle/Documents/2026/M1-M1_vip...,apic_10,0.0018,./grid_batch,grid_search_04031,0.6589,0.5
4024,grid_search_04032,/Users/romanbaravalle/Documents/2026/M1-M1_vip...,apic_100,0.0018,./grid_batch,grid_search_04032,0.151352,0.5
4025,grid_search_04033,/Users/romanbaravalle/Documents/2026/M1-M1_vip...,apic_101,0.0018,./grid_batch,grid_search_04033,0.155424,0.5
4026,grid_search_04034,/Users/romanbaravalle/Documents/2026/M1-M1_vip...,apic_102,0.0018,./grid_batch,grid_search_04034,0.155425,0.5
4027,grid_search_04035,/Users/romanbaravalle/Documents/2026/M1-M1_vip...,apic_103,0.0018,./grid_batch,grid_search_04035,0.164001,0.5
4028,grid_search_04036,/Users/romanbaravalle/Documents/2026/M1-M1_vip...,apic_104,0.0018,./grid_batch,grid_search_04036,0.169942,0.5
4029,grid_search_04037,/Users/romanbaravalle/Documents/2026/M1-M1_vip...,apic_105,0.0018,./grid_batch,grid_search_04037,0.167219,0.5
4030,grid_search_04038,/Users/romanbaravalle/Documents/2026/M1-M1_vip...,apic_106,0.0018,./grid_batch,grid_search_04038,0.158636,0.5
4031,grid_search_04039,/Users/romanbaravalle/Documents/2026/M1-M1_vip...,apic_107,0.0018,./grid_batch,grid_search_04039,0.136504,0.5
4032,grid_search_04040,/Users/romanbaravalle/Documents/2026/M1-M1_vip...,apic_108,0.0018,./grid_batch,grid_search_04040,0.500827,0.5
4033,grid_search_04041,/Users/romanbaravalle/Documents/2026/M1-M1_vip...,apic_109,0.0018,./grid_batch,grid_search_04041,0.422844,0.5
4034,grid_search_04042,/Users/romanbaravalle/Documents/2026/M1-M1_vip...,apic_11,0.0018,./grid_batch,grid_search_04042,0.659416,0.5
4035,grid_search_04043,/Users/romanbaravalle/Documents/2026/M1-M1_vip...,apic_110,0.0018,./grid_batch,grid_search_04043,0.422844,0.5
4036,grid_search_04044,/Users/romanbaravalle/Documents/2026/M1-M1_vip...,apic_111,0.0018,./grid_batch,grid_search_04044,0.500861,0.5
4037,grid_search_04045,/Users/romanbaravalle/Documents/2026/M1-M1_vip...,apic_112,0.0018,./grid_batch,grid_search_04045,0.164654,0.5
4038,grid_search_04046,/Users/romanbaravalle/Documents/2026/M1-M1_vip...,apic_113,0.0018,./grid_batch,grid_search_04046,0.693696,0.5
4039,grid_search_04047,/Users/romanbaravalle/Documents/2026/M1-M1_vip...,apic_114,0.0018,./grid_batch,grid_search_04047,0.848038,0.5
4040,grid_search_04048,/Users/romanbaravalle/Documents/2026/M1-M1_vip...,apic_115,0.0018,./grid_batch,grid_search_04048,0.826775,0.5
4041,grid_search_04049,/Users/romanbaravalle/Documents/2026/M1-M1_vip...,apic_116,0.0018,./grid_batch,grid_search_04049,0.822727,0.5
4042,grid_search_04050,/Users/romanbaravalle/Documents/2026/M1-M1_vip...,apic_117,0.0018,./grid_batch,grid_search_04050,0.811772,0.5
4043,grid_search_04051,/Users/romanbaravalle/Documents/2026/M1-M1_vip...,apic_118,0.0018,./grid_batch,grid_search_04051,0.733064,0.5
4044,grid_search_04052,/Users/romanbaravalle/Documents/2026/M1-M1_vip...,apic_119,0.0018,./grid_batch,grid_search_04052,0.725341,0.5
4045,grid_search_04053,/Users/romanbaravalle/Documents/2026/M1-M1_vip...,apic_12,0.0018,./grid_batch,grid_search_04053,0.719117,0.5
4046,grid_search_04054,/Users/romanbaravalle/Documents/2026/M1-M1_vip...,apic_120,0.0018,./grid_batch,grid_search_04054,0.759909,0.5
4047,grid_search_04055,/Users/romanbaravalle/Documents/2026/M1-M1_vip...,apic_121,0.0018,./grid_batch,grid_search_04055,0.769794,0.5
4048,grid_search_04056,/Users/romanbaravalle/Documents/2026/M1-M1_vip...,apic_122,0.0018,./grid_batch,grid_search_04056,0.797574,0.5
4049,grid_search_04057,/Users/romanbaravalle/Documents/2026/M1-M1_vip...,apic_13,0.0018,./grid_batch,grid_search_04057,0.672045,0.5
4050,grid_search_04058,/Users/romanbaravalle/Documents/2026/M1-M1_vip...,apic_14,0.0018,./grid_batch,grid_search_04058,0.690837,0.5
4051,grid_search_04059,/Users/romanbaravalle/Documents/2026/M1-M1_vip...,apic_15,0.0018,./grid_batch,grid_search_04059,0.652938,0.5
4052,grid_search_04060,/Users/romanbaravalle/Documents/2026/M1-M1_vip...,apic_16,0.0018,./grid_batch,grid_search_04060,0.672896,0.5
4053,grid_search_04061,/Users/romanbaravalle/Documents/2026/M1-M1_vip...,apic_17,0.0018,./grid_batch,grid_search_04061,0.749863,0.5
4054,grid_search_04062,/Users/romanbaravalle/Documents/2026/M1-M1_vip...,apic_18,0.0018,./grid_batch,grid_search_04062,0.692088,0.5
4055,grid_search_04063,/Users/romanbaravalle/Documents/2026/M1-M1_vip...,apic_19,0.0018,./grid_batch,grid_search_04063,0.654021,0.5
4056,grid_search_04064,/Users/romanbaravalle/Documents/2026/M1-M1_vip...,apic_2,0.0018,./grid_batch,grid_search_04064,0.748905,0.5
4057,grid_search_04065,/Users/romanbaravalle/Documents/2026/M1-M1_vip...,apic_20,0.0018,./grid_batch,grid_search_04065,0.648273,0.5
4058,grid_search_04066,/Users/romanbaravalle/Documents/2026/M1-M1_vip...,apic_21,0.0018,./grid_batch,grid_search_04066,0.631759,0.5
4059,grid_search_04067,/Users/romanbaravalle/Documents/2026/M1-M1_vip...,apic_22,0.0018,./grid_batch,grid_search_04067,0.56734,0.5
4060,grid_search_04068,/Users/romanbaravalle/Documents/2026/M1-M1_vip...,apic_23,0.0018,./grid_batch,grid_search_04068,0.572872,0.5
4061,grid_search_04069,/Users/romanbaravalle/Documents/2026/M1-M1_vip...,apic_24,0.0018,./grid_batch,grid_search_04069,0.641389,0.5
4062,grid_search_04070,/Users/romanbaravalle/Documents/2026/M1-M1_vip...,apic_25,0.0018,./grid_batch,grid_search_04070,0.599734,0.5
4063,grid_search_04071,/Users/romanbaravalle/Documents/2026/M1-M1_vip...,apic_26,0.0018,./grid_batch,grid_search_04071,0.593103,0.5
4064,grid_search_04072,/Users/romanbaravalle/Documents/2026/M1-M1_vip...,apic_27,0.0018,./grid_batch,grid_search_04072,0.640075,0.5
4065,grid_search_04073,/Users/romanbaravalle/Documents/2026/M1-M1_vip...,apic_28,0.0018,./grid_batch,grid_search_04073,0.598877,0.5
4066,grid_search_04074,/Users/romanbaravalle/Documents/2026/M1-M1_vip...,apic_29,0.0018,./grid_batch,grid_search_04074,0.599263,0.5
4067,grid_search_04075,/Users/romanbaravalle/Documents/2026/M1-M1_vip...,apic_3,0.0018,./grid_batch,grid_search_04075,0.815092,0.5
4068,grid_search_04076,/Users/romanbaravalle/Documents/2026/M1-M1_vip...,apic_30,0.0018,./grid_batch,grid_search_04076,0.638666,0.5
4069,grid_search_04077,/Users/romanbaravalle/Documents/2026/M1-M1_vip...,apic_31,0.0018,./grid_batch,grid_search_04077,0.607682,0.5
4070,grid_search_04078,/Users/romanbaravalle/Documents/2026/M1-M1_vip...,apic_32,0.0018,./grid_batch,grid_search_04078,0.57013,0.5
4071,grid_search_04079,/Users/romanbaravalle/Documents/2026/M1-M1_vip...,apic_33,0.0018,./grid_batch,grid_search_04079,0.56014,0.5
4072,grid_search_04080,/Users/romanbaravalle/Documents/2026/M1-M1_vip...,apic_34,0.0018,./grid_batch,grid_search_04080,0.595613,0.5
4073,grid_search_04081,/Users/romanbaravalle/Documents/2026/M1-M1_vip...,apic_35,0.0018,./grid_batch,grid_search_04081,0.536674,0.5
4074,grid_search_04082,/Users/romanbaravalle/Documents/2026/M1-M1_vip...,apic_36,0.0018,./grid_batch,grid_search_04082,0.558503,0.5
4075,grid_search_04083,/Users/romanbaravalle/Documents/2026/M1-M1_vip...,apic_37,0.0018,./grid_batch,grid_search_04083,0.494867,0.5
4076,grid_search_04084,/Users/romanbaravalle/Documents/2026/M1-M1_vip...,apic_38,0.0018,./grid_batch,grid_search_04084,0.535169,0.5
4077,grid_search_04085,/Users/romanbaravalle/Documents/2026/M1-M1_vip...,apic_39,0.0018,./grid_batch,grid_search_04085,0.484907,0.5
4078,grid_search_04086,/Users/romanbaravalle/Documents/2026/M1-M1_vip...,apic_4,0.0018,./grid_batch,grid_search_04086,0.701697,0.5
4079,grid_search_04087,/Users/romanbaravalle/Documents/2026/M1-M1_vip...,apic_40,0.0018,./grid_batch,grid_search_04087,0.526569,0.5
4080,grid_search_04088,/Users/romanbaravalle/Documents/2026/M1-M1_vip...,apic_41,0.0018,./grid_batch,grid_search_04088,0.517402,0.5
4081,grid_search_04089,/Users/romanbaravalle/Documents/2026/M1-M1_vip...,apic_42,0.0018,./grid_batch,grid_search_04089,0.506153,0.5
4082,grid_search_04090,/Users/romanbaravalle/Documents/2026/M1-M1_vip...,apic_43,0.0018,./grid_batch,grid_search_04090,0.445225,0.5
4083,grid_search_04091,/Users/romanbaravalle/Documents/2026/M1-M1_vip...,apic_44,0.0018,./grid_batch,grid_search_04091,0.402969,0.5
4084,grid_search_04092,/Users/romanbaravalle/Documents/2026/M1-M1_vip...,apic_45,0.0018,./grid_batch,grid_search_04092,0.402969,0.5
4085,grid_search_04093,/Users/romanbaravalle/Documents/2026/M1-M1_vip...,apic_46,0.0018,./grid_batch,grid_search_04093,0.424626,0.5
4086,grid_search_04094,/Users/romanbaravalle/Documents/2026/M1-M1_vip...,apic_47,0.0018,./grid_batch,grid_search_04094,0.46314,0.5
4087,grid_search_04095,/Users/romanbaravalle/Documents/2026/M1-M1_vip...,apic_48,0.0018,./grid_batch,grid_search_04095,0.389056,0.5
4088,grid_search_04096,/Users/romanbaravalle/Documents/2026/M1-M1_vip...,apic_49,0.0018,./grid_batch,grid_search_04096,0.49779,0.5
4089,grid_search_04097,/Users/romanbaravalle/Documents/2026/M1-M1_vip...,apic_5,0.0018,./grid_batch,grid_search_04097,0.784862,0.5
4090,grid_search_04098,/Users/romanbaravalle/Documents/2026/M1-M1_vip...,apic_50,0.0018,./grid_batch,grid_search_04098,0.49779,0.5
4091,grid_search_04099,/Users/romanbaravalle/Documents/2026/M1-M1_vip...,apic_51,0.0018,./grid_batch,grid_search_04099,0.432754,0.5
4092,grid_search_04100,/Users/romanbaravalle/Documents/2026/M1-M1_vip...,apic_52,0.0018,./grid_batch,grid_search_04100,0.513978,0.5
4093,grid_search_04101,/Users/romanbaravalle/Documents/2026/M1-M1_vip...,apic_53,0.0018,./grid_batch,grid_search_04101,0.481261,0.5
4094,grid_search_04102,/Users/romanbaravalle/Documents/2026/M1-M1_vip...,apic_54,0.0018,./grid_batch,grid_search_04102,0.490077,0.5
4095,grid_search_04103,/Users/romanbaravalle/Documents/2026/M1-M1_vip...,apic_55,0.0018,./grid_batch,grid_search_04103,0.46263,0.5
4096,grid_search_04104,/Users/romanbaravalle/Documents/2026/M1-M1_vip...,apic_56,0.0018,./grid_batch,grid_search_04104,0.443916,0.5
4097,grid_search_04105,/Users/romanbaravalle/Documents/2026/M1-M1_vip...,apic_57,0.0018,./grid_batch,grid_search_04105,0.396345,0.5
4098,grid_search_04106,/Users/romanbaravalle/Documents/2026/M1-M1_vip...,apic_58,0.0018,./grid_batch,grid_search_04106,0.399228,0.5
4099,grid_search_04107,/Users/romanbaravalle/Documents/2026/M1-M1_vip...,apic_59,0.0018,./grid_batch,grid_search_04107,0.441869,0.5
4100,grid_search_04108,/Users/romanbaravalle/Documents/2026/M1-M1_vip...,apic_6,0.0018,./grid_batch,grid_search_04108,0.762225,0.5
4101,grid_search_04109,/Users/romanbaravalle/Documents/2026/M1-M1_vip...,apic_60,0.0018,./grid_batch,grid_search_04109,0.40973,0.5
4102,grid_search_04110,/Users/romanbaravalle/Documents/2026/M1-M1_vip...,apic_61,0.0018,./grid_batch,grid_search_04110,0.421222,0.5
4103,grid_search_04111,/Users/romanbaravalle/Documents/2026/M1-M1_vip...,apic_62,0.0018,./grid_batch,grid_search_04111,0.40284,0.5
4104,grid_search_04112,/Users/romanbaravalle/Documents/2026/M1-M1_vip...,apic_63,0.0018,./grid_batch,grid_search_04112,0.40284,0.5
4105,grid_search_04113,/Users/romanbaravalle/Documents/2026/M1-M1_vip...,apic_64,0.0018,./grid_batch,grid_search_04113,0.461635,0.5
4106,grid_search_04114,/Users/romanbaravalle/Documents/2026/M1-M1_vip...,apic_65,0.0018,./grid_batch,grid_search_04114,0.414253,0.5
4107,grid_search_04115,/Users/romanbaravalle/Documents/2026/M1-M1_vip...,apic_66,0.0018,./grid_batch,grid_search_04115,0.33073,0.5
4108,grid_search_04116,/Users/romanbaravalle/Documents/2026/M1-M1_vip...,apic_67,0.0018,./grid_batch,grid_search_04116,0.226077,0.5
4109,grid_search_04117,/Users/romanbaravalle/Documents/2026/M1-M1_vip...,apic_68,0.0018,./grid_batch,grid_search_04117,0.178002,0.5
4110,grid_search_04118,/Users/romanbaravalle/Documents/2026/M1-M1_vip...,apic_69,0.0018,./grid_batch,grid_search_04118,0.214877,0.5
4111,grid_search_04119,/Users/romanbaravalle/Documents/2026/M1-M1_vip...,apic_7,0.0018,./grid_batch,grid_search_04119,0.733701,0.5
4112,grid_search_04120,/Users/romanbaravalle/Documents/2026/M1-M1_vip...,apic_70,0.0018,./grid_batch,grid_search_04120,0.20195,0.5
4113,grid_search_04121,/Users/romanbaravalle/Documents/2026/M1-M1_vip...,apic_71,0.0018,./grid_batch,grid_search_04121,0.173953,0.5
4114,grid_search_04122,/Users/romanbaravalle/Documents/2026/M1-M1_vip...,apic_72,0.0018,./grid_batch,grid_search_04122,0.160105,0.5
4115,grid_search_04123,/Users/romanbaravalle/Documents/2026/M1-M1_vip...,apic_73,0.0018,./grid_batch,grid_search_04123,0.148336,0.5
4116,grid_search_04124,/Users/romanbaravalle/Documents/2026/M1-M1_vip...,apic_74,0.0018,./grid_batch,grid_search_04124,0.151609,0.5
4117,grid_search_04125,/Users/romanbaravalle/Documents/2026/M1-M1_vip...,apic_75,0.0018,./grid_batch,grid_search_04125,0.155431,0.5
4118,grid_search_04126,/Users/romanbaravalle/Documents/2026/M1-M1_vip...,apic_76,0.0018,./grid_batch,grid_search_04126,0.158734,0.5
4119,grid_search_04127,/Users/romanbaravalle/Documents/2026/M1-M1_vip...,apic_77,0.0018,./grid_batch,grid_search_04127,0.204524,0.5
4120,grid_search_04128,/Users/romanbaravalle/Documents/2026/M1-M1_vip...,apic_78,0.0018,./grid_batch,grid_search_04128,0.164834,0.5
4121,grid_search_04129,/Users/romanbaravalle/Documents/2026/M1-M1_vip...,apic_79,0.0018,./grid_batch,grid_search_04129,0.12892,0.5
4122,grid_search_04130,/Users/romanbaravalle/Documents/2026/M1-M1_vip...,apic_8,0.0018,./grid_batch,grid_search_04130,0.708433,0.5
4123,grid_search_04131,/Users/romanbaravalle/Documents/2026/M1-M1_vip...,apic_80,0.0018,./grid_batch,grid_search_04131,0.133008,0.5
4124,grid_search_04132,/Users/romanbaravalle/Documents/2026/M1-M1_vip...,apic_81,0.0018,./grid_batch,grid_search_04132,0.122004,0.5
4125,grid_search_04133,/Users/romanbaravalle/Documents/2026/M1-M1_vip...,apic_82,0.0018,./grid_batch,grid_search_04133,0.120445,0.5
4126,grid_search_04134,/Users/romanbaravalle/Documents/2026/M1-M1_vip...,apic_83,0.0018,./grid_batch,grid_search_04134,0.174382,0.5
4127,grid_search_04135,/Users/romanbaravalle/Documents/2026/M1-M1_vip...,apic_84,0.0018,./grid_batch,grid_search_04135,0.140015,0.5
4128,grid_search_04136,/Users/romanbaravalle/Documents/2026/M1-M1_vip...,apic_85,0.0018,./grid_batch,grid_search_04136,0.130171,0.5
4129,grid_search_04137,/Users/romanbaravalle/Documents/2026/M1-M1_vip...,apic_86,0.0018,./grid_batch,grid_search_04137,0.113245,0.5
4130,grid_search_04138,/Users/romanbaravalle/Documents/2026/M1-M1_vip...,apic_87,0.0018,./grid_batch,grid_search_04138,0.10329,0.5
4131,grid_search_04139,/Users/romanbaravalle/Documents/2026/M1-M1_vip...,apic_88,0.0018,./grid_batch,grid_search_04139,0.096677,0.5
4132,grid_search_04140,/Users/romanbaravalle/Documents/2026/M1-M1_vip...,apic_89,0.0018,./grid_batch,grid_search_04140,0.096178,0.5
4133,grid_search_04141,/Users/romanbaravalle/Documents/2026/M1-M1_vip...,apic_9,0.0018,./grid_batch,grid_search_04141,0.644378,0.5
4134,grid_search_04142,/Users/romanbaravalle/Documents/2026/M1-M1_vip...,apic_90,0.0018,./grid_batch,grid_search_04142,0.096054,0.5
4135,grid_search_04143,/Users/romanbaravalle/Documents/2026/M1-M1_vip...,apic_91,0.0018,./grid_batch,grid_search_04143,0.096558,0.5
4136,grid_search_04144,/Users/romanbaravalle/Documents/2026/M1-M1_vip...,apic_92,0.0018,./grid_batch,grid_search_04144,0.108405,0.5
4137,grid_search_04145,/Users/romanbaravalle/Documents/2026/M1-M1_vip...,apic_93,0.0018,./grid_batch,grid_search_04145,0.095358,0.5
4138,grid_search_04146,/Users/romanbaravalle/Documents/2026/M1-M1_vip...,apic_94,0.0018,./grid_batch,grid_search_04146,0.094949,0.5
4139,grid_search_04147,/Users/romanbaravalle/Documents/2026/M1-M1_vip...,apic_95,0.0018,./grid_batch,grid_search_04147,0.121698,0.5
4140,grid_search_04148,/Users/romanbaravalle/Documents/2026/M1-M1_vip...,apic_96,0.0018,./grid_batch,grid_search_04148,0.114948,0.5
4141,grid_search_04149,/Users/romanbaravalle/Documents/2026/M1-M1_vip...,apic_97,0.0018,./grid_batch,grid_search_04149,0.115069,0.5
4142,grid_search_04150,/Users/romanbaravalle/Documents/2026/M1-M1_vip...,apic_98,0.0018,./grid_batch,grid_search_04150,0.196758,0.5
4143,grid_search_04151,/Users/romanbaravalle/Documents/2026/M1-M1_vip...,apic_99,0.0018,./grid_batch,grid_search_04151,0.167803,0.5
4144,grid_search_04152,/Users/romanbaravalle/Documents/2026/M1-M1_vip...,dend_0,0.0018,./grid_batch,grid_search_04152,0.864768,0.5
4145,grid_search_04153,/Users/romanbaravalle/Documents/2026/M1-M1_vip...,dend_1,0.0018,./grid_batch,grid_search_04153,0.815885,0.5
4146,grid_search_04154,/Users/romanbaravalle/Documents/2026/M1-M1_vip...,dend_10,0.0018,./grid_batch,grid_search_04154,0.893446,0.5
4147,grid_search_04155,/Users/romanbaravalle/Documents/2026/M1-M1_vip...,dend_100,0.0018,./grid_batch,grid_search_04155,0.863051,0.5
4148,grid_search_04156,/Users/romanbaravalle/Documents/2026/M1-M1_vip...,dend_101,0.0018,./grid_batch,grid_search_04156,0.824194,0.5
4149,grid_search_04157,/Users/romanbaravalle/Documents/2026/M1-M1_vip...,dend_102,0.0018,./grid_batch,grid_search_04157,0.764569,0.5
4150,grid_search_04158,/Users/romanbaravalle/Documents/2026/M1-M1_vip...,dend_103,0.0018,./grid_batch,grid_search_04158,0.804701,0.5
4151,grid_search_04159,/Users/romanbaravalle/Documents/2026/M1-M1_vip...,dend_104,0.0018,./grid_batch,grid_search_04159,0.852916,0.5
4152,grid_search_04160,/Users/romanbaravalle/Documents/2026/M1-M1_vip...,dend_105,0.0018,./grid_batch,grid_search_04160,0.716348,0.5
4153,grid_search_04161,/Users/romanbaravalle/Documents/2026/M1-M1_vip...,dend_106,0.0018,./grid_batch,grid_search_04161,0.706072,0.5
4154,grid_search_04162,/Users/romanbaravalle/Documents/2026/M1-M1_vip...,dend_107,0.0018,./grid_batch,grid_search_04162,0.680142,0.5
4155,grid_search_04163,/Users/romanbaravalle/Documents/2026/M1-M1_vip...,dend_108,0.0018,./grid_batch,grid_search_04163,0.847855,0.5
4156,grid_search_04164,/Users/romanbaravalle/Documents/2026/M1-M1_vip...,dend_109,0.0018,./grid_batch,grid_search_04164,0.685605,0.5
4157,grid_search_04165,/Users/romanbaravalle/Documents/2026/M1-M1_vip...,dend_11,0.0018,./grid_batch,grid_search_04165,0.822855,0.5
4158,grid_search_04166,/Users/romanbaravalle/Documents/2026/M1-M1_vip...,dend_110,0.0018,./grid_batch,grid_search_04166,0.818163,0.5
4159,grid_search_04167,/Users/romanbaravalle/Documents/2026/M1-M1_vip...,dend_111,0.0018,./grid_batch,grid_search_04167,0.728974,0.5
4160,grid_search_04168,/Users/romanbaravalle/Documents/2026/M1-M1_vip...,dend_112,0.0018,./grid_batch,grid_search_04168,0.72306,0.5
4161,grid_search_04169,/Users/romanbaravalle/Documents/2026/M1-M1_vip...,dend_12,0.0018,./grid_batch,grid_search_04169,0.883568,0.5
4162,grid_search_04170,/Users/romanbaravalle/Documents/2026/M1-M1_vip...,dend_13,0.0018,./grid_batch,grid_search_04170,0.873884,0.5
4163,grid_search_04171,/Users/romanbaravalle/Documents/2026/M1-M1_vip...,dend_14,0.0018,./grid_batch,grid_search_04171,0.780003,0.5
4164,grid_search_04172,/Users/romanbaravalle/Documents/2026/M1-M1_vip...,dend_15,0.0018,./grid_batch,grid_search_04172,0.82936,0.5
4165,grid_search_04173,/Users/romanbaravalle/Documents/2026/M1-M1_vip...,dend_16,0.0018,./grid_batch,grid_search_04173,0.816995,0.5
4166,grid_search_04174,/Users/romanbaravalle/Documents/2026/M1-M1_vip...,dend_17,0.0018,./grid_batch,grid_search_04174,0.894793,0.5
4167,grid_search_04175,/Users/romanbaravalle/Documents/2026/M1-M1_vip...,dend_18,0.0018,./grid_batch,grid_search_04175,0.864444,0.5
4168,grid_search_04176,/Users/romanbaravalle/Documents/2026/M1-M1_vip...,dend_19,0.0018,./grid_batch,grid_search_04176,0.83906,0.5
4169,grid_search_04177,/Users/romanbaravalle/Documents/2026/M1-M1_vip...,dend_2,0.0018,./grid_batch,grid_search_04177,0.808347,0.5
4170,grid_search_04178,/Users/romanbaravalle/Documents/2026/M1-M1_vip...,dend_20,0.0018,./grid_batch,grid_search_04178,0.820153,0.5
4171,grid_search_04179,/Users/romanbaravalle/Documents/2026/M1-M1_vip...,dend_21,0.0018,./grid_batch,grid_search_04179,0.777774,0.5
4172,grid_search_04180,/Users/romanbaravalle/Documents/2026/M1-M1_vip...,dend_22,0.0018,./grid_batch,grid_search_04180,0.77925,0.5
4173,grid_search_04181,/Users/romanbaravalle/Documents/2026/M1-M1_vip...,dend_23,0.0018,./grid_batch,grid_search_04181,0.818746,0.5
4174,grid_search_04182,/Users/romanbaravalle/Documents/2026/M1-M1_vip...,dend_24,0.0018,./grid_batch,grid_search_04182,0.77838,0.5
4175,grid_search_04183,/Users/romanbaravalle/Documents/2026/M1-M1_vip...,dend_25,0.0018,./grid_batch,grid_search_04183,0.758982,0.5
4176,grid_search_04184,/Users/romanbaravalle/Documents/2026/M1-M1_vip...,dend_26,0.0018,./grid_batch,grid_search_04184,0.836657,0.5
4177,grid_search_04185,/Users/romanbaravalle/Documents/2026/M1-M1_vip...,dend_27,0.0018,./grid_batch,grid_search_04185,0.772684,0.5
4178,grid_search_04186,/Users/romanbaravalle/Documents/2026/M1-M1_vip...,dend_28,0.0018,./grid_batch,grid_search_04186,0.799409,0.5
4179,grid_search_04187,/Users/romanbaravalle/Documents/2026/M1-M1_vip...,dend_29,0.0018,./grid_batch,grid_search_04187,0.875276,0.5
4180,grid_search_04188,/Users/romanbaravalle/Documents/2026/M1-M1_vip...,dend_3,0.0018,./grid_batch,grid_search_04188,0.897852,0.5
4181,grid_search_04189,/Users/romanbaravalle/Documents/2026/M1-M1_vip...,dend_30,0.0018,./grid_batch,grid_search_04189,0.821048,0.5
4182,grid_search_04190,/Users/romanbaravalle/Documents/2026/M1-M1_vip...,dend_31,0.0018,./grid_batch,grid_search_04190,0.781254,0.5
4183,grid_search_04191,/Users/romanbaravalle/Documents/2026/M1-M1_vip...,dend_32,0.0018,./grid_batch,grid_search_04191,0.86327,0.5
4184,grid_search_04192,/Users/romanbaravalle/Documents/2026/M1-M1_vip...,dend_33,0.0018,./grid_batch,grid_search_04192,0.823534,0.5
4185,grid_search_04193,/Users/romanbaravalle/Documents/2026/M1-M1_vip...,dend_34,0.0018,./grid_batch,grid_search_04193,0.808985,0.5
4186,grid_search_04194,/Users/romanbaravalle/Documents/2026/M1-M1_vip...,dend_35,0.0018,./grid_batch,grid_search_04194,0.803542,0.5
4187,grid_search_04195,/Users/romanbaravalle/Documents/2026/M1-M1_vip...,dend_36,0.0018,./grid_batch,grid_search_04195,0.743088,0.5
4188,grid_search_04196,/Users/romanbaravalle/Documents/2026/M1-M1_vip...,dend_37,0.0018,./grid_batch,grid_search_04196,0.731145,0.5
4189,grid_search_04197,/Users/romanbaravalle/Documents/2026/M1-M1_vip...,dend_38,0.0018,./grid_batch,grid_search_04197,0.803726,0.5
4190,grid_search_04198,/Users/romanbaravalle/Documents/2026/M1-M1_vip...,dend_39,0.0018,./grid_batch,grid_search_04198,0.783212,0.5
4191,grid_search_04199,/Users/romanbaravalle/Documents/2026/M1-M1_vip...,dend_4,0.0018,./grid_batch,grid_search_04199,0.882579,0.5
4192,grid_search_04200,/Users/romanbaravalle/Documents/2026/M1-M1_vip...,dend_40,0.0018,./grid_batch,grid_search_04200,0.768159,0.5
4193,grid_search_04201,/Users/romanbaravalle/Documents/2026/M1-M1_vip...,dend_41,0.0018,./grid_batch,grid_search_04201,0.704661,0.5
4194,grid_search_04202,/Users/romanbaravalle/Documents/2026/M1-M1_vip...,dend_42,0.0018,./grid_batch,grid_search_04202,0.758016,0.5
4195,grid_search_04203,/Users/romanbaravalle/Documents/2026/M1-M1_vip...,dend_43,0.0018,./grid_batch,grid_search_04203,0.705497,0.5
4196,grid_search_04204,/Users/romanbaravalle/Documents/2026/M1-M1_vip...,dend_44,0.0018,./grid_batch,grid_search_04204,0.720123,0.5
4197,grid_search_04205,/Users/romanbaravalle/Documents/2026/M1-M1_vip...,dend_45,0.0018,./grid_batch,grid_search_04205,0.72426,0.5
4198,grid_search_04206,/Users/romanbaravalle/Documents/2026/M1-M1_vip...,dend_46,0.0018,./grid_batch,grid_search_04206,0.789992,0.5
4199,grid_search_04207,/Users/romanbaravalle/Documents/2026/M1-M1_vip...,dend_47,0.0018,./grid_batch,grid_search_04207,0.737601,0.5
4200,grid_search_04208,/Users/romanbaravalle/Documents/2026/M1-M1_vip...,dend_48,0.0018,./grid_batch,grid_search_04208,0.773534,0.5
4201,grid_search_04209,/Users/romanbaravalle/Documents/2026/M1-M1_vip...,dend_49,0.0018,./grid_batch,grid_search_04209,0.716423,0.5
4202,grid_search_04210,/Users/romanbaravalle/Documents/2026/M1-M1_vip...,dend_5,0.0018,./grid_batch,grid_search_04210,0.55113,0.5
4203,grid_search_04211,/Users/romanbaravalle/Documents/2026/M1-M1_vip...,dend_50,0.0018,./grid_batch,grid_search_04211,0.72395,0.5
4204,grid_search_04212,/Users/romanbaravalle/Documents/2026/M1-M1_vip...,dend_51,0.0018,./grid_batch,grid_search_04212,0.807529,0.5
4205,grid_search_04213,/Users/romanbaravalle/Documents/2026/M1-M1_vip...,dend_52,0.0018,./grid_batch,grid_search_04213,0.797951,0.5
4206,grid_search_04214,/Users/romanbaravalle/Documents/2026/M1-M1_vip...,dend_53,0.0018,./grid_batch,grid_search_04214,0.740345,0.5
4207,grid_search_04215,/Users/romanbaravalle/Documents/2026/M1-M1_vip...,dend_54,0.0018,./grid_batch,grid_search_04215,0.737574,0.5
4208,grid_search_04216,/Users/romanbaravalle/Documents/2026/M1-M1_vip...,dend_55,0.0018,./grid_batch,grid_search_04216,0.745113,0.5
4209,grid_search_04217,/Users/romanbaravalle/Documents/2026/M1-M1_vip...,dend_56,0.0018,./grid_batch,grid_search_04217,0.778162,0.5
4210,grid_search_04218,/Users/romanbaravalle/Documents/2026/M1-M1_vip...,dend_57,0.0018,./grid_batch,grid_search_04218,0.899251,0.5
4211,grid_search_04219,/Users/romanbaravalle/Documents/2026/M1-M1_vip...,dend_58,0.0018,./grid_batch,grid_search_04219,0.855824,0.5
4212,grid_search_04220,/Users/romanbaravalle/Documents/2026/M1-M1_vip...,dend_59,0.0018,./grid_batch,grid_search_04220,0.825973,0.5
4213,grid_search_04221,/Users/romanbaravalle/Documents/2026/M1-M1_vip...,dend_6,0.0018,./grid_batch,grid_search_04221,0.321932,0.5
4214,grid_search_04222,/Users/romanbaravalle/Documents/2026/M1-M1_vip...,dend_60,0.0018,./grid_batch,grid_search_04222,0.88584,0.5
4215,grid_search_04223,/Users/romanbaravalle/Documents/2026/M1-M1_vip...,dend_61,0.0018,./grid_batch,grid_search_04223,0.842933,0.5
4216,grid_search_04224,/Users/romanbaravalle/Documents/2026/M1-M1_vip...,dend_62,0.0018,./grid_batch,grid_search_04224,0.842298,0.5
4217,grid_search_04225,/Users/romanbaravalle/Documents/2026/M1-M1_vip...,dend_63,0.0018,./grid_batch,grid_search_04225,0.889496,0.5
4218,grid_search_04226,/Users/romanbaravalle/Documents/2026/M1-M1_vip...,dend_64,0.0018,./grid_batch,grid_search_04226,0.87043,0.5
4219,grid_search_04227,/Users/romanbaravalle/Documents/2026/M1-M1_vip...,dend_65,0.0018,./grid_batch,grid_search_04227,0.833121,0.5
4220,grid_search_04228,/Users/romanbaravalle/Documents/2026/M1-M1_vip...,dend_66,0.0018,./grid_batch,grid_search_04228,0.836228,0.5
4221,grid_search_04229,/Users/romanbaravalle/Documents/2026/M1-M1_vip...,dend_67,0.0018,./grid_batch,grid_search_04229,0.830028,0.5
4222,grid_search_04230,/Users/romanbaravalle/Documents/2026/M1-M1_vip...,dend_68,0.0018,./grid_batch,grid_search_04230,0.888095,0.5
4223,grid_search_04231,/Users/romanbaravalle/Documents/2026/M1-M1_vip...,dend_69,0.0018,./grid_batch,grid_search_04231,0.859253,0.5
4224,grid_search_04232,/Users/romanbaravalle/Documents/2026/M1-M1_vip...,dend_7,0.0018,./grid_batch,grid_search_04232,0.886265,0.5
4225,grid_search_04233,/Users/romanbaravalle/Documents/2026/M1-M1_vip...,dend_70,0.0018,./grid_batch,grid_search_04233,0.800233,0.5
4226,grid_search_04234,/Users/romanbaravalle/Documents/2026/M1-M1_vip...,dend_71,0.0018,./grid_batch,grid_search_04234,1.757745,0.5
4227,grid_search_04235,/Users/romanbaravalle/Documents/2026/M1-M1_vip...,dend_72,0.0018,./grid_batch,grid_search_04235,0.77628,0.5
4228,grid_search_04236,/Users/romanbaravalle/Documents/2026/M1-M1_vip...,dend_73,0.0018,./grid_batch,grid_search_04236,0.894808,0.5
4229,grid_search_04237,/Users/romanbaravalle/Documents/2026/M1-M1_vip...,dend_74,0.0018,./grid_batch,grid_search_04237,0.875852,0.5
4230,grid_search_04238,/Users/romanbaravalle/Documents/2026/M1-M1_vip...,dend_75,0.0018,./grid_batch,grid_search_04238,0.85554,0.5
4231,grid_search_04239,/Users/romanbaravalle/Documents/2026/M1-M1_vip...,dend_76,0.0018,./grid_batch,grid_search_04239,0.797177,0.5
4232,grid_search_04240,/Users/romanbaravalle/Documents/2026/M1-M1_vip...,dend_77,0.0018,./grid_batch,grid_search_04240,0.839832,0.5
4233,grid_search_04241,/Users/romanbaravalle/Documents/2026/M1-M1_vip...,dend_78,0.0018,./grid_batch,grid_search_04241,0.793646,0.5
4234,grid_search_04242,/Users/romanbaravalle/Documents/2026/M1-M1_vip...,dend_79,0.0018,./grid_batch,grid_search_04242,0.832854,0.5
4235,grid_search_04243,/Users/romanbaravalle/Documents/2026/M1-M1_vip...,dend_8,0.0018,./grid_batch,grid_search_04243,0.823207,0.5
4236,grid_search_04244,/Users/romanbaravalle/Documents/2026/M1-M1_vip...,dend_80,0.0018,./grid_batch,grid_search_04244,0.863471,0.5
4237,grid_search_04245,/Users/romanbaravalle/Documents/2026/M1-M1_vip...,dend_81,0.0018,./grid_batch,grid_search_04245,0.793016,0.5
4238,grid_search_04246,/Users/romanbaravalle/Documents/2026/M1-M1_vip...,dend_82,0.0018,./grid_batch,grid_search_04246,0.835866,0.5
4239,grid_search_04247,/Users/romanbaravalle/Documents/2026/M1-M1_vip...,dend_83,0.0018,./grid_batch,grid_search_04247,0.811431,0.5
4240,grid_search_04248,/Users/romanbaravalle/Documents/2026/M1-M1_vip...,dend_84,0.0018,./grid_batch,grid_search_04248,0.783207,0.5
4241,grid_search_04249,/Users/romanbaravalle/Documents/2026/M1-M1_vip...,dend_85,0.0018,./grid_batch,grid_search_04249,0.744856,0.5
4242,grid_search_04250,/Users/romanbaravalle/Documents/2026/M1-M1_vip...,dend_86,0.0018,./grid_batch,grid_search_04250,0.742588,0.5
4243,grid_search_04251,/Users/romanbaravalle/Documents/2026/M1-M1_vip...,dend_87,0.0018,./grid_batch,grid_search_04251,0.886701,0.5
4244,grid_search_04252,/Users/romanbaravalle/Documents/2026/M1-M1_vip...,dend_88,0.0018,./grid_batch,grid_search_04252,0.854974,0.5
4245,grid_search_04253,/Users/romanbaravalle/Documents/2026/M1-M1_vip...,dend_89,0.0018,./grid_batch,grid_search_04253,0.721012,0.5
4246,grid_search_04254,/Users/romanbaravalle/Documents/2026/M1-M1_vip...,dend_9,0.0018,./grid_batch,grid_search_04254,0.793857,0.5
4247,grid_search_04255,/Users/romanbaravalle/Documents/2026/M1-M1_vip...,dend_90,0.0018,./grid_batch,grid_search_04255,0.788442,0.5
4248,grid_search_04256,/Users/romanbaravalle/Documents/2026/M1-M1_vip...,dend_91,0.0018,./grid_batch,grid_search_04256,0.629914,0.5
4249,grid_search_04257,/Users/romanbaravalle/Documents/2026/M1-M1_vip...,dend_92,0.0018,./grid_batch,grid_search_04257,0.623135,0.5
4250,grid_search_04258,/Users/romanbaravalle/Documents/2026/M1-M1_vip...,dend_93,0.0018,./grid_batch,grid_search_04258,0.880942,0.5
4251,grid_search_04259,/Users/romanbaravalle/Documents/2026/M1-M1_vip...,dend_94,0.0018,./grid_batch,grid_search_04259,0.850482,0.5
4252,grid_search_04260,/Users/romanbaravalle/Documents/2026/M1-M1_vip...,dend_95,0.0018,./grid_batch,grid_search_04260,0.444868,0.5
4253,grid_search_04261,/Users/romanbaravalle/Documents/2026/M1-M1_vip...,dend_96,0.0018,./grid_batch,grid_search_04261,0.093216,0.5
4254,grid_search_04262,/Users/romanbaravalle/Documents/2026/M1-M1_vip...,dend_97,0.0018,./grid_batch,grid_search_04262,0.160856,0.5
4255,grid_search_04263,/Users/romanbaravalle/Documents/2026/M1-M1_vip...,dend_98,0.0018,./grid_batch,grid_search_04263,0.805093,0.5
4256,grid_search_04264,/Users/romanbaravalle/Documents/2026/M1-M1_vip...,dend_99,0.0018,./grid_batch,grid_search_04264,0.822874,0.5
4257,grid_search_04265,/Users/romanbaravalle/Documents/2026/M1-M1_vip...,soma,0.0018,./grid_batch,grid_search_04265,0.901148,0.5
4258,grid_search_04266,/Users/romanbaravalle/Documents/2026/M1-M1_vip...,apic_0,0.0019,./grid_batch,grid_search_04266,0.936884,0.5
4259,grid_search_04267,/Users/romanbaravalle/Documents/2026/M1-M1_vip...,apic_1,0.0019,./grid_batch,grid_search_04267,0.897963,0.5
4260,grid_search_04268,/Users/romanbaravalle/Documents/2026/M1-M1_vip...,apic_10,0.0019,./grid_batch,grid_search_04268,0.691711,0.5
4261,grid_search_04269,/Users/romanbaravalle/Documents/2026/M1-M1_vip...,apic_100,0.0019,./grid_batch,grid_search_04269,0.162311,0.5
4262,grid_search_04270,/Users/romanbaravalle/Documents/2026/M1-M1_vip...,apic_101,0.0019,./grid_batch,grid_search_04270,0.167929,0.5
4263,grid_search_04271,/Users/romanbaravalle/Documents/2026/M1-M1_vip...,apic_102,0.0019,./grid_batch,grid_search_04271,0.167929,0.5
4264,grid_search_04272,/Users/romanbaravalle/Documents/2026/M1-M1_vip...,apic_103,0.0019,./grid_batch,grid_search_04272,0.173123,0.5
4265,grid_search_04273,/Users/romanbaravalle/Documents/2026/M1-M1_vip...,apic_104,0.0019,./grid_batch,grid_search_04273,0.179421,0.5
4266,grid_search_04274,/Users/romanbaravalle/Documents/2026/M1-M1_vip...,apic_105,0.0019,./grid_batch,grid_search_04274,0.176547,0.5
4267,grid_search_04275,/Users/romanbaravalle/Documents/2026/M1-M1_vip...,apic_106,0.0019,./grid_batch,grid_search_04275,0.16746,0.5
4268,grid_search_04276,/Users/romanbaravalle/Documents/2026/M1-M1_vip...,apic_107,0.0019,./grid_batch,grid_search_04276,0.145245,0.5
4269,grid_search_04277,/Users/romanbaravalle/Documents/2026/M1-M1_vip...,apic_108,0.0019,./grid_batch,grid_search_04277,0.511674,0.5
4270,grid_search_04278,/Users/romanbaravalle/Documents/2026/M1-M1_vip...,apic_109,0.0019,./grid_batch,grid_search_04278,0.441742,0.5
4271,grid_search_04279,/Users/romanbaravalle/Documents/2026/M1-M1_vip...,apic_11,0.0019,./grid_batch,grid_search_04279,0.692265,0.5
4272,grid_search_04280,/Users/romanbaravalle/Documents/2026/M1-M1_vip...,apic_110,0.0019,./grid_batch,grid_search_04280,0.441742,0.5
4273,grid_search_04281,/Users/romanbaravalle/Documents/2026/M1-M1_vip...,apic_111,0.0019,./grid_batch,grid_search_04281,0.512627,0.5
4274,grid_search_04282,/Users/romanbaravalle/Documents/2026/M1-M1_vip...,apic_112,0.0019,./grid_batch,grid_search_04282,0.173754,0.5
4275,grid_search_04283,/Users/romanbaravalle/Documents/2026/M1-M1_vip...,apic_113,0.0019,./grid_batch,grid_search_04283,0.730137,0.5
4276,grid_search_04284,/Users/romanbaravalle/Documents/2026/M1-M1_vip...,apic_114,0.0019,./grid_batch,grid_search_04284,0.894237,0.5
4277,grid_search_04285,/Users/romanbaravalle/Documents/2026/M1-M1_vip...,apic_115,0.0019,./grid_batch,grid_search_04285,0.871409,0.5
4278,grid_search_04286,/Users/romanbaravalle/Documents/2026/M1-M1_vip...,apic_116,0.0019,./grid_batch,grid_search_04286,0.867053,0.5
4279,grid_search_04287,/Users/romanbaravalle/Documents/2026/M1-M1_vip...,apic_117,0.0019,./grid_batch,grid_search_04287,0.855147,0.5
4280,grid_search_04288,/Users/romanbaravalle/Documents/2026/M1-M1_vip...,apic_118,0.0019,./grid_batch,grid_search_04288,0.769408,0.5
4281,grid_search_04289,/Users/romanbaravalle/Documents/2026/M1-M1_vip...,apic_119,0.0019,./grid_batch,grid_search_04289,0.761169,0.5
4282,grid_search_04290,/Users/romanbaravalle/Documents/2026/M1-M1_vip...,apic_12,0.0019,./grid_batch,grid_search_04290,0.757152,0.5
4283,grid_search_04291,/Users/romanbaravalle/Documents/2026/M1-M1_vip...,apic_120,0.0019,./grid_batch,grid_search_04291,0.798684,0.5
4284,grid_search_04292,/Users/romanbaravalle/Documents/2026/M1-M1_vip...,apic_121,0.0019,./grid_batch,grid_search_04292,0.809284,0.5
4285,grid_search_04293,/Users/romanbaravalle/Documents/2026/M1-M1_vip...,apic_122,0.0019,./grid_batch,grid_search_04293,0.83924,0.5
4286,grid_search_04294,/Users/romanbaravalle/Documents/2026/M1-M1_vip...,apic_13,0.0019,./grid_batch,grid_search_04294,0.705899,0.5
4287,grid_search_04295,/Users/romanbaravalle/Documents/2026/M1-M1_vip...,apic_14,0.0019,./grid_batch,grid_search_04295,0.726466,0.5
4288,grid_search_04296,/Users/romanbaravalle/Documents/2026/M1-M1_vip...,apic_15,0.0019,./grid_batch,grid_search_04296,0.68534,0.5
4289,grid_search_04297,/Users/romanbaravalle/Documents/2026/M1-M1_vip...,apic_16,0.0019,./grid_batch,grid_search_04297,0.706872,0.5
4290,grid_search_04298,/Users/romanbaravalle/Documents/2026/M1-M1_vip...,apic_17,0.0019,./grid_batch,grid_search_04298,0.790969,0.5
4291,grid_search_04299,/Users/romanbaravalle/Documents/2026/M1-M1_vip...,apic_18,0.0019,./grid_batch,grid_search_04299,0.73,0.5
4292,grid_search_04300,/Users/romanbaravalle/Documents/2026/M1-M1_vip...,apic_19,0.0019,./grid_batch,grid_search_04300,0.689809,0.5
4293,grid_search_04301,/Users/romanbaravalle/Documents/2026/M1-M1_vip...,apic_2,0.0019,./grid_batch,grid_search_04301,0.78725,0.5
4294,grid_search_04302,/Users/romanbaravalle/Documents/2026/M1-M1_vip...,apic_20,0.0019,./grid_batch,grid_search_04302,0.683661,0.5
4295,grid_search_04303,/Users/romanbaravalle/Documents/2026/M1-M1_vip...,apic_21,0.0019,./grid_batch,grid_search_04303,0.665772,0.5
4296,grid_search_04304,/Users/romanbaravalle/Documents/2026/M1-M1_vip...,apic_22,0.0019,./grid_batch,grid_search_04304,0.59615,0.5
4297,grid_search_04305,/Users/romanbaravalle/Documents/2026/M1-M1_vip...,apic_23,0.0019,./grid_batch,grid_search_04305,0.601741,0.5
4298,grid_search_04306,/Users/romanbaravalle/Documents/2026/M1-M1_vip...,apic_24,0.0019,./grid_batch,grid_search_04306,0.676208,0.5
4299,grid_search_04307,/Users/romanbaravalle/Documents/2026/M1-M1_vip...,apic_25,0.0019,./grid_batch,grid_search_04307,0.63082,0.5
4300,grid_search_04308,/Users/romanbaravalle/Documents/2026/M1-M1_vip...,apic_26,0.0019,./grid_batch,grid_search_04308,0.623722,0.5
4301,grid_search_04309,/Users/romanbaravalle/Documents/2026/M1-M1_vip...,apic_27,0.0019,./grid_batch,grid_search_04309,0.674738,0.5
4302,grid_search_04310,/Users/romanbaravalle/Documents/2026/M1-M1_vip...,apic_28,0.0019,./grid_batch,grid_search_04310,0.629848,0.5
4303,grid_search_04311,/Users/romanbaravalle/Documents/2026/M1-M1_vip...,apic_29,0.0019,./grid_batch,grid_search_04311,0.63026,0.5
4304,grid_search_04312,/Users/romanbaravalle/Documents/2026/M1-M1_vip...,apic_3,0.0019,./grid_batch,grid_search_04312,0.859822,0.5
4305,grid_search_04313,/Users/romanbaravalle/Documents/2026/M1-M1_vip...,apic_30,0.0019,./grid_batch,grid_search_04313,0.673639,0.5
4306,grid_search_04314,/Users/romanbaravalle/Documents/2026/M1-M1_vip...,apic_31,0.0019,./grid_batch,grid_search_04314,0.640575,0.5
4307,grid_search_04315,/Users/romanbaravalle/Documents/2026/M1-M1_vip...,apic_32,0.0019,./grid_batch,grid_search_04315,0.599574,0.5
4308,grid_search_04316,/Users/romanbaravalle/Documents/2026/M1-M1_vip...,apic_33,0.0019,./grid_batch,grid_search_04316,0.588812,0.5
4309,grid_search_04317,/Users/romanbaravalle/Documents/2026/M1-M1_vip...,apic_34,0.0019,./grid_batch,grid_search_04317,0.628202,0.5
4310,grid_search_04318,/Users/romanbaravalle/Documents/2026/M1-M1_vip...,apic_35,0.0019,./grid_batch,grid_search_04318,0.564769,0.5
4311,grid_search_04319,/Users/romanbaravalle/Documents/2026/M1-M1_vip...,apic_36,0.0019,./grid_batch,grid_search_04319,0.589053,0.5
4312,grid_search_04320,/Users/romanbaravalle/Documents/2026/M1-M1_vip...,apic_37,0.0019,./grid_batch,grid_search_04320,0.52048,0.5
4313,grid_search_04321,/Users/romanbaravalle/Documents/2026/M1-M1_vip...,apic_38,0.0019,./grid_batch,grid_search_04321,0.564441,0.5
4314,grid_search_04322,/Users/romanbaravalle/Documents/2026/M1-M1_vip...,apic_39,0.0019,./grid_batch,grid_search_04322,0.509735,0.5
4315,grid_search_04323,/Users/romanbaravalle/Documents/2026/M1-M1_vip...,apic_4,0.0019,./grid_batch,grid_search_04323,0.73701,0.5
4316,grid_search_04324,/Users/romanbaravalle/Documents/2026/M1-M1_vip...,apic_40,0.0019,./grid_batch,grid_search_04324,0.555369,0.5
4317,grid_search_04325,/Users/romanbaravalle/Documents/2026/M1-M1_vip...,apic_41,0.0019,./grid_batch,grid_search_04325,0.545616,0.5
4318,grid_search_04326,/Users/romanbaravalle/Documents/2026/M1-M1_vip...,apic_42,0.0019,./grid_batch,grid_search_04326,0.533398,0.5
4319,grid_search_04327,/Users/romanbaravalle/Documents/2026/M1-M1_vip...,apic_43,0.0019,./grid_batch,grid_search_04327,0.467479,0.5
4320,grid_search_04328,/Users/romanbaravalle/Documents/2026/M1-M1_vip...,apic_44,0.0019,./grid_batch,grid_search_04328,0.422834,0.5
4321,grid_search_04329,/Users/romanbaravalle/Documents/2026/M1-M1_vip...,apic_45,0.0019,./grid_batch,grid_search_04329,0.422834,0.5
4322,grid_search_04330,/Users/romanbaravalle/Documents/2026/M1-M1_vip...,apic_46,0.0019,./grid_batch,grid_search_04330,0.445556,0.5
4323,grid_search_04331,/Users/romanbaravalle/Documents/2026/M1-M1_vip...,apic_47,0.0019,./grid_batch,grid_search_04331,0.486622,0.5
4324,grid_search_04332,/Users/romanbaravalle/Documents/2026/M1-M1_vip...,apic_48,0.0019,./grid_batch,grid_search_04332,0.410607,0.5
4325,grid_search_04333,/Users/romanbaravalle/Documents/2026/M1-M1_vip...,apic_49,0.0019,./grid_batch,grid_search_04333,0.518477,0.5
4326,grid_search_04334,/Users/romanbaravalle/Documents/2026/M1-M1_vip...,apic_5,0.0019,./grid_batch,grid_search_04334,0.827913,0.5
4327,grid_search_04335,/Users/romanbaravalle/Documents/2026/M1-M1_vip...,apic_50,0.0019,./grid_batch,grid_search_04335,0.518477,0.5
4328,grid_search_04336,/Users/romanbaravalle/Documents/2026/M1-M1_vip...,apic_51,0.0019,./grid_batch,grid_search_04336,0.470492,0.5
4329,grid_search_04337,/Users/romanbaravalle/Documents/2026/M1-M1_vip...,apic_52,0.0019,./grid_batch,grid_search_04337,0.542086,0.5
4330,grid_search_04338,/Users/romanbaravalle/Documents/2026/M1-M1_vip...,apic_53,0.0019,./grid_batch,grid_search_04338,0.506568,0.5
4331,grid_search_04339,/Users/romanbaravalle/Documents/2026/M1-M1_vip...,apic_54,0.0019,./grid_batch,grid_search_04339,0.516865,0.5
4332,grid_search_04340,/Users/romanbaravalle/Documents/2026/M1-M1_vip...,apic_55,0.0019,./grid_batch,grid_search_04340,0.48767,0.5
4333,grid_search_04341,/Users/romanbaravalle/Documents/2026/M1-M1_vip...,apic_56,0.0019,./grid_batch,grid_search_04341,0.467417,0.5
4334,grid_search_04342,/Users/romanbaravalle/Documents/2026/M1-M1_vip...,apic_57,0.0019,./grid_batch,grid_search_04342,0.416004,0.5
4335,grid_search_04343,/Users/romanbaravalle/Documents/2026/M1-M1_vip...,apic_58,0.0019,./grid_batch,grid_search_04343,0.419056,0.5
4336,grid_search_04344,/Users/romanbaravalle/Documents/2026/M1-M1_vip...,apic_59,0.0019,./grid_batch,grid_search_04344,0.465289,0.5
4337,grid_search_04345,/Users/romanbaravalle/Documents/2026/M1-M1_vip...,apic_6,0.0019,./grid_batch,grid_search_04345,0.80388,0.5
4338,grid_search_04346,/Users/romanbaravalle/Documents/2026/M1-M1_vip...,apic_60,0.0019,./grid_batch,grid_search_04346,0.430546,0.5
4339,grid_search_04347,/Users/romanbaravalle/Documents/2026/M1-M1_vip...,apic_61,0.0019,./grid_batch,grid_search_04347,0.44299,0.5
4340,grid_search_04348,/Users/romanbaravalle/Documents/2026/M1-M1_vip...,apic_62,0.0019,./grid_batch,grid_search_04348,0.423112,0.5
4341,grid_search_04349,/Users/romanbaravalle/Documents/2026/M1-M1_vip...,apic_63,0.0019,./grid_batch,grid_search_04349,0.423112,0.5
4342,grid_search_04350,/Users/romanbaravalle/Documents/2026/M1-M1_vip...,apic_64,0.0019,./grid_batch,grid_search_04350,0.486851,0.5
4343,grid_search_04351,/Users/romanbaravalle/Documents/2026/M1-M1_vip...,apic_65,0.0019,./grid_batch,grid_search_04351,0.435511,0.5
4344,grid_search_04361,/Users/romanbaravalle/Documents/2026/M1-M1_vip...,apic_74,0.0019,./grid_batch,grid_search_04361,0.160487,0.5
4345,grid_search_04362,/Users/romanbaravalle/Documents/2026/M1-M1_vip...,apic_75,0.0019,./grid_batch,grid_search_04362,0.164262,0.5
4346,grid_search_04363,/Users/romanbaravalle/Documents/2026/M1-M1_vip...,apic_76,0.0019,./grid_batch,grid_search_04363,0.167999,0.5
4347,grid_search_04364,/Users/romanbaravalle/Documents/2026/M1-M1_vip...,apic_77,0.0019,./grid_batch,grid_search_04364,0.215872,0.5
4348,grid_search_04365,/Users/romanbaravalle/Documents/2026/M1-M1_vip...,apic_78,0.0019,./grid_batch,grid_search_04365,0.173994,0.5
4349,grid_search_04366,/Users/romanbaravalle/Documents/2026/M1-M1_vip...,apic_79,0.0019,./grid_batch,grid_search_04366,0.140641,0.5
4350,grid_search_04367,/Users/romanbaravalle/Documents/2026/M1-M1_vip...,apic_8,0.0019,./grid_batch,grid_search_04367,0.74565,0.5
4351,grid_search_04368,/Users/romanbaravalle/Documents/2026/M1-M1_vip...,apic_80,0.0019,./grid_batch,grid_search_04368,0.140772,0.5
4352,grid_search_04369,/Users/romanbaravalle/Documents/2026/M1-M1_vip...,apic_81,0.0019,./grid_batch,grid_search_04369,0.129798,0.5
4353,grid_search_04370,/Users/romanbaravalle/Documents/2026/M1-M1_vip...,apic_82,0.0019,./grid_batch,grid_search_04370,0.130377,0.5
4354,grid_search_04371,/Users/romanbaravalle/Documents/2026/M1-M1_vip...,apic_83,0.0019,./grid_batch,grid_search_04371,0.184049,0.5
4355,grid_search_04372,/Users/romanbaravalle/Documents/2026/M1-M1_vip...,apic_84,0.0019,./grid_batch,grid_search_04372,0.147879,0.5
4356,grid_search_04373,/Users/romanbaravalle/Documents/2026/M1-M1_vip...,apic_85,0.0019,./grid_batch,grid_search_04373,0.137518,0.5
4357,grid_search_04374,/Users/romanbaravalle/Documents/2026/M1-M1_vip...,apic_86,0.0019,./grid_batch,grid_search_04374,0.120259,0.5
4358,grid_search_04375,/Users/romanbaravalle/Documents/2026/M1-M1_vip...,apic_87,0.0019,./grid_batch,grid_search_04375,0.109661,0.5
4359,grid_search_04376,/Users/romanbaravalle/Documents/2026/M1-M1_vip...,apic_88,0.0019,./grid_batch,grid_search_04376,0.103081,0.5
4360,grid_search_04377,/Users/romanbaravalle/Documents/2026/M1-M1_vip...,apic_89,0.0019,./grid_batch,grid_search_04377,0.102589,0.5
4361,grid_search_04378,/Users/romanbaravalle/Documents/2026/M1-M1_vip...,apic_9,0.0019,./grid_batch,grid_search_04378,0.676155,0.5
4362,grid_search_04379,/Users/romanbaravalle/Documents/2026/M1-M1_vip...,apic_90,0.0019,./grid_batch,grid_search_04379,0.102379,0.5
4363,grid_search_04380,/Users/romanbaravalle/Documents/2026/M1-M1_vip...,apic_91,0.0019,./grid_batch,grid_search_04380,0.103068,0.5
4364,grid_search_04381,/Users/romanbaravalle/Documents/2026/M1-M1_vip...,apic_92,0.0019,./grid_batch,grid_search_04381,0.114855,0.5
4365,grid_search_04382,/Users/romanbaravalle/Documents/2026/M1-M1_vip...,apic_93,0.0019,./grid_batch,grid_search_04382,0.101667,0.5
4366,grid_search_04383,/Users/romanbaravalle/Documents/2026/M1-M1_vip...,apic_94,0.0019,./grid_batch,grid_search_04383,0.101348,0.5
4367,grid_search_04384,/Users/romanbaravalle/Documents/2026/M1-M1_vip...,apic_95,0.0019,./grid_batch,grid_search_04384,0.128894,0.5
4368,grid_search_04385,/Users/romanbaravalle/Documents/2026/M1-M1_vip...,apic_96,0.0019,./grid_batch,grid_search_04385,0.122035,0.5
4369,grid_search_04386,/Users/romanbaravalle/Documents/2026/M1-M1_vip...,apic_97,0.0019,./grid_batch,grid_search_04386,0.122117,0.5
4370,grid_search_04387,/Users/romanbaravalle/Documents/2026/M1-M1_vip...,apic_98,0.0019,./grid_batch,grid_search_04387,0.207679,0.5
4371,grid_search_04388,/Users/romanbaravalle/Documents/2026/M1-M1_vip...,apic_99,0.0019,./grid_batch,grid_search_04388,0.177171,0.5
4372,grid_search_04389,/Users/romanbaravalle/Documents/2026/M1-M1_vip...,dend_0,0.0019,./grid_batch,grid_search_04389,0.910617,0.5
4373,grid_search_04390,/Users/romanbaravalle/Documents/2026/M1-M1_vip...,dend_1,0.0019,./grid_batch,grid_search_04390,0.85696,0.5
4374,grid_search_04391,/Users/romanbaravalle/Documents/2026/M1-M1_vip...,dend_10,0.0019,./grid_batch,grid_search_04391,0.942309,0.5
4375,grid_search_04392,/Users/romanbaravalle/Documents/2026/M1-M1_vip...,dend_100,0.0019,./grid_batch,grid_search_04392,0.909649,0.5
4376,grid_search_04393,/Users/romanbaravalle/Documents/2026/M1-M1_vip...,dend_101,0.0019,./grid_batch,grid_search_04393,0.8671,0.5
4377,grid_search_04394,/Users/romanbaravalle/Documents/2026/M1-M1_vip...,dend_102,0.0019,./grid_batch,grid_search_04394,0.802058,0.5
4378,grid_search_04395,/Users/romanbaravalle/Documents/2026/M1-M1_vip...,dend_103,0.0019,./grid_batch,grid_search_04395,0.845755,0.5
4379,grid_search_04396,/Users/romanbaravalle/Documents/2026/M1-M1_vip...,dend_104,0.0019,./grid_batch,grid_search_04396,0.898646,0.5
4380,grid_search_04397,/Users/romanbaravalle/Documents/2026/M1-M1_vip...,dend_105,0.0019,./grid_batch,grid_search_04397,0.750473,0.5
4381,grid_search_04398,/Users/romanbaravalle/Documents/2026/M1-M1_vip...,dend_106,0.0019,./grid_batch,grid_search_04398,0.739433,0.5
4382,grid_search_04399,/Users/romanbaravalle/Documents/2026/M1-M1_vip...,dend_107,0.0019,./grid_batch,grid_search_04399,0.712389,0.5
4383,grid_search_04400,/Users/romanbaravalle/Documents/2026/M1-M1_vip...,dend_108,0.0019,./grid_batch,grid_search_04400,0.893085,0.5
4384,grid_search_04401,/Users/romanbaravalle/Documents/2026/M1-M1_vip...,dend_109,0.0019,./grid_batch,grid_search_04401,0.717144,0.5
4385,grid_search_04402,/Users/romanbaravalle/Documents/2026/M1-M1_vip...,dend_11,0.0019,./grid_batch,grid_search_04402,0.864753,0.5
4386,grid_search_04403,/Users/romanbaravalle/Documents/2026/M1-M1_vip...,dend_110,0.0019,./grid_batch,grid_search_04403,0.860457,0.5
4387,grid_search_04404,/Users/romanbaravalle/Documents/2026/M1-M1_vip...,dend_111,0.0019,./grid_batch,grid_search_04404,0.791662,0.5
4388,grid_search_04405,/Users/romanbaravalle/Documents/2026/M1-M1_vip...,dend_112,0.0019,./grid_batch,grid_search_04405,0.783457,0.5
4389,grid_search_04406,/Users/romanbaravalle/Documents/2026/M1-M1_vip...,dend_12,0.0019,./grid_batch,grid_search_04406,0.931565,0.5
4390,grid_search_04407,/Users/romanbaravalle/Documents/2026/M1-M1_vip...,dend_13,0.0019,./grid_batch,grid_search_04407,0.920972,0.5
4391,grid_search_04408,/Users/romanbaravalle/Documents/2026/M1-M1_vip...,dend_14,0.0019,./grid_batch,grid_search_04408,0.818424,0.5
4392,grid_search_04409,/Users/romanbaravalle/Documents/2026/M1-M1_vip...,dend_15,0.0019,./grid_batch,grid_search_04409,0.871952,0.5
4393,grid_search_04410,/Users/romanbaravalle/Documents/2026/M1-M1_vip...,dend_16,0.0019,./grid_batch,grid_search_04410,0.858586,0.5
4394,grid_search_04411,/Users/romanbaravalle/Documents/2026/M1-M1_vip...,dend_17,0.0019,./grid_batch,grid_search_04411,0.943853,0.5
4395,grid_search_04412,/Users/romanbaravalle/Documents/2026/M1-M1_vip...,dend_18,0.0019,./grid_batch,grid_search_04412,0.911177,0.5
4396,grid_search_04413,/Users/romanbaravalle/Documents/2026/M1-M1_vip...,dend_19,0.0019,./grid_batch,grid_search_04413,0.883752,0.5
4397,grid_search_04414,/Users/romanbaravalle/Documents/2026/M1-M1_vip...,dend_2,0.0019,./grid_batch,grid_search_04414,0.848728,0.5
4398,grid_search_04415,/Users/romanbaravalle/Documents/2026/M1-M1_vip...,dend_20,0.0019,./grid_batch,grid_search_04415,0.863168,0.5
4399,grid_search_04416,/Users/romanbaravalle/Documents/2026/M1-M1_vip...,dend_21,0.0019,./grid_batch,grid_search_04416,0.816833,0.5
4400,grid_search_04417,/Users/romanbaravalle/Documents/2026/M1-M1_vip...,dend_22,0.0019,./grid_batch,grid_search_04417,0.818432,0.5
4401,grid_search_04418,/Users/romanbaravalle/Documents/2026/M1-M1_vip...,dend_23,0.0019,./grid_batch,grid_search_04418,0.86154,0.5
4402,grid_search_04419,/Users/romanbaravalle/Documents/2026/M1-M1_vip...,dend_24,0.0019,./grid_batch,grid_search_04419,0.817284,0.5
4403,grid_search_04420,/Users/romanbaravalle/Documents/2026/M1-M1_vip...,dend_25,0.0019,./grid_batch,grid_search_04420,0.796198,0.5
4404,grid_search_04421,/Users/romanbaravalle/Documents/2026/M1-M1_vip...,dend_26,0.0019,./grid_batch,grid_search_04421,0.880976,0.5
4405,grid_search_04422,/Users/romanbaravalle/Documents/2026/M1-M1_vip...,dend_27,0.0019,./grid_batch,grid_search_04422,0.810901,0.5
4406,grid_search_04423,/Users/romanbaravalle/Documents/2026/M1-M1_vip...,dend_28,0.0019,./grid_batch,grid_search_04423,0.84002,0.5
4407,grid_search_04424,/Users/romanbaravalle/Documents/2026/M1-M1_vip...,dend_29,0.0019,./grid_batch,grid_search_04424,0.922593,0.5
4408,grid_search_04425,/Users/romanbaravalle/Documents/2026/M1-M1_vip...,dend_3,0.0019,./grid_batch,grid_search_04425,0.947052,0.5
4409,grid_search_04426,/Users/romanbaravalle/Documents/2026/M1-M1_vip...,dend_30,0.0019,./grid_batch,grid_search_04426,0.862899,0.5
4410,grid_search_04427,/Users/romanbaravalle/Documents/2026/M1-M1_vip...,dend_31,0.0019,./grid_batch,grid_search_04427,0.819781,0.5
4411,grid_search_04428,/Users/romanbaravalle/Documents/2026/M1-M1_vip...,dend_32,0.0019,./grid_batch,grid_search_04428,0.910483,0.5
4412,grid_search_04429,/Users/romanbaravalle/Documents/2026/M1-M1_vip...,dend_33,0.0019,./grid_batch,grid_search_04429,0.868338,0.5
4413,grid_search_04430,/Users/romanbaravalle/Documents/2026/M1-M1_vip...,dend_34,0.0019,./grid_batch,grid_search_04430,0.85288,0.5
4414,grid_search_04431,/Users/romanbaravalle/Documents/2026/M1-M1_vip...,dend_35,0.0019,./grid_batch,grid_search_04431,0.847008,0.5
4415,grid_search_04432,/Users/romanbaravalle/Documents/2026/M1-M1_vip...,dend_36,0.0019,./grid_batch,grid_search_04432,0.780581,0.5
4416,grid_search_04433,/Users/romanbaravalle/Documents/2026/M1-M1_vip...,dend_37,0.0019,./grid_batch,grid_search_04433,0.767662,0.5
4417,grid_search_04434,/Users/romanbaravalle/Documents/2026/M1-M1_vip...,dend_38,0.0019,./grid_batch,grid_search_04434,0.847258,0.5
4418,grid_search_04435,/Users/romanbaravalle/Documents/2026/M1-M1_vip...,dend_39,0.0019,./grid_batch,grid_search_04435,0.824992,0.5
4419,grid_search_04436,/Users/romanbaravalle/Documents/2026/M1-M1_vip...,dend_4,0.0019,./grid_batch,grid_search_04436,0.930167,0.5
4420,grid_search_04437,/Users/romanbaravalle/Documents/2026/M1-M1_vip...,dend_40,0.0019,./grid_batch,grid_search_04437,0.808645,0.5
4421,grid_search_04438,/Users/romanbaravalle/Documents/2026/M1-M1_vip...,dend_41,0.0019,./grid_batch,grid_search_04438,0.739525,0.5
4422,grid_search_04439,/Users/romanbaravalle/Documents/2026/M1-M1_vip...,dend_42,0.0019,./grid_batch,grid_search_04439,0.79754,0.5
4423,grid_search_04440,/Users/romanbaravalle/Documents/2026/M1-M1_vip...,dend_43,0.0019,./grid_batch,grid_search_04440,0.740252,0.5
4424,grid_search_04441,/Users/romanbaravalle/Documents/2026/M1-M1_vip...,dend_44,0.0019,./grid_batch,grid_search_04441,0.756085,0.5
4425,grid_search_04442,/Users/romanbaravalle/Documents/2026/M1-M1_vip...,dend_45,0.0019,./grid_batch,grid_search_04442,0.760549,0.5
4426,grid_search_04443,/Users/romanbaravalle/Documents/2026/M1-M1_vip...,dend_46,0.0019,./grid_batch,grid_search_04443,0.832379,0.5
4427,grid_search_04444,/Users/romanbaravalle/Documents/2026/M1-M1_vip...,dend_47,0.0019,./grid_batch,grid_search_04444,0.775148,0.5
4428,grid_search_04445,/Users/romanbaravalle/Documents/2026/M1-M1_vip...,dend_48,0.0019,./grid_batch,grid_search_04445,0.814491,0.5
4429,grid_search_04446,/Users/romanbaravalle/Documents/2026/M1-M1_vip...,dend_49,0.0019,./grid_batch,grid_search_04446,0.752153,0.5
4430,grid_search_04447,/Users/romanbaravalle/Documents/2026/M1-M1_vip...,dend_5,0.0019,./grid_batch,grid_search_04447,0.557091,0.5
4431,grid_search_04448,/Users/romanbaravalle/Documents/2026/M1-M1_vip...,dend_50,0.0019,./grid_batch,grid_search_04448,0.760359,0.5
4432,grid_search_04449,/Users/romanbaravalle/Documents/2026/M1-M1_vip...,dend_51,0.0019,./grid_batch,grid_search_04449,0.851228,0.5
4433,grid_search_04450,/Users/romanbaravalle/Documents/2026/M1-M1_vip...,dend_52,0.0019,./grid_batch,grid_search_04450,0.840799,0.5
4434,grid_search_04451,/Users/romanbaravalle/Documents/2026/M1-M1_vip...,dend_53,0.0019,./grid_batch,grid_search_04451,0.777962,0.5
4435,grid_search_04452,/Users/romanbaravalle/Documents/2026/M1-M1_vip...,dend_54,0.0019,./grid_batch,grid_search_04452,0.774578,0.5
4436,grid_search_04453,/Users/romanbaravalle/Documents/2026/M1-M1_vip...,dend_55,0.0019,./grid_batch,grid_search_04453,0.783057,0.5
4437,grid_search_04454,/Users/romanbaravalle/Documents/2026/M1-M1_vip...,dend_56,0.0019,./grid_batch,grid_search_04454,0.818064,0.5
4438,grid_search_04455,/Users/romanbaravalle/Documents/2026/M1-M1_vip...,dend_57,0.0019,./grid_batch,grid_search_04455,0.948574,0.5
4439,grid_search_04456,/Users/romanbaravalle/Documents/2026/M1-M1_vip...,dend_58,0.0019,./grid_batch,grid_search_04456,0.900591,0.5
4440,grid_search_04457,/Users/romanbaravalle/Documents/2026/M1-M1_vip...,dend_59,0.0019,./grid_batch,grid_search_04457,0.867801,0.5
4441,grid_search_04458,/Users/romanbaravalle/Documents/2026/M1-M1_vip...,dend_6,0.0019,./grid_batch,grid_search_04458,0.322742,0.5
4442,grid_search_04459,/Users/romanbaravalle/Documents/2026/M1-M1_vip...,dend_60,0.0019,./grid_batch,grid_search_04459,0.933749,0.5
4443,grid_search_04460,/Users/romanbaravalle/Documents/2026/M1-M1_vip...,dend_61,0.0019,./grid_batch,grid_search_04460,0.886446,0.5
4444,grid_search_04461,/Users/romanbaravalle/Documents/2026/M1-M1_vip...,dend_62,0.0019,./grid_batch,grid_search_04461,0.885745,0.5
4445,grid_search_04462,/Users/romanbaravalle/Documents/2026/M1-M1_vip...,dend_63,0.0019,./grid_batch,grid_search_04462,0.937845,0.5
4446,grid_search_04463,/Users/romanbaravalle/Documents/2026/M1-M1_vip...,dend_64,0.0019,./grid_batch,grid_search_04463,0.91683,0.5
4447,grid_search_04464,/Users/romanbaravalle/Documents/2026/M1-M1_vip...,dend_65,0.0019,./grid_batch,grid_search_04464,0.875764,0.5
4448,grid_search_04465,/Users/romanbaravalle/Documents/2026/M1-M1_vip...,dend_66,0.0019,./grid_batch,grid_search_04465,0.879141,0.5
4449,grid_search_04466,/Users/romanbaravalle/Documents/2026/M1-M1_vip...,dend_67,0.0019,./grid_batch,grid_search_04466,0.872448,0.5
4450,grid_search_04467,/Users/romanbaravalle/Documents/2026/M1-M1_vip...,dend_68,0.0019,./grid_batch,grid_search_04467,0.936522,0.5
4451,grid_search_04468,/Users/romanbaravalle/Documents/2026/M1-M1_vip...,dend_69,0.0019,./grid_batch,grid_search_04468,0.905089,0.5
4452,grid_search_04469,/Users/romanbaravalle/Documents/2026/M1-M1_vip...,dend_7,0.0019,./grid_batch,grid_search_04469,0.934309,0.5
4453,grid_search_04470,/Users/romanbaravalle/Documents/2026/M1-M1_vip...,dend_70,0.0019,./grid_batch,grid_search_04470,0.840334,0.5
4454,grid_search_04471,/Users/romanbaravalle/Documents/2026/M1-M1_vip...,dend_71,0.0019,./grid_batch,grid_search_04471,1.749604,0.5
4455,grid_search_04472,/Users/romanbaravalle/Documents/2026/M1-M1_vip...,dend_72,0.0019,./grid_batch,grid_search_04472,0.814924,0.5
4456,grid_search_04473,/Users/romanbaravalle/Documents/2026/M1-M1_vip...,dend_73,0.0019,./grid_batch,grid_search_04473,0.943924,0.5
4457,grid_search_04474,/Users/romanbaravalle/Documents/2026/M1-M1_vip...,dend_74,0.0019,./grid_batch,grid_search_04474,0.923577,0.5
4458,grid_search_04475,/Users/romanbaravalle/Documents/2026/M1-M1_vip...,dend_75,0.0019,./grid_batch,grid_search_04475,0.901506,0.5
4459,grid_search_04476,/Users/romanbaravalle/Documents/2026/M1-M1_vip...,dend_76,0.0019,./grid_batch,grid_search_04476,0.837485,0.5
4460,grid_search_04477,/Users/romanbaravalle/Documents/2026/M1-M1_vip...,dend_77,0.0019,./grid_batch,grid_search_04477,0.884259,0.5
4461,grid_search_04478,/Users/romanbaravalle/Documents/2026/M1-M1_vip...,dend_78,0.0019,./grid_batch,grid_search_04478,0.833591,0.5
4462,grid_search_04479,/Users/romanbaravalle/Documents/2026/M1-M1_vip...,dend_79,0.0019,./grid_batch,grid_search_04479,0.876569,0.5
4463,grid_search_04480,/Users/romanbaravalle/Documents/2026/M1-M1_vip...,dend_8,0.0019,./grid_batch,grid_search_04480,0.864907,0.5
4464,grid_search_04481,/Users/romanbaravalle/Documents/2026/M1-M1_vip...,dend_80,0.0019,./grid_batch,grid_search_04481,0.910226,0.5
4465,grid_search_04482,/Users/romanbaravalle/Documents/2026/M1-M1_vip...,dend_81,0.0019,./grid_batch,grid_search_04482,0.833091,0.5
4466,grid_search_04483,/Users/romanbaravalle/Documents/2026/M1-M1_vip...,dend_82,0.0019,./grid_batch,grid_search_04483,0.880127,0.5
4467,grid_search_04484,/Users/romanbaravalle/Documents/2026/M1-M1_vip...,dend_83,0.0019,./grid_batch,grid_search_04484,0.853367,0.5
4468,grid_search_04485,/Users/romanbaravalle/Documents/2026/M1-M1_vip...,dend_84,0.0019,./grid_batch,grid_search_04485,0.822414,0.5
4469,grid_search_04486,/Users/romanbaravalle/Documents/2026/M1-M1_vip...,dend_85,0.0019,./grid_batch,grid_search_04486,0.78066,0.5
4470,grid_search_04487,/Users/romanbaravalle/Documents/2026/M1-M1_vip...,dend_86,0.0019,./grid_batch,grid_search_04487,0.778593,0.5
4471,grid_search_04488,/Users/romanbaravalle/Documents/2026/M1-M1_vip...,dend_87,0.0019,./grid_batch,grid_search_04488,0.935247,0.5
4472,grid_search_04489,/Users/romanbaravalle/Documents/2026/M1-M1_vip...,dend_88,0.0019,./grid_batch,grid_search_04489,0.900303,0.5
4473,grid_search_04490,/Users/romanbaravalle/Documents/2026/M1-M1_vip...,dend_89,0.0019,./grid_batch,grid_search_04490,0.754224,0.5
4474,grid_search_04491,/Users/romanbaravalle/Documents/2026/M1-M1_vip...,dend_9,0.0019,./grid_batch,grid_search_04491,0.833087,0.5
4475,grid_search_04492,/Users/romanbaravalle/Documents/2026/M1-M1_vip...,dend_90,0.0019,./grid_batch,grid_search_04492,0.827248,0.5
4476,grid_search_04493,/Users/romanbaravalle/Documents/2026/M1-M1_vip...,dend_91,0.0019,./grid_batch,grid_search_04493,0.657879,0.5
4477,grid_search_04494,/Users/romanbaravalle/Documents/2026/M1-M1_vip...,dend_92,0.0019,./grid_batch,grid_search_04494,0.650903,0.5
4478,grid_search_04495,/Users/romanbaravalle/Documents/2026/M1-M1_vip...,dend_93,0.0019,./grid_batch,grid_search_04495,0.929044,0.5
4479,grid_search_04496,/Users/romanbaravalle/Documents/2026/M1-M1_vip...,dend_94,0.0019,./grid_batch,grid_search_04496,0.895459,0.5
4480,grid_search_04497,/Users/romanbaravalle/Documents/2026/M1-M1_vip...,dend_95,0.0019,./grid_batch,grid_search_04497,0.447104,0.5
4481,grid_search_04498,/Users/romanbaravalle/Documents/2026/M1-M1_vip...,dend_96,0.0019,./grid_batch,grid_search_04498,0.093141,0.5
4482,grid_search_04499,/Users/romanbaravalle/Documents/2026/M1-M1_vip...,dend_97,0.0019,./grid_batch,grid_search_04499,0.161397,0.5
4483,grid_search_04500,/Users/romanbaravalle/Documents/2026/M1-M1_vip...,dend_98,0.0019,./grid_batch,grid_search_04500,0.845579,0.5
4484,grid_search_04501,/Users/romanbaravalle/Documents/2026/M1-M1_vip...,dend_99,0.0019,./grid_batch,grid_search_04501,0.865283,0.5
4485,grid_search_04502,/Users/romanbaravalle/Documents/2026/M1-M1_vip...,soma,0.0019,./grid_batch,grid_search_04502,0.950673,0.5
